id,short_title,long_title,act_number,act_year,enact_date,enforcement_date,jurisdiction,ministry,department,section_count,in_force,unit
aadhaar-targeted-delivery-financial-other-subsidies-benefits-services,"The Aadhaar (Targeted Delivery of Financial and Other Subsidies, Benefits and Services) Act, 2016.","An Act to provide for, as a good governance, efficient, transparent, and targeted delivery of subsidies, benefits and services, the expenditure for which is incurred from the Consolidated Fund of India, to individuals residing in India through assigning of unique identity numbers to such individuals and for matters connected therewith or incidental thereto.",18,2016,2016-03-25,2016-09-12,CENTRAL,Ministry of Electronics and Information Technology,,69,1,section
abu-area-laws-act-1975,"The Abu Area Laws Act, 1975",,25,1975,1975-06-11,,Rajasthan,,Revenue Department,5,1,section
academy-scientific-innovative-research-act-2011,"The Academy of Scientific and Innovative Research Act, 2011","An Act to establish an Academy for furtherance of the advancement of learning and prosecution of research in the field of science and technology in association with Council of Scientific and Industrial Research and to declare the institution known as the Academy of Scientific and Innovative Research, to be an institution of national importance to provide for its incorporation and matters connected therewith or incidental thereto.",13,2012,2012-02-06,2012-04-03,CENTRAL,Ministry of Science and Technology,Department of Secientific and Industrial Research,38,1,section
acquired-territories-merger-act-1960,"The Acquired Territories (Merger) Act, 1960","An Act to provide for the merger into the States of Assam, Punjab and West Bengal of certain territories acquired in pursuance of the agreements entered into between the Governments of India and Pakistan and for matters connected therewith.",64,1960,1960-12-28,1961-01-17,CENTRAL,Ministry of Home Affairs,Department of States,11,1,section
acquisition-certain-area-at-ayodhya-act-1993,"The Acquisition of Certain Area at Ayodhya Act, 1993",An Act to provide for the acquisition of certain area at Ayodhya and for matters connected therewith or incidental thereto.,33,1993,1993-04-03,1993-01-07,CENTRAL,Ministry of Home Affairs,Department of Home,13,1,section
actuaries-act-2006,"The Actuaries Act, 2006",An Act to provide for regulating and developing the profession of Actuaries and for matters connected therewith or incidental thereto.,35,2006,2006-08-27,2006-11-10,CENTRAL,Ministry of Finance,Department of Financial Services,59,1,section
administrative-tribunals-act-1985,"The Administrative Tribunals Act, 1985",An Act to provide for the adjudication or trial by Administrative Tribunals of disputes and complaints with respect to recruitment and conditions of service of persons appointed to public services and posts in connection with the affairs of the Union or of any State or of any local or other authority within the territory of India or under the control of the Government of India or of any corporation or society owned or controlled by the Government in pursuance of article 323A of the Constitution and for matters connected therewith or incidental thereto.,13,1985,1985-02-27,1985-07-01,CENTRAL,"Ministry of Personnel, Public Grievances and Pensions",Department of Personnel and Training,41,1,section
administrators-general-act-1963,"The Administrators-General Act, 1963",An Act to consolidate and amend the law relating to the office and duties of Administrators-General.,45,1963,1963-12-11,1964-03-01,CENTRAL,Ministry of Law and Justice,Legislative Department,64,1,section
admiralty-jurisdiction-settlement-maritime-claims-act-2017,"The Admiralty (Jurisdiction and Settlement of Maritime Claims) Act, 2017","An Act to consolidate the laws relating to admiralty jurisdiction, legal proceedings in connection with vessels, their arrest, detention, sale and other matters connected therewith or incidental thereto.",22,2017,2017-08-09,,CENTRAL,Ministry of Shipping,,18,1,section
advocates-act-1961,"The Advocates Act, 1961",An Act to amend and consolidate the law relating to the legal practitioners and to provide for the constitution of Bar Councils and an All-India Bar.,25,1961,1961-05-19,1961-08-16,CENTRAL,Ministry of Law and Justice,Department of Legal Affairs,85,1,section
advocates-welfare-fund-act-2001,"The Advocates' Welfare Fund Act, 2001",An Act to provide for the constitution of a welfare fund for the benefit of advocates and for matters connected therewith or incidental thereto.,45,2001,2001-09-14,2001-11-01,CENTRAL,Ministry of Law and Justice,Department of Legal Affairs,38,1,section
advocates-welfare-fund-act-2001-chandigarh,"The Advocates Welfare Fund Act, 2001",,45,2001,2001-09-14,,Chandigarh,,Home (judicial),3,1,section
african-development-bank-act-1983,"The African Development Bank Act, 1983",An Act to implement the international agreement for the establishment and operation of the African Development Bank and for matters concerned therewith.,13,1983,1983-05-26,1983-12-15,CENTRAL,Ministry of Finance,Department of Economic Affairs,7,1,section
african-development-fund-act-1982,"The African Development Fund Act, 1982",An Act to implement the African Development Fund Agreement and for matters connected therewith.,1,1982,1982-03-04,1986-08-25,CENTRAL,Ministry of Finance,Department of Economic Affairs,7,1,section
agricultural-processed-food-products-export-development-authority-act,"The Agricultural and Processed Food Products Export Development Authority Act, 1985",An Act to provide for the establishment of an Authority for the development and promotion of exports of certain agricultural and processed food products and for matters connected therewith.,2,1986,1986-01-08,1986-02-13,CENTRAL,Ministry of Commerce and Industry,Department of Commerce,38,1,section
agricultural-produce-grading-marking-act-1937,"The Agricultural Produce (Grading and Marking) Act, 1937",An Act to provide for the grading and marking of agricultural and other produce.,1,1937,1937-02-24,1937-02-24,CENTRAL,Ministry of Agriculture and Farmers Welfare,"Department of Agriculture, Cooperation and Farmers Welfare",11,1,section
agriculture-university-jodhpur-act-2013,"The Agriculture University Jodhpur, Act, 2013","THE AGRICULTURE UNIVERSITY JODHPUR, ACT No. 21/2013 of Government of Rajasthan",21,2013,2013-09-14,,Rajasthan,,Agriculture Department,58,1,section
agriculture-university-kota-act-2013,"The Agriculture University, Kota Act, 2013","THE AGRICULTURE UNIVERSITY, KOTA ACT No. 22/2013 of Government of Rajasthan",22,2013,2013-09-14,,Rajasthan,,Agriculture Department,58,1,section
agriculturists-loans-act-1884,"The Agriculturists' Loans Act, 1884","An Act to amend and provide for the extension of the Northern India Takkavi Act, 1879.",12,1884,1884-07-24,1884-08-01,CENTRAL,Ministry of Home Affairs,Department of States,6,1,section
air-force-act-1950,"The Air Force Act, 1950",An Act to consolidate and amend the law relating to the government of the Air Force.,45,1950,1950-05-18,1950-07-22,CENTRAL,Ministry of Defence,Department of Military Affairs,195,1,section
air-prevention-control-pollution-act-1981,"The Air (Prevention and Control of Pollution) Act, 1981","An Act to provide for the prevention, control and abatement of air pollution, for the establishment, with a view to carrying out the aforesaid purposes, of Boards, for conferring on and assigning to such Boards powers and functions relating thereto and for matters connected therewith.",14,1981,1981-03-29,1981-05-16,CENTRAL,"Ministry of Environment, Forest and Climate Change",,63,1,section
air-prevention-control-pollution-act-1981-chandigarh,"The Air (Prevention and Control of Pollution) Act, 1981",,14,1981,1981-03-29,,Chandigarh,,Environment,3,1,section
air-prevention-control-pollution-act-1981-chandigarh-1981,"The Air (Prevention and Control of Pollution) Act, 1981",,14,1981,1981-03-23,,Chandigarh,,Chandigarh Pollution Control Committee,1,1,section
airports-authority-india-act-1994,"The Airports Authority of India Act, 1994",An Act to provide for the constitution of the Airports Authority of India and for the transfer and vesting of the undertakings of the International Airports Authority of India and the National Airports Authority to and in the Airports Authority of India so constituted for the better administration and cohesive management of airports and civil enclaves whereat air transport services are operated or are intended to be operated and of all aeronautical communication stations for the purposes of establishing or assisting in the establishment of airports and for matters connected therewith or incidental thereto.,55,1994,1994-09-12,1995-04-01,CENTRAL,Ministry of Civil Aviation,,67,1,section
airports-economic-regulatory-authority-india-act-2008,"The Airports Economic Regulatory Authority of India Act, 2008",An Act to provide for the establishment of an Airports Economic Regulatory Authority to regulate tariff and other charges for the aeronautical services rendered at airports and to monitor performance standards of airports and also to establish Appellate Tribunal to adjudicate disputes and dispose of appeals and for matters connected therewith or incidental thereto.,27,2008,2008-12-05,2009-01-01,CENTRAL,Ministry of Civil Aviation,,55,1,section
aisect-university-act-2016,"The Aisect University Act, 2016",,12,2016,2016-05-13,,Jharkhand,,"Higher Technical Education and Skill Development Department, Government of Jharkhand",46,1,section
ajmer-development-authority-act-2013,"The Ajmer Development Authority Act, 2013",,39,2013,2013-08-08,,Rajasthan,,Urban Development and Housing Department,97,1,section
ajmer-shamlat-deh-regulation-repeal-act-1959,"The Ajmer Shamlat Deh (Regulation) Repeal Act, 1959",,22,1959,1959-05-16,,Rajasthan,,Revenue Department,2,1,section
ajmer-tenancy-land-records-act-1950,"The Ajmer Tenancy and Land Records Act, 1950","An Act to declare and amend the law relating to agricultural tenancies, record-of-rights and certain other matters in Ajmer.",42,1950,1950-05-10,1950-05-10,CENTRAL,Ministry of Law and Justice,Legislative Department,205,1,section
akrani-mahal-application-laws-regulation-1952,"The Akrani Mahal (Application of Laws) Regulation, 1952.",,1,1952,1952-08-12,,Maharashtra,Govt of Maharashtra,Law and Judiciary Department,2,1,section
aligarh-muslim-university-act-1920,"The Aligarh Muslim University Act, 1920",An Act to incorporate a teaching and residential Muslim University at Aligarh.,40,1920,1920-09-14,1920-12-01,CENTRAL,Ministry of Education,Department of Higher Education,47,1,section
all-india-council-technical-education-act-1987,"The All India Council for Technical Education Act, 1987","An Act to provide for the establishment of an All India Council for Technical Education with a view to the proper planning and co-ordinated development of the technical education system throughout the country, the promotion of qualitative improvement of such education in relation to planned quantitative growth and the regulation and proper maintenance of norms and standards in the technical education system and for matters connected therewith.",52,1987,1987-12-23,1988-03-28,CENTRAL,Ministry of Education,Department of Higher Education,25,1,section
all-india-institutes-medical-science-act-1956,"The All-India Institutes of Medical Science Act, 1956",An Act to provide for the establishment of All-India Institutes of Medical Sciences.,25,1956,1956-06-02,1956-11-15,CENTRAL,Ministry of Health and Family Welfare,Department of Health and Family Welfare,33,1,section
all-india-services-act-1951,"The All-India Services Act, 1951","An Act to regulate the recruitment, and the conditions of service of persons appointed, to the All-India Services common to the Union and the States.",61,1951,1951-10-29,1951-10-29,CENTRAL,"Ministry of Personnel, Public Grievances and Pensions",Department of Personnel and Training,5,1,section
allotment-houses-under-control-estate-department-act-2016,"The Allotment of Houses under Control of the Estate Department Act, 2016",,23,2016,2016-09-16,,Uttar Pradesh,,Estate,10,1,section
ambernath-interim-municipality-constitution-actions-validation-act-1965,"The Ambernath Interim Municipality (Constitution and Actions) Validation Act, 1965.",,49,1965,1965-12-14,,Maharashtra,Govt of Maharashtra,Urban Development Department,5,1,section
anand-marriage-act-1909,"The Anand Marriage Act, 1909",An Act to remove doubts as to the validity of the marriage ceremony common among the Sikhs called Anand.,7,1909,1909-10-22,1909-10-22,CENTRAL,Ministry of Law and Justice,Legislative Department,6,1,section
ancient-monuments-archaeological-sites-remains-act-1958,"The Ancient Monuments and Archaeological Sites and Remains Act, 1958","An Act to provide for the preservation of ancient and historical monuments and archaeological sites and remains of national importance, for the regulation of archaeological excavations and for the protection of sculptures, carvings and other like objects.",24,1958,1958-08-28,1959-10-15,CENTRAL,Ministry of Culture,,63,1,section
ancient-monuments-preservation-act-1904,"The Ancient Monuments Preservation Act, 1904","An Act to provide for the preservation of Ancient Monuments and of objects of archaeological, historical, or artistic interest.",7,1904,1904-03-18,1904-03-18,CENTRAL,Ministry of Culture,,28,1,section
ancient-monuments-preservation-act-1977-1920-d,"The Ancient Monuments Preservation Act, 1977 (1920 A.d. )","An Act to provide for preservation of Ancient Monuments and of objects of archaeological, historical or artistic interest.",5,1920,1920-09-11,1925-08-04,Jammu and Kashmir,,Culture,32,1,section
andaman-nicobar-islands-panchayats-regulation-1994,Andaman and Nicobar Islands Panchayats Regulation 1994,,1,1994,1994-04-23,,Andaman and Nicobar Islands,Andaman and Nicobar Administration,"Department of RD, PRIs and ULBs",41,1,section
andaman-nicobar-islands-prevention-defacement-property-regulation-1987,Andaman and Nicobar Islands Prevention of Defacement of Property Regulation 1987,,1,1987,1987-01-24,,Andaman and Nicobar Islands,Andaman and Nicobar Administration,Andaman and Nicobar Police,6,1,section
andhra-pradesh-legislative-council-act-2005,"The Andhra Pradesh Legislative Council Act, 2005","An Act to provide for the creation of Legislative Council for the State of Andhra Pradesh and for matters supplemental, incidental and consequential thereto.",1,2006,2006-01-11,2007-03-30,CENTRAL,Ministry of Law and Justice,Legislative Department,5,1,section
andhra-pradesh-madras-alteration-boundaries-act-1959,"The Andhra Pradesh and Madras (Alteration of Boundaries) Act, 1959",An Act to provide for the alteration of boundaries of the States of Andhra Pradesh and Madras and for matters connected therewith.,56,1959,1959-12-24,1960-04-01,CENTRAL,Ministry of Home Affairs,Department of States,54,1,section
andhra-pradesh-mysore-transfer-territory-act-1968,"The Andhra Pradesh and Mysore (Transfer of Territory) Act, 1968",An Act to provide for the transfer of certain territory from the State of Mysore to the State of Andhra Pradesh and for matters connected therewith.,36,1968,1968-08-22,1968-08-22,CENTRAL,Ministry of Home Affairs,Department of States,19,1,section
andhra-pradesh-reorganisation-act-2014,"The Andhra Pradesh Reorganisation Act, 2014",An Act to provide for the reorganisation of the existing State of Andhra Pradesh and for matters connected therewith.,6,2014,2014-03-01,2014-06-02,CENTRAL,Ministry of Home Affairs,Department of States,108,1,section
andhra-state-act-1953,"The Andhra State Act, 1953","An Act to provide for the formation of the State of Andhra, the increasing of the area of the State of Mysore and the diminishing of the area of the State of Madras, and for matters connected therewith.",30,1953,1953-09-14,1953-10-01,CENTRAL,Ministry of Home Affairs,Department of States,69,1,section
anti-apartheid-united-nations-convention-act-1981,"The Anti-Apartheid (United Nations Convention) Act, 1981",An Act to give effect to the International Convention on the Suppression and Punishment of the Crime of Apartheid.,48,1981,1981-12-18,1981-12-18,CENTRAL,Ministry of External Affairs,,7,1,section
anti-hijacking-act-2016,"The Anti-Hijacking Act, 2016.",An Act to give effect to the Convention for the Suppression of Unlawful Seizure of Aircraft and for matters connected therewith.,30,2016,2016-05-13,2017-07-05,CENTRAL,Ministry of Civil Aviation,,21,1,section
antiquities-art-treasures-act-1972,"The Antiquities and Art Treasures Act, 1972","An Act to regulate the export trade in antiquities and art treasures, to provide for the prevention of smuggling of, and fraudulent dealings in, antiquities, to provide for the compulsory acquisition of antiquities and art treasures for preservation in public places and to provide for certain other matters connected therewith or incidental or ancillary thereto.",52,1972,1972-09-09,1976-04-05,CENTRAL,Ministry of Culture,,33,1,section
anusandhan-national-research-foundation-act-2023,"The Anusandhan National Research Foundation Act, 2023","An Act to establish the Anusandhan National Research Foundation to provide high level strategic direction for research, innovation and entrepreneurship in the fields of natural sciences including mathematical sciences, engineering and technology, environmental and earth sciences, health and agriculture, and scientific and technological interfaces of humanities and social sciences, to promote, monitor and provide support as required for such research and for matters connected therewith or incidental thereto.",25,2023,2023-08-12,2024-02-05,CENTRAL,Ministry of Science and Technology,Department of Science and Technology,27,1,section
apprentices-act-1961,"The Apprentices Act, 1961",An Act to provide for the regulation and control of training of apprentices and for matters connected therewith.,52,1961,1961-12-12,1962-03-01,CENTRAL,Ministry of Skill Development and Entrepreneurship,,42,1,section
arbitration-act,"The Arbitration and Conciliation Act, 1996","An Act to consolidate and amend the law relating to domestic arbitration, international commercial arbitration and enforcement of foreign arbitral awards as also to define the law relating to conciliation and for matters connected therewith or incidental thereto.",26,1996,1996-08-16,1996-08-22,CENTRAL,Ministry of Law and Justice,Department of Legal Affairs,106,1,section
architects-act-1972,"The Architects Act, 1972",An Act to provide for the registration of architects and for matters connected therewith.,20,1972,1972-05-31,1973-04-02,CENTRAL,Ministry of Education,Department of Higher Education,45,1,section
arka-jain-university-act-2017,"The Arka Jain University Act, 2017",,14,2017,2017-07-04,,Jharkhand,,"Higher Technical Education and Skill Development Department, Government of Jharkhand",46,1,section
armed-forces-emergency-duties-act-1947,"The Armed Forces (Emergency Duties) Act, 1947",An Act to enable duties in connection with vital services to be imposed in an emergency on an Armed Forces.,15,1947,1947-03-20,1947-03-20,CENTRAL,Ministry of Defence,Department of Military Affairs,3,1,section
armed-forces-jammu-kashmir-special-powers-act-1990,"The Armed Forces (Jammu and Kashmir) Special Powers Act, 1990",An Act to enable certain special powers to be conferred upon members of the armed forces in the disturbed areas in the State of Jammu and Kashmir.,21,1990,1990-09-10,1990-07-05,CENTRAL,Ministry of Home Affairs,Department of Internal Security,8,1,section
armed-forces-punjab-chandigarh-special-powers-act-1983,"The Armed Forces (Punjab and Chandigarh) Special Powers Act, 1983",An Act to enable certain special powers to be conferred upon members of the armed forces in the disturbed areas in the State of Punjab and the Union territory of Chandigarh.,34,1983,1983-12-08,1983-10-15,CENTRAL,Ministry of Home Affairs,Department of States,8,1,section
armed-forces-special-powers-act-1958,"The Armed Forces (Special Powers) Act, 1958","An Act to enable certain special powers to be conferred upon members of the armed forces in disturbed areas in the States of Arunachal Pradesh, Assam, Manipur, Meghalaya, Mizoram, Nagaland and Tripura.",28,1958,1958-09-11,1958-09-11,CENTRAL,Ministry of Home Affairs,Department of Internal Security,7,1,section
armed-forces-tribunal-act-2007,"The Armed Forces Tribunal Act, 2007","An Act to provide for the adjudication or trial by Armed Forces Tribunal of disputes and complaints with respect to commission, appointments, enrolment and conditions of service in respect of persons subject to the Army Act, 1950, the Navy Act, 1957 and the Air Force Act 1950 and also to provide for appeals arising out of orders, findings or sentences of court martial held under the said Acts and for matters connected therewith or incidental thereto.",55,2007,2007-12-25,2008-06-15,CENTRAL,Ministry of Defence,Department of Defence,44,1,section
arms-act,"The Arms Act, 1959",An Act to consolidate and amend the law relating to arms and ammunition.,54,1959,1959-12-23,1962-10-01,CENTRAL,Ministry of Home Affairs,Department of Internal Security,48,1,section
arms-act-1959-chandigarh,"The Arms Act, 1959",,59,1959,1959-12-23,,Chandigarh,,Police Department,1,1,section
army-act-1950,"The Army Act, 1950",An Act to consolidate and amend the law relating to the Government of the regular Army.,46,1950,1950-05-20,1950-07-22,CENTRAL,Ministry of Defence,Department of Military Affairs,198,1,section
army-air-force-disposal-private-property-act-1950,"The Army and Air Force (Disposal of Private Property) Act, 1950","An Act to provide for the disposal of the private property of persons subject to the Army Act, 1950 or the Air Force Act, 1950 , who die or desert or are ascertained to be of unsound mind or while on active service are officially reported to be missing.",40,1950,1950-04-28,1950-07-22,CENTRAL,Ministry of Defence,Department of Military Affairs,17,1,section
arya-marriage-validation-act-1937,"The Arya Marriage Validation Act, 1937",An Act to recognise and remove doubts as to the validity of inter-marriages current among Arya Samajists.,19,1937,1937-04-14,1937-04-14,CENTRAL,Ministry of Law and Justice,Legislative Department,2,1,section
asian-development-bank-act-1966,"The Asian Development Bank Act, 1966",An Act to implement the international agreement for the establishment and operation of the Asian Development Bank and for matters connected therewith.,18,1966,1966-05-29,1966-12-19,CENTRAL,Ministry of Finance,Department of Economic Affairs,7,1,section
asiatic-society-act-1984,"The Asiatic Society Act, 1984",An Act to declare the institution known as the Asiatic Society having at present its registered office in Calcutta to be an institution of national importance and to provide for certain matters connected therewith.,5,1984,1984-03-23,1984-06-25,CENTRAL,Ministry of Culture,,15,1,section
assam-alteration-boundaries-act-1951,"The Assam (Alteration of Boundaries) Act, 1951",An Act to alter the boundaries of the State of Assam consequent on the cession of a strip of territory comprised in that State to the Government of Bhutan.,47,1951,1951-09-01,1951-09-01,CENTRAL,Ministry of Home Affairs,Department of States,3,1,section
assam-reorganisation-meghalaya-act-1969,"The Assam Reorganisation (Meghalaya) Act, 1969",An Act to provide for the formation within the State of Assam of an autonomous State to be known as Meghalaya and for matters connected therewith.,55,1969,1969-12-29,1970-01-12,CENTRAL,Ministry of Home Affairs,Department of States,77,1,section
assam-rifles-act-2006,"The Assam Rifles Act, 2006","An Act to consolidate and amend the law relating to the governance of the Assam Rifles, an Armed Force of the Union for ensuring the security of the borders of India, to carry out Counter Insurgency Operations in the specified areas and to act in aid of civil authorities for the maintenance of the law and order and for matters connected therewith.",47,2006,2006-11-03,2006-02-20,CENTRAL,Ministry of Home Affairs,Department of Internal Security,168,1,section
assam-university-act-1989,"The Assam University Act, 1989",An Act to establish and incorporate a teaching and affiliating University in the State of Assam and to provide for matters connected therewith or incidental thereto.,23,1989,1989-05-23,1994-01-15,CENTRAL,Ministry of Education,Department of Higher Education,45,1,section
assisted-reproductive-technology-regulation-act-2021,"The Assisted Reproductive Technology (Regulation) Act, 2021","An Act for the regulation and supervision of the assisted reproductive technology clinics and the assisted reproductive technology banks, prevention of misuse, safe and ethical practice of assisted reproductive technology services for addressing the issues of reproductive health where assisted reproductive technlogy is required for becoming a parent or for freezing gametes, embryos, embryonic tissues for further use due to infertility, disease or social or medical concerns and for regulation and supervision of research and development and for matters connected therewith or incidental thereto.",42,2021,2021-12-18,2022-01-25,CENTRAL,Ministry of Health and Family Welfare,Department of Health Research,46,1,section
atal-bihari-vajpayeemedical-university-uttar-pradesh-act-2018,The Atal Bihari VajpayeeMedical University Uttar Pradesh Act 2018,,42,2018,2018-12-22,,Uttar Pradesh,,Medical Education,56,1,section
atomic-energy-act-1962,"The Atomic Energy Act, 1962","An Act to provide for the development, control and use of atomic energy for the welfare of the people of India and for other peaceful purposes and for matters connected therewith.",33,1962,1962-09-15,1962-09-21,CENTRAL,Department of Atomic Energy,,33,1,section
auroville-foundation-act-1988,"The Auroville Foundation Act, 1988",An Act to provide for the acquisition and transfer of the undertakings of Auroville and to vest such undertakings in a foundation established for the purpose with a view to making long-term arrangements for the better management and further development of Auroville in accordance with its original charter and for matters connected therewith or incidental thereto.,54,1988,1988-09-29,1988-09-29,CENTRAL,Ministry of Education,Department of Higher Education,34,1,section
authoritative-texts-central-laws-act-1973,"The Authoritative Texts (Central Laws) Act, 1973",An Act to provide for authoritative texts of Central laws in certain languages.,50,1973,1973-12-05,1981-07-01,CENTRAL,Ministry of Law and Justice,Legislative Department,3,1,section
axis-university-uttar-pradesh-act-2011,"The Axis University Uttar Pradesh Act, 2011",,13,2011,2011-04-06,,Uttar Pradesh,,Higher Education,53,1,section
azamabad-industrial-area-termination-regulation-leases-act-1992,"The Azamabad Industrial Area (Termination and Regulation of Leases) Act, 1992.","An Act to provide for Termination and Regulation of Leases in respect of Plots in Azamabad Industrial Area, Hyderabad and to provide for matters connected therewith or incidental thereto.",15,1992,1992-05-27,,Telangana,,Industries and Commerce,23,1,section
baba-amte-divyang-university-jaipur-act-2023,"The Baba Amte Divyang University, Jaipur Act, 2023","of the Baba Amte Divyang Vishwavidhyalaya, Jaipur Adhiniyam, 2023 (2023 Ka Adhiniyam Sankhyank 9)",9,2023,2023-04-11,2023-04-12,Rajasthan,,Social Justice Empowerment Department,52,1,section
babasaheb-bhimrao-ambedkar-university-act-1994,"The Babasaheb Bhimrao Ambedkar University Act, 1994",An Act to establish and incorporate a teaching and residential University in the State of Uttar Pradesh and to provide for matters connected therewith or incidental thereto.,58,1994,1994-09-30,1996-01-10,CENTRAL,Ministry of Education,Department of Higher Education,43,1,section
banaras-hindu-university-act-1915,"The Banaras Hindu University Act, 1915",An Act to establish and incorporate a teaching and residential Hindu University at Banaras.,16,1915,1915-10-01,1916-04-01,CENTRAL,Ministry of Education,Department of Higher Education,33,1,section
bankers-books-evidence-act-1891,"The Bankers' Books Evidence Act, 1891",An Act to amend the Law of Evidence with respect to Bankers' Books.,18,1891,1891-10-01,1981-10-01,CENTRAL,Ministry of Finance,Department of Financial Services,9,1,section
banking-companies-acquisition-transfer-undertakings-act-1970,"The Banking Companies (Acquisition and Transfer of Undertakings) Act, 1970","An Act to provide for the acquisition and transfer of the undertakings of certain banking companies, having regard to their size, resources, coverage and organisation, in order to control the heights of the economy and to meet progressively, and serve better, the needs of development of the economy in conformity with national policy and objectives and for matters connected therewith or incidental thereto.",5,1970,1970-03-31,1969-07-19,CENTRAL,Ministry of Finance,Department of Financial Services,29,1,section
banking-companies-acquisition-transfer-undertakings-act-1980,"The Banking Companies (Acquisition and Transfer of Undertakings) Act, 1980","An Act to provide for the acquisition and transfer of the undertakings of certain banking companies, having regard to their size, resources, coverage and organisation, in order further to control the heights of the economy, to meet progressively, and serve better, the needs of the development of the economy and to promote the welfare of the people, in conformity with the policy of the State towards securing the principles laid down in clauses (b) and (c) of article 39 of the Constitution and for matters connected therewith or incidental thereto.",40,1980,1980-07-11,1980-04-15,CENTRAL,Ministry of Finance,Department of Financial Services,29,1,section
banking-regulation-act-1949,"The Banking Regulation Act, 1949",An Act to consolidate and amend the law relating to banking.,10,1949,1949-03-10,1949-03-16,CENTRAL,Ministry of Finance,Department of Financial Services,133,1,section
banning-unregulated-deposit-schemes-act-2019,"The Banning of Unregulated Deposit Schemes Act, 2019","An Act to provide for a comprehensive mechanism to ban the unregulated deposit schemes, other than deposits taken in the ordinary course of business, and to protect the interest of depositors and for matters connected therewith or incidental thereto.",21,2019,2019-07-31,2019-02-21,CENTRAL,Ministry of Finance,Department of Financial Services,44,1,section
bengal-agra-assam-civil-courts-act-1887,"The Bengal, Agra and Assam Civil Courts Act, 1887","An Act to consolidate and amend the law relating to Civil Courts in Bengal, the North-Western Provinces and Assam.",12,1887,1887-03-11,1887-07-01,CENTRAL,Ministry of Law and Justice,Department of Justice,40,1,section
bengal-agra-assam-civil-courts-extension-oudh-act,"The Bengal, Agra and Assam Civil Courts (Extension to Oudh) Act, 1955",,2,1956,1956-01-11,,Uttar Pradesh,,Law,6,1,section
bengal-bonded-warehouse-association-act-1838,"The Bengal Bonded Warehouse Association Act, 1838",,5,1838,1838-03-14,1838-03-14,CENTRAL,Ministry of Home Affairs,Department of States,39,1,section
bengal-ghatwali-land-act-1859,"The Bengal Ghatwali Land Act, 1859",An Act to empower the holder of Ghatwalee lands in the District of Beerbhoom to grant leases extending beyond the period of their own possession.,5,1859,1859-03-04,1859-03-04,CENTRAL,Ministry of Home Affairs,Department of States,2,1,section
bengal-land-revenue-sales-act-1859,"The Bengal Land Revenue Sales Act, 1859",An Act to improve the law relating to sales of Land for arrears of Revenue in the Lower Provinces under the Bengal Presidency.,11,1859,1859-05-04,,CENTRAL,Ministry of Rural Development,Department of Land Resources,62,1,section
bengal-military-police-act-1892,"The Bengal Military Police Act, 1892",An Act for the Regulation of the Bengal Military Police.,5,1892,1892-03-25,,CENTRAL,Ministry of Home Affairs,Department of States,13,1,section
betwa-river-board-act-1976,"The Betwa River Board Act, 1976","An Act to provide for the establishment of a Board for the creation of a reservoir at Rajghat by construction, on behalf of the Governments of Madhya Pradesh and Uttar Pradesh, of a dam on the Betwa river at Rajghat and for the regulation of such reservoir.",63,1976,1976-04-10,1976-10-25,CENTRAL,Ministry of Jal Shaktri,"Department of Water Resources, River Development and Ganga Rejuvenation",24,1,section
bharatiya-vayuyan-adhiniyam-2024,"The Bharatiya Vayuyan Adhiniyam, 2024","An Act to provide for regulation and control of the design, manufacture, maintenance, possession, use, operation, sale, export and import of aircraft and for matters connected therewith or incidental thereto.",16,2024,2024-12-11,,CENTRAL,Ministry of Civil Aviation,,43,1,section
bhatkhande-sanskriti-vishwavidyalaya-act-2022,"The Bhatkhande Sanskriti Vishwavidyalaya Act, 2022",,2,2022,2022-06-03,,Uttar Pradesh,,Culture,79,1,section
bhim-district-board-validation-act-1955,"Bhim District Board Validation Act, 1955",,24,1955,1955-12-22,,Rajasthan,,Revenue Department,5,1,section
bhopal-gas-leak-disaster-processing-claims-act-1985,"The Bhopal Gas Leak Disaster (Processing of Claims) Act, 1985","An Act to confer certain powers on the Central Government to secure that claims arising out of, or connected with, the Bhopal gas leak disaster are dealt with speedily, effectively, equitably and to the best advantage of the claimants and for matters incidental thereto.",21,1985,1985-03-29,1985-02-20,CENTRAL,Ministry of Chemicals and Fertilizers,Department of Chemicals and Petro-Chemicals,12,1,section
bhopal-gas-trasadi-jangam-sampatti-ke-vikrayon-ka,The Bhopal Gas Trasadi (Jangam Sampatti Ke Vikrayon Ka Shoonya Ghoshit Kiya Jana) Adhiniyam 1985,,8,1985,1985-05-01,,Madhya Pradesh,,Bhopal Gas Tragedy Relief and Rehabilitation Department,11,1,section
bihar-land-reforms-laws-regulating-mines-minerals-validation,"The Bihar Land Reforms Laws (Regulating Mines and Minerals) Validation Act, 1969.","An Act to validate certain provisions contained in the Bihar Land Reforms Act, 1950, and the Bihar Minor Mineral Concession Rules, 1964, and action taken and things done in connection therewith.",42,1969,1969-12-26,,CENTRAL,Ministry of Rural Development,Department of Land Resources,2,1,section
bihar-reorganisation-act-2000,"The Bihar Reorganisation Act, 2000",An Act to provide for the reorganisation of the existing State of Bihar and for matters connected therewith.,30,2000,2000-08-25,2000-11-15,CENTRAL,Ministry of Home Affairs,Department of States,92,1,section
bihar-uttar-pradesh-alteration-boundaries-act-1968,"The Bihar and Uttar Pradesh (Alteration of Boundaries) Act, 1968",An Act to provide for the alteration of boundaries of the States of Bihar and Uttar Pradesh and for matters connected therewith.,24,1968,1968-05-22,1970-06-10,CENTRAL,Ministry of Home Affairs,Department of States,36,1,section
bihar-value-added-tax-act-2005,"The Bihar Value Added Tax Act, 2005",An Act to consolidate and amend the law relating to levy of tax on sales or purchases of goods in the State of Bihar and to provide for matters connected therewith or incidental thereto.,27,2005,2005-06-23,2005-06-23,CENTRAL,Ministry of Home Affairs,Department of States,100,1,section
bihar-west-bengal-transfer-territories-act-1956,"The Bihar and West Bengal (Transfer of Territories) Act, 1956",An Act to provide for the transfer of certain territories from Bihar to West Bengal and for matters connected therewith.,40,1956,1956-09-01,1956-09-01,CENTRAL,Ministry of Home Affairs,Department of States,52,1,section
bikaner-technical-university-act-2017,"The Bikaner Technical University Act, 2017",,29,2017,2017-04-17,2017-04-17,Rajasthan,,Technical Education Department,49,1,section
bilateral-netting-qualified-financial-contracts-act-2020,"The Bilateral Netting of Qualified Financial Contracts Act, 2020",An Act to ensure financial stability and promote competitiveness in Indian financial markets by providing enforceability of bilateral netting of qualified financial contracts and for matters connected therewith or incidental thereto.,30,2020,2020-09-28,2020-09-28,CENTRAL,Ministry of Finance,Department of Economic Affairs,11,1,section
bills-lading-act-2025,"The Bills of Lading Act, 2025","An Act to make provisions for the transfer of rights of suit and all liabilities to the consignee named in a bill of lading and every endorsee of a bill of lading, to whom the property in the goods mentioned in the bill of lading shall pass, upon or by reason of a consignment or an endorsement, and for matters connected therewith or related thereto.",18,2025,2025-06-17,,CENTRAL,"Ministry of Ports, Shipping and Waterways",,6,1,section
biological-diversity-act-2002,"The Biological Diversity Act, 2002","An Act to provide for conservation of biological diversity, sustainable use of its components and fair and equitable sharing of the benefits arising out of the use of biological resources, knowledge and for matters connected therewith or incidental thereto.",18,2003,2003-02-05,2003-10-01,CENTRAL,"Ministry of Environment, Forest and Climate Change",,72,1,section
biological-diversity-act-2002-tamil-nadu,The Biological Diversity Act 2002,,18,2003,2003-02-05,,Tamil Nadu,,"Environment and Forests Department, Tamil Nadu",65,1,section
bird-company-limited-acquisition-transfer-undertakings-other-properties,"The Bird and Company Limited (Acquisition and Transfer of Undertakings and Other Properties) Act, 1980",An Act to provide for the acquisition and transfer of the undertakings of the Bird and Company Limited for the purpose of ensuring the continuity of production of goods which are vital to the needs of the country and for the acquisition of shares held by the Bird and Company Limited in the specified companies for the purpose of securing to those undertakings the facilities and advantages derived by reason of such shareholding with respect to the operation and functioning of those undertakings and also to enable the Central Government to exercise such control over the affairs of the specified companies as is necessary to ensure that the affairs of those companies are not mismanaged and for matters connected therewith or incidental thereto.,67,1980,1980-12-27,1980-10-25,CENTRAL,Ministry of Steel,,31,1,section
births-deaths-marriages-registration-act-1886,"The Births, Deaths and Marriages Registration Act, 1886","An Act to provide for the voluntary Registration of certain Births and Deaths, for the establishment of General Registry Offices for keeping Registers of certain Births, Deaths and Marriages, and for certain other purposes.",6,1886,1886-03-08,1888-10-01,CENTRAL,Ministry of Home Affairs,Department of Home,38,1,section
black-money-undisclosed-foreign-income-assets-imposition-tax,"The Black Money (Undisclosed Foreign Income and Assets) and Imposition of Tax Act, 2015","An Act to make provisions to deal with the problem of the Black money that is undisclosed foreign income and assets, the procedure for dealing with such income and assets and to provide for imposition of tax on any undisclosed foreign income and asset held outside India and for matters connected therewith or incidental thereto.",22,2015,2015-05-26,2016-04-01,CENTRAL,Ministry of Finance,Department of Revenue,88,1,section
blhar-protection-interests-depositors-fiinancial-establishments-act-2002,Bihar Protection of interests of depositors (in financial establishments) Act 2002,,18,2002,2002-09-13,,Chandigarh,,Economics &amp; Statistics (Cell),2,1,section
bns,"The Bharatiya Nyaya Sanhita, 2023",An Act to consolidate and amend the provisions relating to offences and for matters connected therewith or incidental thereto.,45,2023,2023-12-25,2024-07-01,CENTRAL,Ministry of Home Affairs,Department of Internal Security,358,1,section
bnss,"The Bharatiya Nagarik Suraksha Sanhita, 2023",An Act to consolidate and amend the law relating to Criminal Procedure.,46,2023,2023-12-25,2024-07-01,CENTRAL,Ministry of Home Affairs,Department of Internal Security,531,1,section
boilers-act-2025,"The Boilers Act, 2025","An Act to provide for the regulation of boilers, safety of life and property of persons from the danger of explosions of steam-boilers and for uniformity in registration and inspection during manufacture, erection and use of boilers in the country and for matters connected therewith or incidental thereto.",12,2025,2025-04-04,2025-05-01,CENTRAL,Ministry of Commerce and Industry,Department of Promotion of Industry and Internal Trade,45,1,section
bombay-city-civil-court-act-1948,"The Bombay City Civil Court Act, 1948.",,40,1948,1948-05-10,,Maharashtra,Govt of Maharashtra,Law and Judiciary Department,20,1,section
bombay-civil-court-s-act-1869,"The Bombay Civil Court's Act, 1869",An Act to consolidate and amend the law relating to the District and Subordinate Civil Courts in the Presidency of Bombay.,14,1869,1869-03-19,1869-03-19,CENTRAL,Ministry of Law and Justice,Department of Justice,44,1,section
bombay-diseases-animals-act-1948,"The Bombay Diseases of Animals Act, 1948.",,59,1948,1948-11-30,,Maharashtra,Govt of Maharashtra,"Agriculture, Animal Husbandry, Dairy Development and Fisheries Department",40,1,section
bombay-electricity-special-powers-act-application-scheduled-areas,"The Bombay Electricity (Special Powers) Act (Application to Scheduled Areas) Regulation, 1955.",,1,1955,1955-04-28,,Maharashtra,Govt of Maharashtra,"Industries, Energy and Labour Department",2,1,section
bombay-essential-commodities-cattle-control-act-1958,"The Bombay Essential Commodities and Cattle (Control) Act, 1958.",,62,1958,1958-07-11,,Maharashtra,Govt of Maharashtra,"Agriculture, Animal Husbandry, Dairy Development and Fisheries Department",21,1,section
bombay-gas-supply-act-1939,"The Bombay Gas Supply Act, 1939.",,9,1939,1939-05-17,,Maharashtra,Govt of Maharashtra,"Industries, Energy and Labour Department",30,1,section
bombay-habitual-offenders-act-1959,"The Bombay Habitual Offenders Act, 1959.","The Bombay Habitual Offenders Act, 1959.",61,1959,1959-10-26,,Maharashtra,Govt of Maharashtra,Home Department,27,1,section
bombay-high-court-letters-patent-act-1866,"The Bombay High Court (Letters Patent) Act, 1866.","The Bombay High Court (Letters Patent) Act, 1866.",23,1866,1866-05-17,,Maharashtra,Govt of Maharashtra,Law and Judiciary Department,1,1,section
bombay-industrial-relations-act-1946,"The Bombay Industrial Relations Act, 1946","An Act to regulate the relations of employers and employees, to make provision for settlement of industrial disputes and to provide for certain other purposes.",11,1947,1947-04-15,,Maharashtra,Govt of Maharashtra,"Industries, Energy and Labour Department",173,1,section
bombay-judicial-proceedings-regulation-reports-act-1955,"The Bombay Judicial Proceedings (Regulation of Reports) Act, 1955.",,18,1955,1955-05-06,,Maharashtra,Govt of Maharashtra,Home Department,8,1,section
bombay-local-authorities-census-expenses-contribution-act-1950,"The Bombay Local Authorities Census Expenses Contribution Act, 1950.",,23,1950,1950-05-10,,Maharashtra,Govt of Maharashtra,Urban Development Department,6,1,section
bombay-municipal-servants-act,The Bombay Municipal Servants Act.,,5,1890,1891-01-15,,Maharashtra,Govt of Maharashtra,Urban Development Department,6,1,section
bombay-non-agriculturists-loans-act-1928,"The Bombay Non-Agriculturists’ Loans Act, 1928.",,3,1928,1928-03-30,,Maharashtra,Govt of Maharashtra,Revenue & Forest Department,7,1,section
bombay-prevention-begging-act-1959,"The Bombay Prevention of Begging Act, 1959","For the purpose of making uniform and better provisions for the prevention of begging in the State of Bombay; for the detention, training and employment of beggars and their dependents in certain institutions; for the custody, trial and punishment of beggar offenders and for these and other purposes it was proposed to enact a law. Accordingly the Bombay Prevention of Begging Bill was introduced in the Legislative Assembly.",10,1959,1969-06-02,,Maharashtra,Govt of Maharashtra,Women and Child Development Department,36,1,section
bombay-prohibition-simultaneous-membership-act-1957,"The Bombay Prohibition of Simultaneous Membership Act, 1957.",,12,1957,1957-03-30,,Maharashtra,Govt of Maharashtra,Parliamentary Affairs Department,5,1,section
bombay-reorganisation-act-1960,"The Bombay Reorganisation Act, 1960",An Act to provide for the reorganisation of the State of Bombay and for matters connected therewith.,11,1960,1960-04-25,1960-05-01,CENTRAL,Ministry of Home Affairs,Department of States,96,1,section
bombay-repealing-amending-act-1949,"The Bombay Repealing and Amending Act, 1949.",,53,1949,1949-11-28,,Maharashtra,Govt of Maharashtra,Law and Judiciary Department,3,1,section
bombay-repealing-amending-act-1954,"The Bombay Repealing and Amending Act, 1954.",,21,1954,1954-04-08,,Maharashtra,Govt of Maharashtra,Law and Judiciary Department,3,1,section
bombay-repealing-amending-act-1955,"The Bombay Repealing and Amending Act, 1955.",,2,1955,1955-03-16,,Maharashtra,Govt of Maharashtra,Law and Judiciary Department,3,1,section
bombay-revenue-jurisdiction-act-1876,"The Bombay Revenue Jurisdiction Act, 1876","An Act to limit the jurisdiction of the Civil Courts throughout the Bombay Presidency in matters relating to the Land-revenue, and for other purposes.",10,1876,1876-03-28,1876-03-28,CENTRAL,Ministry of Law and Justice,Legislative Department,17,1,section
bombay-seals-act-1949,"The Bombay Seals Act, 1949.",,22,1949,1949-05-12,,Maharashtra,Govt of Maharashtra,Revenue & Forest Department,4,1,section
bombay-seals-act-application-scheduled-areas-regulation-1951,"The Bombay Seals Act (Application to Scheduled Areas) Regulation, 1951.",,1,1951,1951-05-12,,Maharashtra,Govt of Maharashtra,Revenue & Forest Department,2,1,section
bombay-second-repealing-amending-act-1951,"The Bombay (Second) Repealing and Amending Act, 1951.",,39,1951,1951-10-25,,Maharashtra,Govt of Maharashtra,Law and Judiciary Department,3,1,section
bombay-separation-judicial-executive-functions-act-1951,"The Bombay Separation of Judicial and Executive Functions Act, 1951",,23,1951,1951-07-05,,Maharashtra,Govt of Maharashtra,Home Department,4,1,section
bombay-separation-judicial-executive-functions-supplementary-act-1954,"The Bombay Separation of Judicial and Executive Functions (Supplementary) Act, 1954.",,8,1954,1954-02-10,,Maharashtra,Govt of Maharashtra,Law and Judiciary Department,4,1,section
bombay-special-tribunal-continuance-act-1946,"The Bombay Special Tribunal (Continuance) Act, 1946.",,21,1946,1946-09-30,,Maharashtra,Govt of Maharashtra,Home Department,3,1,section
bombay-tenancy-agricultural-lands-validation-appointment-as-mamlatdar,"The Bombay Tenancy and Agricultural Lands (Validation of appointment as Mamlatdar and proceedings) Act, 1967.","The Bombay Tenancy and Agricultural Lands (Validation of appointment as Mamlatdar and proceedings) Act, 1967.",42,1967,1967-12-21,,Maharashtra,Govt of Maharashtra,Revenue & Forest Department,2,1,section
bombay-village-police-appointments-disciplinary-action-by-sub-divisional,"The Bombay Village Police (Appointments And Disciplinary Action By Sub-Divisional Magistrates, Validation) Act, 1967.","The Bombay Village Police (Appointments And Disciplinary Action By Sub-Divisional Magistrates, Validation) Act, 1967.",6,1967,1967-04-17,,Maharashtra,Govt of Maharashtra,Home Department,4,1,section
bonded-labour-system-abolition-act-1976,"The Bonded Labour System (Abolition) Act, 1976",An Act to provide for the abolition of bonded labour system with a view to preventing the economic and physical exploitation of the weaker sections of the people and for matters connected therewith or incidental thereto.,19,1976,1976-02-09,1975-10-25,CENTRAL,Ministry of Labour and Employment,,27,1,section
bonded-labour-system-abolition-act-1976-chandigarh,"The Bonded Labour System (Abolition) Act, 1976",,19,1976,1976-02-09,,Chandigarh,,Labour Department,1,1,section
border-security-force-act-1968,"The Border Security Force Act, 1968",An Act to provide for the constitution and regulation of an Armed Force of the Union for ensuring the security of the borders of India and for matters connected therewith.,47,1968,1968-09-02,1969-03-01,CENTRAL,Ministry of Home Affairs,Department of Internal Security,143,1,section
borough-municipalities-validation-certain-taxes-on-buildings-lands,"The Borough Municipalities (Validation of certain Taxes on Buildings and Lands) Act, 1965.",,3,1965,1966-02-18,,Maharashtra,Govt of Maharashtra,Urban Development Department,7,1,section
brahmaputra-board-act-1980,"The Brahmaputra Board Act, 1980",An Act to provide for the establishment of a Board for the planning and integrated implementation of measures for the control of floods and bank erosion in the Brahmaputra Valley and for matters connected therewith.,46,1980,1980-09-01,1981-12-31,CENTRAL,Ministry of Jal Shaktri,"Department of Water Resources, River Development and Ganga Rejuvenation",30,1,section
british-india-corporation-limited-acquisition-shares-act-1981,"The British India Corporation Limited (Acquisition of Shares) Act, 1981",An Act to provide for the acquisition of certain shares of the British India Corporation Limited with a view to securing the proper management of the affairs of the Company and the continuity and development of the production of goods which are vital to the needs of the country and for matters connected therewith or incidental thereto.,29,1981,1981-09-11,1981-06-11,CENTRAL,Ministry of Textiles,,21,1,section
broach-kaira-incumbered-estates-act-1877,"The Broach and Kaira Incumbered Estates Act, 1877",An Act to relieve from Incumbrances the estates of Thakurs in Broach and Kaira.,14,1877,1877-06-28,1877-06-28,CENTRAL,Ministry of Home Affairs,Department of States,41,1,section
bsa,"The Bharatiya Sakshya Adhiniyam, 2023",An Act to consolidate and to provide for general rules and principles of evidence for fair trial.,47,2023,2023-12-25,2024-07-01,CENTRAL,Ministry of Home Affairs,Department of Internal Security,170,1,section
building-other-construction-workers-regulation-employment-conditions-service-chandigarh,"The Building and Other Construction Workers (Regulation of Employment and Conditions of Service) Act, 1996",,27,1996,1996-08-19,,Chandigarh,,Labour Department,1,1,section
building-other-construction-workers-welfare-cess-act-1996,"The Building and Other Construction Workers’ Welfare Cess Act, 1996",,28,1996,1996-08-19,,Chandigarh,,Labour Department,1,1,section
bureau-indian-standards-act-2016,"The Bureau of Indian Standards Act, 2016.","An Act to provide for the establishment of a national standards body for the harmonious development of the activities of standardisation, conformity assessment and quality assurance of goods, articles, processes, systems and services and for matters connected therewith or incidental thereto.",11,2016,2016-03-21,2017-10-12,CENTRAL,"Ministry of Consumer Affairs, Food and Public Distribution",Department of Consumer Affairs,43,1,section
cable-television-networks-regulation-act-1995,"The Cable Television Networks (Regulation) Act, 1995",An Act to regulate the operation of cable television networks in the country and for matters connected therewith or incidental thereto.,7,1995,1995-03-25,1994-09-29,CENTRAL,Ministry of Information and Broadcasting,,26,1,section
calcutta-high-court-extension-jurisdiction-act-1953,"The Calcutta High Court (Extension of Jurisdiction) Act, 1953",An Act to extend the jurisdiction of the High Court at Calcutta to Chandernagore and the Andaman and Nicobar Islands.,41,1953,1953-12-18,1953-12-18,CENTRAL,Ministry of Law and Justice,Department of Justice,4,1,section
calcutta-high-court-jurisdictional-limits-act-1919,"The Calcutta High Court (Jurisdictional Limits) Act, 1919",An Act to declare and prescribe the limits of the ordinary original civil jurisdiction of the High Court of Judicature at Fort William in Bengal.,15,1919,1919-09-17,1919-09-17,CENTRAL,Ministry of Law and Justice,Department of Justice,2,1,section
calcutta-land-revenue-act-1856,"The Calcutta Land-Revenue Act, 1856",AN ACT relating to the administration of the Public Revenues in the Town of Calcutta.,18,1856,1856-08-23,1856-08-23,CENTRAL,Ministry of Home Affairs,Department of States,3,1,section
calcutta-metro-railway-operation-maintenance-temporary-provisions-act,"The Calcutta Metro Railway (Operation and Maintenance) Temporary Provisions Act, 1985","An Act to make temporary provisions for the operation and maintenance of the Calcutta metro railway and for matters connected therewith, pending the making of regular arrangements for such operation and maintenance.",10,1985,1985-02-16,1984-10-22,CENTRAL,Ministry of Railways,,25,1,section
calcutta-port-pilotage-act-1948,"The Calcutta Port (Pilotage) Act, 1948",An Act to provide for the transfer of control over pilotage on the River Hooghly to the Commissioners for the Port of Calcutta.,33,1948,1948-04-16,1948-05-16,CENTRAL,Ministry of Shipping,,11,1,section
camping-mooring-sites-act-2004-1947-d,"The Camping and Mooring Sites Act, 2004 (1947 A. D.)",An Act for the regulation and control of camping and mooring sites in areas outside municipal limits of Srinagar (Kashmir).,12,2004,1947-05-18,2004-05-05,Jammu and Kashmir,,Tourism,7,1,section
cantonments-act-2006,"The Cantonments Act, 2006","An Act to consolidate and amend the law relating to the administration of cantonments with a view to impart greater democratisation, improvement of their financial base to make provisions for developmental activities and for matters connected therewith or incidental thereto.",41,2006,2006-09-13,2006-12-18,CENTRAL,Ministry of Defence,Department of Defence,360,1,section
cantonments-extension-rent-control-laws-act-1957,"The Cantonments (Extension of Rent Control Laws) Act, 1957",An Act to provide for the extension to cantonments of laws relating to the control of rent and regulation of house accommodation.,46,1957,1957-12-18,1950-01-26,CENTRAL,Ministry of Defence,Department of Defence,4,1,section
capital-punjab-development-regulation-act-1952,"The Capital of Punjab (Development and Regulation) Act, 1952",,27,1952,1952-12-19,,Chandigarh,,Department of Information Technology,2,1,section
capital-punjab-development-regulation-act-1952-chandigarh-1952,"Capital of Punjab (Development and Regulation) Act, 1952",,27,1952,1952-12-17,,Chandigarh,,Urban & Planning Department,2,1,section
capital-punjab-development-regulation-act-1952-chandigarh-1952-3,"The Capital of Punjab (Development and Regulation) Act, 1952",,27,1952,1952-12-19,,Chandigarh,,Municipal Corporation,2,1,section
capital-punjab-development-regulation-act-1952-chandigarh-1952-4,"Capital of Punjab (Development and Regulation) Act, 1952",,27,1952,1952-12-19,1952-12-19,Chandigarh,,Estate Office,9,1,section
capital-punjab-development-regulation-act-1952-chandigarh-1952-5,"The Capital of Punjab (Development and Regulation) Act, 1952",,27,1952,1952-12-17,,Chandigarh,,Social Welfare,1,1,section
capital-punjab-development-regulation-act-1952-chandigarh-1952-6,"The Capital of Punjab (Development and Regulation) Act, 1952",,27,1952,1952-12-17,,Chandigarh,,Registrar Cooperative Societies,1,1,section
capital-university-act-2018,"The Capital University Act, 2018",,13,2018,2018-10-11,,Jharkhand,,"Higher Technical Education and Skill Development Department, Government of Jharkhand",46,1,section
captain-williamson-sangma-technical-university-act-2011-act,"Captain Williamson Sangma Technical University Act, 2011 (Act No. 17 of 2011)","An Act to establish and incorporate a University in the State, with emphasis on providing high quality and industry relevant education in the areas of engineering, physical sciences, life sciences, technology, including technical, and related areas sponsored by the State Government through regular and distance education mode and to provide for matters connected therewith or incidental thereto.",17,2011,2011-11-14,,Meghalaya,Meghalaya Law Department,Law Department,52,1,section
cardamom-act-1965,"The Cardamom Act, 1965",An Act to provide for the development under the control of the Union of the cardamom industry.,42,1965,1965-12-09,1966-04-05,CENTRAL,Ministry of Commerce and Industry,Department of Commerce,33,1,section
carriage-by-air-act-1972,"The Carriage by Air Act, 1972","An Act to give effect to the Convention for the unification of certain rules relating to international carriage by air signed at Warsaw on the 12th day of October, 1929 and to the said Convention as amended by the Hague Protocol on the 28th day of September, 1955 and also to the Montreal Convention signed on the 28th day of May, 1999 and to make provision for applying the rules contained in the said Convention in its original form and in the amended form (subject to exceptions, adaptations and modifications) to non-international carriage by air and for matters connected therewith.",69,1972,1972-12-19,1973-05-15,CENTRAL,Ministry of Civil Aviation,,12,1,section
carriage-by-road-act-2007,"The Carriage by Road Act, 2007","An Act to provide for the regulation of common carriers, limiting their liability and declaration of value of goods delivered to them to determine their liability for loss of, or damage to, such goods occasioned by the negligence or criminal acts of themselves, their servants or agents and for matters connected therewith or incidental thereto.",41,2007,2007-09-29,2010-07-20,CENTRAL,Ministry of Road Transport and Highways,,22,1,section
carriage-goods-by-sea-act-2025,"The Carriage of Goods by Sea Act, 2025","An Act to provide for the responsibilities, liabilities, rights and immunities attached to carriers with respect to the carriage of goods by sea and for matters connected therewith or related thereto.",19,2025,2025-02-15,2025-09-10,CENTRAL,"Ministry of Ports, Shipping and Waterways",,12,1,section
cattle-trespass-act-1871,"The Cattle-Trespass Act, 1871",An Act to consolidate and amend the law relating to Trespasses by Cattle.,1,1871,1871-01-13,1871-01-13,CENTRAL,Ministry of Agriculture and Farmers Welfare,Department of Animal Husbandry and Dairying,31,1,section
census-act-1948,"The Census Act, 1948",An Act to provide for certain matters in connection with the taking of census.,37,1948,1948-09-03,1948-09-03,CENTRAL,Ministry of Home Affairs,Department of Home,32,1,section
central-agricultural-university-act-1992,"The Central Agricultural University Act, 1992",An Act to provide for the establishment and incorporation of a University for the North-Eastern region for the development of agriculture and for the furtherance of the advancement of learning and prosecution of research in agriculture and allied sciences in that region.,40,1992,1992-12-26,1993-01-26,CENTRAL,Ministry of Agriculture and Farmers Welfare,Department of Agricultural Research and Education,43,1,section
central-boards-revenue-act-1963,"The Central Boards of Revenue Act, 1963",An Act to provide for the constitution of separate Boards of Revenue for Direct Taxes and for Excise and Customs and to amend certain enactments for the purpose of conferring powers and imposing duties on the said Boards.,54,1963,1963-12-30,1964-01-01,CENTRAL,Ministry of Finance,Department of Revenue,8,1,section
central-educational-institutions-reservation-admission-act-2006,"The Central Educational Institutions (Reservation in Admission) Act, 2006","An Act to provide for the reservation in admission of the students belonging to the Scheduled Castes, the Scheduled Tribes and the Other Backward Classes of citizens, to certain Central Educational Institutions established, maintained or aided by the Central Government, and for matters connected therewith or incidental thereto.",5,2007,2007-01-03,2007-01-03,CENTRAL,Ministry of Education,Department of Higher Education,7,1,section
central-educational-institutions-reservation-teachers-cadre-act-2019,"The Central Educational Institutions (Reservation in Teachers Cadre) Act, 2019","An Act to provide for the reservation of posts in appointments by direct recruitment of persons belonging to the Scheduled Castes, the Scheduled Tribes, the socially and educationally backward classes and the economically weaker sections, to teachers cadre in certain Central Educational Institutions established, maintained or aided by the Central Government, and for matters connected therewith or incidental thereto.",10,2019,2019-07-09,2019-03-07,CENTRAL,Ministry of Education,Department of Higher Education,6,1,section
central-excise-act-1944,"The Central Excise Act, 1944",An Act to consolidate and amend the law relating to central duties of excise 2* * *,1,1944,1944-02-24,1944-02-28,CENTRAL,Ministry of Finance,Department of Revenue,130,1,section
central-goods-services-tax-act-2017,"The Central Goods and Services Tax Act, 2017",,12,2017,2017-04-12,,Chandigarh,,Excise and Taxation Department,1,1,section
central-goods-services-tax-extension-jammu-kashmir-act,"The Central Goods and Services Tax (Extension to Jammu and Kashmir) Act, 2017","An Act to provide for the extension of the Central Goods and Services Tax Act, 2017 to the State of Jammu and Kashmir.",26,2017,2017-08-23,2017-07-08,CENTRAL,Ministry of Finance,Department of Revenue,3,1,section
central-industrial-security-force-act-1968,"The Central Industrial Security Force Act, 1968","An Act to provide for the constitution and regulation of an armed force of the Union for the better protection and security of industrial undertakings owned by the Central Government, certain other industrial undertakings, employees of all such undertakings and to provide technical consultancy services to industrial establishments in the private sector and for matters connected therewith.",50,1968,1968-12-02,1969-03-10,CENTRAL,Ministry of Home Affairs,Department of Internal Security,24,1,section
central-laws-extension-arunachal-pradesh-act-1993,"The Central Laws (Extension to Arunachal Pradesh) Act, 1993",An Act to provide for the extension of certain Central laws to the State of Arunachal Pradesh.,44,1993,1993-05-27,1994-07-01,CENTRAL,Ministry of Law and Justice,Legislative Department,5,1,section
central-laws-extension-jammu-kashmir-act-1968,"The Central Laws (Extension to Jammu and Kashmir) Act, 1968",An Act to provide for the extension of certain Central Laws to the State of Jammu and Kashmir.,25,1968,1968-05-24,1968-08-15,CENTRAL,Ministry of Home Affairs,Department of Jammu and Kashmir Affairs,6,1,section
central-provinces-court-wards-act-1899,"The Central Provinces Court of Wards Act, 1899",An Act to consolidate and amend the law relating to the Court of Wards in the Central Provinces.,24,1899,1899-10-13,,CENTRAL,Ministry of Home Affairs,Department of States,41,1,section
central-provinces-financial-commissioner-s-act-1908,"The Central Provinces Financial Commissioner's Act, 1908","An Act to provide for the appointment of a Financial Commissioner for the Central Provinces and further to amend the Central Provinces Land-revenue Act, 1881.",13,1908,1908-10-30,1908-10-30,CENTRAL,Ministry of Home Affairs,Department of States,6,1,section
central-provinces-land-revenue-act-1881,"The Central Provinces Land-Revenue Act, 1881",An Act to consolidate and amend the law relating to Land-revenue and the powers of Revenue-officers in the Central Provinces.,18,1881,1881-06-08,1881-06-08,CENTRAL,Ministry of Home Affairs,Department of States,162,1,section
central-provinces-tenancy-act-1898,"The Central Provinces Tenancy Act, 1898",An Act to consolidate and amend the Law relating to Agricultural Tenancies in the Central Provinces.,11,1898,1898-10-21,1898-10-21,CENTRAL,Ministry of Home Affairs,Department of States,100,1,section
central-reserve-police-force-act-1949,"The Central Reserve Police Force Act, 1949",An Act to provide for the constitution and regulation of an armed Central Reserve Police Force.,66,1949,1949-12-28,1949-12-28,CENTRAL,Ministry of Home Affairs,Department of Internal Security,19,1,section
central-road-infrastructure-fund-act-2000,"The Central Road and Infrastructure Fund Act, 2000","An Act to give statutory status to the existing Central Road Fund governed by the Resolution of Parliament passed in 1988, for development and maintenance of national highways and improvement of safety at railway crossings, and for these purposes to levy and collect by way of cess, a duty of excise and duty of customs on motor spirit commonly known as petrol, high speed diesel oil and for other matters connected therewith.",54,2000,2000-12-27,2000-11-01,CENTRAL,Ministry of Finance,Department of Economic Affairs,16,1,section
central-sales-tax-act-1956,"The Central Sales Tax Act, 1956","An Act to formulate principles for determining when a sale or purchase of goods takes place in the course of inter-State trade or commerce or outside a State or in the course of import into or export from India, to provide for the levy, collection and distribution of taxes on sales of goods in the course of inter-State trade or commerce and to declare certain goods to be of special importance in inter-State trade or commerce and specify the restrictions and conditions to which State laws imposing taxes on the sale or purchase of such goods of special importance shall be subject.",74,1956,1956-10-21,1957-01-05,CENTRAL,Ministry of Finance,Department of Revenue,33,1,section
central-sanskrit-universities-act-2020,"The Central Sanskrit Universities Act, 2020",,5,2020,2020-03-25,2020-04-30,CENTRAL,Ministry of Education,Department of Higher Education,47,1,section
central-silk-board-act-1948,"The Central Silk Board Act, 1948",An Act to provide for the development under Central control of the silk industry and for that purpose to establish a Central Silk Board.,61,1948,1948-09-20,1948-09-20,CENTRAL,Ministry of Textiles,,34,1,section
central-universities-act-2009,"The Central Universities Act, 2009",An Act to establish and incorporate universities for teaching and research in the various States and to provide for matters connected therewith or incidental thereto.,25,2009,2009-03-20,2009-01-15,CENTRAL,Ministry of Education,Department of Higher Education,54,1,section
central-vigilance-commission-act-2003,"The Central Vigilance Commission Act, 2003","An Act to provide for the constitution of a Central Vigilance Commission to inquire or cause inquiries to be conducted into offences alleged to have been committed under the Prevention of Corruption Act, 1988 by certain categories of public servants of the Central Government, corporations established by or under any Central Act, Government companies, societies and local authorities owned or controlled by the Central Government and for matters connected therewith or incidental thereto.",45,2003,2003-09-11,2003-09-11,CENTRAL,"Ministry of Personnel, Public Grievances and Pensions",Department of Personnel and Training,30,1,section
cess-other-taxes-on-minerals-validation-act-1992,"The Cess and Other Taxes on Minerals (Validation) Act, 1992",An Act to validate the imposition and collection of cesses and certain other taxes on minerals under certain State laws.,16,1992,1992-04-04,1992-02-15,CENTRAL,Ministry of Mines,,3,1,section
cgst-act,"The Central Goods and Services Tax Act, 2017",An Act to make a provision for levy and collection of tax on intra-State supply of goods or services or both by the Central Government and for matters connected therewith or incidental thereto.,12,2017,2017-04-12,,CENTRAL,Ministry of Finance,Department of Revenue,188,1,section
chandigarh-delegation-powers-act-1987,"The Chandigarh (Delegation of Powers) Act, 1987",An Act to provide for the delegation of powers vested in the Administrator of the Union territory of Chandigarh.,2,1988,1988-01-03,1988-01-03,CENTRAL,Ministry of Home Affairs,Department of States,4,1,section
chandigarh-delegation-powers-act-1987-chandigarh,"The Chandigarh (Delegation of Powers) Act, 1987",,2,1988,1988-01-03,,Chandigarh,,Department of Engineering,1,1,section
chandigarh-disturbed-areas-act-1983,"The Chandigarh Disturbed Areas Act, 1983",An Act to make better provision for the suppression of disorder and for the restoration and maintenance of public order in disturbed areas in Chandigarh.,33,1983,1983-12-08,1983-10-07,CENTRAL,Ministry of Home Affairs,Department of States,7,1,section
charitable-endowments-act-1890,"The Charitable Endowments Act, 1890",An Act to provide for the vesting and administration of property held in trust for charitable purposes.,6,1890,1890-03-17,1890-10-01,CENTRAL,Ministry of Law and Justice,Legislative Department,17,1,section
charitable-religious-trusts-act-1920,"The Charitable and Religious Trusts Act, 1920",An Act to provide more effectual control over the administration of Charitable and Religious Trusts.,14,1920,1920-03-20,1920-03-20,CENTRAL,Ministry of Law and Justice,Legislative Department,12,1,section
chartered-accountants-act-1949,"The Chartered Accountants Act, 1949",An Act to make provision for the regulation of the profession of chartered accountants.,38,1949,1949-05-01,1949-07-01,CENTRAL,Ministry of Corporate Affairs,,60,1,section
chemical-weapons-convention-act-2000,"The Chemical Weapons Convention Act, 2000","An Act to give effect to the Convention on the Prohibition of the Development, Production, Stockpiling and Use of Chemical Weapons and on their Destruction and to provide for matters connected therewith or incidental thereto.",34,2000,2000-08-26,2005-07-01,CENTRAL,Ministry of Chemicals and Fertilizers,Department of Chemicals and Petro-Chemicals,56,1,section
chennai-unified-metropolitan-transport-authority-act-2010,Chennai Unified Metropolitan Transport Authority Act-2010,CHENNAI UNIFIED METROPOLITAN TRANSPORT AUTHORITY ACT-2010,44,2010,2010-11-29,,Tamil Nadu,,"Housing and Urban Development Department, Government of Tamil Nadu",26,1,section
chhatrapati-shivaji-maharaj-vastu-sangrahalaya-act-1909,"The Chhatrapati Shivaji Maharaj Vastu Sangrahalaya Act, 1909 and.",,3,1909,1909-08-19,,Maharashtra,Govt of Maharashtra,Tourism And Cultural Department,21,1,section
chief-election-commissioner-other-election-commissioners-appointment-conditions,"The Chief Election Commissioner And Other Election Commissioners (Appointment, Conditions of Service And Term of Office) Act, 2023","An Act to regulate the appointment, conditions of service and term of office of the Chief Election Commissioner and other Election Commissioners, the procedure for transaction of business by the Election Commission and for matters connected therewith or incidental thereto.",49,2023,2023-12-28,2024-02-02,CENTRAL,Ministry of Law and Justice,Legislative Department,21,1,section
child-adolescent-labour-prohibition-regulation-act-1986,"The Child and Adolescent Labour (Prohibition and Regulation) Act, 1986",An Act to prohibit the engagement of children in all occupations and to prohibit the engagement of adolescents in hazardous occupations and processes and the matters connected therewith or incidental thereto.,61,1986,1986-12-23,1993-05-26,CENTRAL,Ministry of Labour and Employment,,30,1,section
child-labour-prohibition-regulation-act-1986-chandigarh,"The Child Labour (Prohibition and Regulation) Act, 1986",,61,1986,1986-12-23,,Chandigarh,,Labour Department,1,1,section
chit-funds-act-1982,"The Chit Funds Act, 1982",An Act to provide for the regulation of chit funds and for matters connected therewith.,40,1982,1982-08-19,1984-04-02,CENTRAL,Ministry of Finance,Department of Financial Services,90,1,section
chutia-nagpur-encumbered-estates-act-1876,"The Chutia Nagpur Encumbered Estates Act, 1876",An Act to relieve certain Landholders in Chutia Nagpur.,6,1876,1876-03-14,,CENTRAL,Ministry of Home Affairs,Department of States,24,1,section
cigarettes-other-tobacco-products-prohibition-advertisement-regulation-trade,"The Cigarettes and Other Tobacco Products (Prohibition of Advertisement and Regulation of Trade and Commerce, Production, Supply and Distribution) Act, 2003","An Act to prohibit the advertisement of, and to provide for the regulation of trade and commerce in, and production, supply and distribution of, cigarettes and other tobacco products and for matters connected therewith or incidental thereto.",34,2003,2003-05-18,2007-12-01,CENTRAL,Ministry of Health and Family Welfare,Department of Health and Family Welfare,33,1,section
cigarettes-other-tobacco-products-prohibition-advertisement-regulation-trade-chandigarh,"The Cigarettes and Other Tobacco Products (Prohibition of Advertisement and Regulation of Trade and Commerce, Production, Supply and Distribution) Act, 2003",,34,2003,2003-05-18,,Chandigarh,,Police Department,1,1,section
cinematograph-act-1952,"The Cinematograph Act, 1952",An Act to make provision for the certification of cinematograph films for exhibition and for regulating exhibitions by means of cinematographs.,37,1952,1952-03-21,1952-07-28,CENTRAL,Ministry of Information and Broadcasting,,36,1,section
citizenship-act-1955,"The Citizenship Act, 1955",An Act to provide for the acquisition and determination of Indian citizenship.,57,1955,1955-12-30,1955-12-30,CENTRAL,Ministry of Home Affairs,Department of Internal Security,27,1,section
city-mumbai-primary-education-maharashtra-primary-education-hyderabad,"The City of Mumbai Primary Education, the Maharashtra Primary Education, the Hyderabad Compulsory Primary Education and the Madhya Pradesh Primary Education (Repeal) Act, 2013.","An Act to repeal the City of Mumbai Primary Education Act, the Maharashtra Primary Education Act, the Hyderabad Compulsory Primary Education Act, 1952 and the Madhya Pradesh Primary Education Act, 1956 and to provide for matters connected therewith or incidental thereto.",25,2014,2014-06-26,,Maharashtra,Govt of Maharashtra,School Education and Sports Department,6,1,section
civil-courts-act-1977-1920-d,"The Civil Courts Act, 1977 (1920 A. D.)","THE CIVIL COURTS ACT, 1977 (1920 A. D.) (Act No. XLVI of Samvat 1977)",66,1977,1928-04-08,1977-07-16,Jammu and Kashmir,,"Department of Law,Justice and Parliamentary Affairs",44,1,section
civil-defence-act-1968,"The Civil Defence Act, 1968",An Act to make provision for civil defence and for matters connected therewith.,27,1968,1968-05-24,1968-07-10,CENTRAL,Ministry of Home Affairs,Department of Internal Security,22,1,section
civil-liability-nuclear-damage-act-2010,"The Civil Liability for Nuclear Damage Act, 2010","An Act to provide for civil liability for nuclear damage and prompt compensation to the victims of a nuclear incident through a no-fault liability regime channeling liability to the operator, appointment of Claims Commissioner, establishment of Nuclear Damage Claims Commission and for matters connected therewith or incidental thereto.",38,2010,2010-09-21,,CENTRAL,Department of Atomic Energy,,49,1,section
clinical-establishments-registration-regulation-act-2010,"The Clinical Establishments (Registration and Regulation) Act, 2010",An Act to provide for the registration and regulation of clinical establishments in the country and for matters connected therewith or incidental thereto.,23,2010,2010-08-18,2012-03-01,CENTRAL,Ministry of Health and Family Welfare,Department of Health and Family Welfare,56,1,section
clinical-establishments-registration-regulation-act-2010-chandigarh,"The Clinical Establishments (Registration and Regulation) Act, 2010",,23,2010,2010-08-18,,Chandigarh,,"Director Health & Family Welfare-cum-Mission, National Health Mission",4,1,section
clinical-establishments-registration-regulation-act-2010-chandigarh-2010,"Clinical Establishments (Registration and Regulation) Act, 2010",,23,2010,2010-08-18,,Chandigarh,,Government Medical College Hospital Sector 16,2,1,section
clinical-establishments-registration-regulation-act-2010-puducherry,"The Clinical Establishments (Registration and Regulation) Act, 2010","THE CLINICAL ESTABLISHMENTS (REGISTRATION AND REGULATION) ACT, 2010",23,2010,2010-08-18,,Puducherry,,LAW DEPARTMENT,1,1,section
cmj-university-act-2009-act-no-4-2009,"The CMJ University Act, 2009 (Act No. 4 of 2009)","An Act to establish and incorporate a University in the State, with emphasis on providing high quality and industry relevant education in the areas of Physical Sciences, Life Sciences, Technology, Medical Science and Paramedical, Management, Finance & Accounting, Commerce, Humanities, Languages & Communication, Applied and Performing Arts, Education, Law, Social Science and related areas sponsored by CMJ Foundation and to provide for matters connected therewith or incidental thereto.",4,2009,2009-07-14,,Meghalaya,Meghalaya Law Department,Law Department,52,1,section
co-operative-societies-act-1912,"The Co-operative Societies Act, 1912",An Act to amend the Law relating to Co-operative Societies,2,1912,1912-03-01,1912-03-01,CENTRAL,Ministry of Cooperation,,50,1,section
coal-bearing-areas-acquisition-development-act-1957,"The Coal Bearing Areas (Acquisition and Development) Act, 1957","An Act to establish in the economic interest of India greater public control over the coal mining industry and its development by providing for the acquisition by the State of unworked land containing or likely to contain coal deposits or of rights in or over such land, for the extinguishment or modification of such rights accruing by virtue of any agreement, lease, licence or otherwise, and for matters connected therewith.",20,1957,1957-06-08,1957-06-12,CENTRAL,Ministry of Coal,,30,1,section
coal-india-regulation-transfers-validation-act-2000,"The Coal India (Regulation of Transfers and Validation) Act, 2000","An Act to empower the Central Government to direct the transfer of the land, or of the rights in or over land or of the right, title and interest in relation to a coal mine, coking coal mine or coke oven plant, vested in the Coal India Limited or in a subsidiary company to any subsidiary company of Coal India Limited or any other subsidiary company and to validate certain transfers of such land or rights.",45,2000,2000-12-08,2000-12-08,CENTRAL,Ministry of Coal,,4,1,section
coal-mines-labour-welfare-fund-repeal-act-1986,"The Coal Mines Labour Welfare Fund (Repeal) Act, 1986","An Act to repeal the Coal Mines Labour Welfare Fund Act, 1947 and to provide for certain matters incidental thereto.",27,1986,1986-05-23,1986-10-01,CENTRAL,Ministry of Coal,,8,1,section
coal-mines-provident-fund-miscellaneous-provisions-act-1948,"The Coal Mines Provident Fund and Miscellaneous Provisions Act, 1948","An Act to make provisions for the framing of a Provident Fund Scheme, a Pension Scheme, a Deposit linked Insurance Scheme and a Bonus Scheme for persons employed in Coal Mines.",46,1948,1948-09-03,1948-09-03,CENTRAL,Ministry of Coal,,31,1,section
coal-mines-special-provisions-act-2015,"The Coal Mines (Special Provisions) Act, 2015","An Act to provide for allocation of coal mines and vesting of the right, title and interest in and over the land and mine infrastructure together with mining leases to successful bidders and allottees with a view to ensure continuity in coal mining operations and production of coal, and for promoting optimum utilisation of coal resources consistent with the requirement of the country in national interest and for matters connected therewith or incidental thereto.",11,2015,2015-03-30,2014-10-21,CENTRAL,Ministry of Coal,,33,1,section
coast-guard-act-1978,"The Coast Guard Act, 1978",An Act to provide for the constitution and regulation of an Armed Force of the Union for ensuring the security of the maritime zones of India with a view to the protection of maritime and other national interests in such zones and for matters connected therewith.,30,1978,1978-08-18,1978-08-19,CENTRAL,Ministry of Defence,Department of Defence,124,1,section
coastal-aquaculture-authority-act-2005,"The Coastal Aquaculture Authority Act, 2005",An Act to provide for the establishment of a Coastal Aquaculture Authority for regulating the activities connected with coastal aquaculture in the coastal areas and for matters connected therewith or incidental thereto.,24,2005,2005-06-23,2005-12-16,CENTRAL,Ministry of Agriculture and Farmers Welfare,Department of Fisheries,34,1,section
coastal-shipping-act-2025,"The Coastal Shipping Act, 2025","An Act to consolidate and amend the law relating to regulation of coastal shipping, promote coasting trade and encourage domestic participation therein, to ensure that India is equipped with a coastal fleet, owned and operated by the citizens of India for its national security and commercial needs, and for matters connected therewith or incidental thereto.",20,2025,2025-08-09,,CENTRAL,"Ministry of Ports, Shipping and Waterways",,42,1,section
coconut-development-board-act-1979,"The Coconut Development Board Act, 1979",An Act to provide for the development under the control of the Union of the coconut industry and for matters connected therewith.,5,1979,1979-03-17,1981-01-12,CENTRAL,Ministry of Agriculture and Farmers Welfare,"Department of Agriculture, Cooperation and Farmers Welfare",21,1,section
code-criminal-procedure-1973-chandigarh-1974,"The Code of Criminal Procedure, 1973",,2,1974,1974-01-25,,Chandigarh,,VIGILANCE DEPARTMENT,1,1,section
code-on-social-security-2020,"The Code on Social Security, 2020",An Act to amend and consolidate the laws relating to social security with the goal to extend social security to all employees and workers either in the organised or unorganised or any other sectors and for matters connected therewith or incidental thereto.,36,2020,2020-09-28,,CENTRAL,Ministry of Labour and Employment,,164,1,section
code-on-wages-2019,"The Code on Wages, 2019",An Act to amend and consolidate the laws relating to wages and bonus and matters connected therewith or incidental thereto.,29,2019,2019-08-08,,CENTRAL,Ministry of Labour and Employment,,69,1,section
coffee-act-1942,"The Coffee Act, 1942",An Act to provide for the development under the control of the Union of the coffee industry.,7,1942,1942-03-02,1942-03-02,CENTRAL,Ministry of Commerce and Industry,Department of Commerce,58,1,section
coinage-act-2011,"The Coinage Act, 2011","An Act to consolidate the laws relating to coinage and the Mints, the protection of coinage and to provide for the prohibition of melting or destruction of coins and prohibit the making or the possession thereof for issue and for matters connected therewith or incidental thereto.",11,2011,2011-09-01,2012-03-28,CENTRAL,Ministry of Finance,Department of Economic Affairs,28,1,section
coir-industry-act-1953,"The Coir Industry Act, 1953","An Act to provide for the establishment of a Board for the development of the Coir Industry and for that purpose to levy a customs duty on coir fiber, coir yarn and coir products exported from India and for matters connected therewith.",45,1953,1953-12-23,1954-02-09,CENTRAL,"Ministry of Micro, Small and Medium Enterprises",,28,1,section
collection-statistics-act-2008,"The Collection of Statistics Act, 2008","An Act to facilitate the collection of statistics on economic, demographic, social, scientific and environmental aspects, and for matters connected therewith or incidental thereto.",7,2009,2009-01-07,2010-06-11,CENTRAL,Ministry of Statistics and Programme Implementation,,27,1,section
commercial-courts-act-2015,"The Commercial Courts Act, 2015","An Act to provide for the constitution of Commercial Courts, Commercial Division and Commercial Appellate Division in the High Courts for adjudicating commercial disputes of specified value and matters connected therewith or incidental thereto.",4,2016,2016-12-31,2015-10-23,CENTRAL,Ministry of Law and Justice,Department of Legal Affairs,26,1,section
commercial-documents-evidence-act-1939,"The Commercial Documents Evidence Act, 1939",An Act to amend the Law of Evidence with respect to certain commercial documents.,30,1939,1939-09-26,1939-09-26,CENTRAL,Ministry of Law and Justice,Legislative Department,4,1,section
commission-air-quality-management-national-capital-region-adjoining,"The Commission for Air Quality Management in National Capital Region and Adjoining Areas Act, 2021","An Act to provide for the constitution of the Commission for Air Quality Management in National Capital Region and Adjoining Areas for better co-ordination, research, identification and resolution of problems surrounding the air quality index and for matters connected therewith or incidental thereto.",29,2021,2021-08-12,2021-04-13,CENTRAL,"Ministry of Environment, Forest and Climate Change",,31,1,section
commission-development-backward-areas-telangana-act-2008,"The Commission for Development of Backward Areas of Telangana Act, 2008.",An Act to constitute a Commission for Development of Backward Areas in the State of Telangana and for matters connected therewith or incidental thereto.,19,2008,2008-04-26,,Telangana,,Backward Classes Welfare,17,1,section
commission-sati-prevention-act-1987,"The Commission of Sati (Prevention ) Act, 1987",An Act to provide for the more effective prevention of the commission of sati and its glorification and for matters connected therewith or incidental thereto.,3,1988,1988-01-03,1988-03-21,CENTRAL,Ministry of Women and Child Development,,22,1,section
commissions-inquiry-act-1952,"The Commissions of Inquiry Act, 1952",An Act to provide for the appointment of Commissions of Inquiry and for vesting such Commissions with certain powers.,60,1952,1952-08-14,1952-10-01,CENTRAL,Ministry of Home Affairs,Department of Home,20,1,section
commissions-protection-child-rights-act-2005,"The Commissions for Protection of Child Rights Act, 2005",An Act to provide for the constitution of a National Commission and State Commissions for Protection of Child Rights and Children's Courts for providing speedy trial of offences against children or of violation of child rights and for matters connected therewith or incidental thereto.,4,2006,2006-01-20,2007-02-05,CENTRAL,Ministry of Women and Child Development,,37,1,section
commissions-protection-child-rights-act-2005-chandigarh,"The Commissions for Protection of Child Rights Act, 2005",,4,2006,2006-01-20,,Chandigarh,,Home (judicial),1,1,section
commissions-protection-child-rights-act-2005-chandigarh-2006,"The Commissions for Protection of Child Rights Act, 2005",,4,2006,2006-01-20,,Chandigarh,,Social Welfare,2,1,section
companies-act,"The Companies Act, 2013",An Act to consolidate and amend the law relating to companies.,18,2013,2013-08-29,2014-04-01,CENTRAL,Ministry of Corporate Affairs,,527,1,section
companies-donations-national-funds-act-1951,"The Companies (Donations to National Funds) Act, 1951",An Act to enable companies to make donations to national funds.,54,1951,1951-10-17,1951-10-17,CENTRAL,Ministry of Corporate Affairs,,4,1,section
companies-profits-surtax-act-1964,"The Companies (Profits) Surtax Act, 1964",An Act to impose a special tax on the profits of certain companies.,7,1964,1964-05-02,1964-05-02,CENTRAL,Ministry of Finance,Department of Revenue,34,1,section
company-secretaries-act-1980,"The Company Secretaries Act, 1980",An Act to make provision for the regulation and development of the profession of Company Secretaries.,56,1980,1980-12-10,1981-01-01,CENTRAL,Ministry of Corporate Affairs,,59,1,section
compensatory-afforestation-fund-act-2016,"The Compensatory Afforestation Fund Act, 2016.","An Act to provide for the establishment of funds under the public accounts of India and the public accounts of each State and crediting thereto the monies received from the user agencies towards compensatory afforestation, additional compensatory afforestation, penal compensatory afforestation, net present value and all other amounts recovered from such agencies under the Forest (Conservation) Act, 1980, constitution of an authority at national level and at each of the State and Union territory Administration for administration of the funds and to utilise the monies so collected for undertaking artificial regeneration (plantations), assisted natural regeneration, protection of forests, forest related infrastructure development, Green India Programme, wildlife protection and other related activities and for matters connected therewith or incidental thereto.",38,2016,2016-08-03,2017-09-30,CENTRAL,"Ministry of Environment, Forest and Climate Change",,33,1,section
competition-act,"The Competition Act, 2002","An Act to provide, keeping in view of the economic development of the country, for the establishment of a Commission to prevent practices having adverse effect on competition, to promote and sustain competition in markets, to protect the interests of consumers and to ensure freedom of trade carried on by other participants in markets, in India, and for matters connected therewith or incidental thereto.",12,2003,2003-01-13,2003-03-31,CENTRAL,Ministry of Corporate Affairs,,98,1,section
comptroller-auditor-general-s-duties-powers-conditions-service-act,"The Comptroller Auditor-General's (Duties, Powers and Conditions of Service) Act, 1971",An Act to determine the conditions of service of the Comptroller and Auditor-General of India and to prescribe his duties and powers and for matters connected therewith or incidental thereto.,56,1971,1971-12-15,1971-12-15,CENTRAL,Ministry of Finance,Department of Economic Affairs,27,1,section
conservation-foreign-exchange-prevention-smuggling-activities-act-1974,"The Conservation of Foreign Exchange and Prevention of Smuggling Activities Act, 1974",An Act to provide for preventive detention in certain cases for the purposes of conservation and augmentation of Foreign Exchange and prevention of smuggling activities and for matters connected therewith.,52,1974,1974-12-13,1974-12-19,CENTRAL,Ministry of Finance,Department of Revenue,17,1,section
constitution-india-puducherry,The Constitution of India,,1,1950,1949-11-26,,Puducherry,,LAW DEPARTMENT,1,1,section
constitution-india-rajasthan,The Constitution of India,Rules framed under various Articles of The Constitution of India,1,1950,1949-11-26,,Rajasthan,,Parliamentary Affairs Department,3,1,section
constitution-of-india,The Constitution of India,"The supreme law of India, adopted by the Constituent Assembly on 26 November 1949 and in force from 26 January 1950.",,1950,1949-11-26,1950-01-26,CENTRAL,Ministry of Law and Justice,Legislative Department,501,1,article
consumer-protection-act,"The Consumer Protection Act, 2019","An Act to provide for protection of the interests of consumers and for the said purpose, to establish authorities for timely and effective administration and settlement of consumers' disputes and for matters connected therewith or incidental thereto",35,2019,2019-08-09,,CENTRAL,"Ministry of Consumer Affairs, Food and Public Distribution",Department of Consumer Affairs,107,1,section
consumer-protection-act-1986,"The Consumer Protection Act, 1986",,68,1986,1986-12-24,,Chandigarh,,State Consumer Disputes Redressal Commission,3,1,section
contempt-courts-act-1971,"The Contempt of Courts Act, 1971",An Act to define and limit the powers of certain courts in punishing contempts of courts and to regulate their procedure in relation thereto.,70,1971,1971-12-24,1971-12-24,CENTRAL,Ministry of Law and Justice,Department of Justice,24,1,section
contingency-fund-india-act-1950,"The Contingency Fund of India Act, 1950",An Act to provide for the establishment and maintenance of Contingency Fund.,49,1950,1950-08-14,1950-08-14,CENTRAL,Ministry of Finance,Department of Economic Affairs,4,1,section
contract-act,"The Indian Contract Act, 1872",,9,1872,1872-04-25,1872-09-01,CENTRAL,Ministry of Law and Justice,Legislative Department,268,1,section
contract-labour-regulation-abolition-act-1970-chandigarh-1970,"The Contract Labour (Regulation and Abolition) Act, 1970",,37,1970,1970-09-05,,Chandigarh,,Labour Department,1,1,section
control-national-highways-land-traffic-act-2002,"The Control of National Highways (Land and Traffic) Act, 2002","An Act to provide for control of land within the National Highways, right of way and traffic moving on the National Highways and also for removal of unauthorised occupation thereon.",13,2003,2003-01-14,2005-01-27,CENTRAL,Ministry of Road Transport and Highways,,50,1,section
copyright-act,"The Copyright Act, 1957",An Act to amend and consolidate the law relating to copyright.,14,1957,1957-06-04,1958-01-21,CENTRAL,Ministry of Commerce and Industry,Department of Promotion of Industry and Internal Trade,105,1,section
cost-accountants-act-1959,"The Cost Accountants Act, 1959",An Act to make provision for the regulation of the profession of cost and works accountants.,23,1959,1959-05-19,1959-05-28,CENTRAL,Ministry of Corporate Affairs,,59,1,section
court-fees-act-1870,"The Court-Fees Act, 1870",,7,1870,1870-03-11,1870-04-11,CENTRAL,Ministry of Law and Justice,Department of Justice,48,1,section
cpc,"The Code of Civil Procedure, 1908",An Act to consolidate and amend the laws relating to the procedure of the Courts of Civil Judicature.,5,1908,1908-03-21,1909-01-01,CENTRAL,Ministry of Law and Justice,Legislative Department,171,1,section
credit-information-companies-regulation-act-2005,"The Credit Information Companies (Regulation) Act, 2005.",An Act to provide for regulation of credit information companies and to facilitate efficient distribution of credit and for matters connected therewith or incidental thereto.,30,2005,2005-06-23,2006-12-14,CENTRAL,Ministry of Finance,Department of Financial Services,38,1,section
criminal-procedure-identification-act-2022,"The Criminal Procedure (Identification) Act, 2022",An Act to authorise for taking measurements of convicts and other persons for the purposes of identification and investigation in criminal matters and to preserve records and for matters connected therewith and incidental thereto.,11,2022,2022-04-18,2022-08-04,CENTRAL,Ministry of Home Affairs,Department of Internal Security,10,1,section
crpc,"The Code of Criminal Procedure, 1973",An Act to consolidate and amend the law relating to Criminal Procedure.,2,1974,1974-01-25,1974-04-01,CENTRAL,Ministry of Home Affairs,,500,0,section
customs-act-1962,"The Customs Act, 1962",An Act to consolidate and amend the law relating to Customs.,52,1962,1962-12-13,1963-02-01,CENTRAL,Ministry of Finance,Department of Revenue,285,1,section
customs-act-1962-chandigarh-1962,"The Customs Act, 1962",,52,1962,1962-12-13,,Chandigarh,,State Consumer Disputes Redressal Commission,1,1,section
customs-tariff-act-1975,"The Customs Tariff Act, 1975",An Act to consolidate and amend the law relating the Customs Duties.,51,1975,1975-08-18,1976-08-02,CENTRAL,Ministry of Finance,Department of Revenue,22,1,section
cutchi-memons-act-1938,"The Cutchi Memons Act, 1938",An Act to provide that all Cutchi Memons shall be governed in matters of succession and inheritance by the Muhammad an Law.,10,1938,1938-04-08,1938-11-01,CENTRAL,Ministry of Law and Justice,Legislative Department,4,1,section
cyberabad-metropolitan-area-police-act-2004,"The Cyberabad (Metropolitan Area) Police Act, 2004.",An Act to provide establishment of Cyberabad Commissionerate for the Metropolitan Area of Cyberabad and the matters connected therewith or incidental thereto.,2,2004,2004-07-03,2003-12-19,Telangana,,Home,13,1,section
dadra-nagar-haveli-act-1961,"The Dadra and Nagar Haveli Act, 1961",An Act to make provision for the representation of the Union territory of Dadra and Nagar Haveli in Parliament and for the administration of that Union territory and for matters connected therewith.,35,1961,1961-09-02,1961-08-11,CENTRAL,Ministry of Home Affairs,Department of States,14,1,section
dadra-nagar-haveli-daman-diu-merger-union-territories,"The Dadra and Nagar Haveli and Daman and Diu (Merger of Union territories) Act, 2019",An Act to provide for merger of Union territories of Dadra and Nagar Haveli and Daman and Diu and for matters connected therewith.,44,2019,2019-12-09,2020-01-26,CENTRAL,Ministry of Home Affairs,Department of Home,23,1,section
dakshina-bharat-hindi-prachar-sabha-act-1964,"The Dakshina Bharat Hindi Prachar Sabha Act, 1964","An Act to declare the institution known as the Dakshina Bharat Hindi Prachar Sabha, having at present its registered office at Madras, to be an institution of national importance and to provide for certain matters connected therewith.",14,1964,1964-05-12,1964-06-01,CENTRAL,Ministry of Education,Department of Higher Education,7,1,section
dalmia-dadri-cement-limited-acquisition-transfer-undertakings-act,"The Dalmia Dadri Cement Limited (Acquisition and Transfer of Undertakings) Act, 1981","An Act to provide for the acquisition and transfer of the undertakings of the Dalmia Dadri Cement Limited with a view to securing the proper management of such undertakings so as to subserve the interest of the general public by ensuring the continued manufacture, production and distribution of cement which is essential to the needs of the economy of the country and matters connected therewith or incidental thereto.",31,1981,1981-09-15,1981-06-23,CENTRAL,Ministry of Heavy Industries and Public Enterprises,Department of Heavy Industry,32,1,section
dam-safety-act-2021,"The Dam Safety Act, 2021","An Act to provide for surveillance, inspection, operation and maintenance of the specified dam for prevention of dam failure related disasters and to provide for institutional mechanism to ensure their safe functioning and for matters connected therewith or incidental thereto.",41,2021,2021-12-13,2021-12-30,CENTRAL,Ministry of Jal Shaktri,"Department of Water Resources, River Development and Ganga Rejuvenation",56,1,section
damodar-valley-corporation-act-1948,"The Damodar Valley Corporation Act, 1948",An Act to provide for the establishment and regulation of a Corporation for the development of the Damodar Valley in the Provinces of Bihar and West Bengal.,14,1948,1948-03-27,1948-04-02,CENTRAL,Ministry of Power,,60,1,section
dehra-dun-act-1871,"The Dehra Dun Act, 1871",An Act to give validity to the operation of the General Regulations and Acts within the Dehra Dun.,21,1871,1871-07-11,1871-07-11,CENTRAL,Ministry of Home Affairs,Department of States,4,1,section
dekkhan-agriculturists-relief-act-1879,"The Dekkhan Agriculturists' Relief Act, 1879",An Act for the relief of Indebted Agriculturists in certain parts of the Dekkhan.,17,1879,1879-10-29,1879-11-01,CENTRAL,Ministry of Home Affairs,Department of States,62,1,section
delhi-ajmer-merwara-land-development-act-1948,"The Delhi and Ajmer-Merwara Land Development Act, 1948","An Act to provide for the preparation and execution of land development schemes, the reclamation of waste-land and the control of private forests and grass-land, in the Provinces of Delhi and Ajmer-Merwara.",66,1948,1948-09-24,1948-11-01,CENTRAL,Ministry of Agriculture and Farmers Welfare,"Department of Agriculture, Cooperation and Farmers Welfare",33,1,section
delhi-apartment-ownership-act-1986,"The Delhi Apartment Ownership Act, 1986",An Act to provide for the ownership of an individual apartment in a multi-storeyed building and of an undivided interest in the common areas and facilities appurtenant to such apartment and to make such apartment and interest heritable and transferable and for matters connected therewith or incidental thereto.,58,1986,1986-12-23,,CENTRAL,Ministry of Housing and Urban Affairs,,27,1,section
delhi-development-act-1957,"The Delhi Development Act, 1957",An Act to provide for the development of Delhi according to plan and for matters ancillary thereto.,61,1957,1957-12-27,1957-12-30,CENTRAL,Ministry of Housing and Urban Affairs,,72,1,section
delhi-high-court-act-1966,"The Delhi High Court Act, 1966","An Act to provide for the constitution of a High Court for the Union territory of Delhi, for the extension of the jurisdiction of that High Court to the Union territory of Himachal Pradesh and for matters connected therewith.",26,1966,1966-09-05,1967-05-01,CENTRAL,Ministry of Law and Justice,Department of Justice,22,1,section
delhi-land-holdings-ceiling-act-1960,"The Delhi Land Holdings (Ceiling) Act, 1960",An Act to provide for the imposition of a ceiling on land holdings in the Union territory of Delhi and for matters connected therewith.,24,1960,1960-08-26,1960-08-26,CENTRAL,Ministry of Home Affairs,Department of States,29,1,section
delhi-lands-restrictions-on-transfer-act-1972,"The Delhi Lands (Restrictions on Transfer) Act, 1972","An Act to impose certain restrictions on transfer of lands which have been acquired by the Central Government or in respect of which acquisition proceedings have been initiated by that Government, with a view to preventing large-scale transactions of purported transfers or, as the case may be, transfers of such lands to unwary public.",30,1972,1972-06-14,1972-06-14,CENTRAL,Ministry of Home Affairs,Department of States,11,1,section
delhi-motor-vehicles-taxation-act-1962,"The Delhi Motor Vehicles Taxation Act, 1962",An Act to impose a tax on motor vehicles in the Union territory of Delhi and for other matters connected therewith.,57,1962,1962-12-15,1963-04-01,CENTRAL,Ministry of Road Transport and Highways,,25,1,section
delhi-municipal-corporation-act-1957,"The Delhi Municipal Corporation Act, 1957",An Act to consolidate and amend the law relating to the Municipal Government of Delhi.,66,1957,1957-12-28,1958-01-02,CENTRAL,Ministry of Home Affairs,Department of States,581,1,section
delhi-police-act-1978,"The Delhi Police Act, 1978",An Act to amend and consolidate the law relating to the regulation of the police in the Union territory of Delhi.,34,1978,1978-08-27,1978-07-01,CENTRAL,Ministry of Home Affairs,Department of Internal Security,152,1,section
delhi-primary-education-act-1960,"The Delhi Primary Education Act, 1960",An Act to provide for free and compulsory Primary education for children in the Union territory of Delhi.,39,1960,1960-09-20,1960-10-02,CENTRAL,Ministry of Home Affairs,Department of Home,26,1,section
delhi-rent-control-act-1958,"The Delhi Rent Control Act, 1958","An Act to provide for the control of rents and evictions and of rates of hotels and lodging houses, and for the lease of vacant premises to Government, in certain areas in the Union territory of Delhi.",59,1958,1958-12-31,1958-12-31,CENTRAL,Ministry of Housing and Urban Affairs,,67,1,section
delhi-sales-tax-act-1975,"The Delhi Sales Tax Act, 1975",An Act to consolidate and amend the law relating to the levy of tax on sale of goods in the Union territory of Delhi.,43,1975,1975-08-07,1975-10-21,CENTRAL,Ministry of Finance,Department of Revenue,75,1,section
delhi-school-education-act-1973,"The Delhi School Education Act, 1973",An Act to provide for better organisation and development of school education in the Union territory of Delhi and for matters connected therewith or incidental thereto.,18,1973,1973-04-09,1973-04-28,CENTRAL,Ministry of Education,Department of Higher Education,29,1,section
delhi-sikh-gurdwaras-act-1971,"The Delhi Sikh Gurdwaras Act, 1971",An Act to provide for the proper management of the Sikh Gurdwaras and Gurdwara property in Delhi and for matters connected therewith.,82,1971,1971-12-30,1972-04-07,CENTRAL,Ministry of Home Affairs,Department of States,42,1,section
delhi-special-police-establishment-act-1946,"The Delhi Special Police Establishment Act, 1946",An Act to make provision for the constitution of a special police force in Delhi for the investigation of certain offences in the Union territories for the superintendence and administration of the said force and for the extension to other areas of the powers and jurisdiction of members of the said force in regard to the investigation of the said offences.,25,1946,1946-11-19,1946-11-19,CENTRAL,"Ministry of Personnel, Public Grievances and Pensions",Department of Personnel and Training,13,1,section
delhi-university-act-1922,"The Delhi University Act, 1922",An Act to establish and incorporate a teaching and affiliating University at Delhi.,8,1922,1922-03-15,1922-05-01,CENTRAL,Ministry of Education,Department of Higher Education,50,1,section
delhi-urban-areas-tenant-s-relief-act-1961,"The Delhi (Urban Areas) Tenant's Relief Act, 1961",An Act to provide relief to the tenants of land in the urban areas of the Union territory of Delhi.,30,1961,1961-08-28,1961-08-28,CENTRAL,Ministry of Home Affairs,Department of States,9,1,section
delhi-urban-art-commission-act-1973,"The Delhi Urban Art Commission Act, 1973","An Act to provide for the establishment of the Delhi Urban Art Commission with a view to preserving, developing and maintaining the aesthetic quality of urban and environmental design within Delhi.",1,1974,1974-01-01,1974-05-01,CENTRAL,Ministry of Housing and Urban Affairs,,27,1,section
delimitation-act-2002,"The Delimitation Act, 2002","An Act to provide for the readjustment of the allocation of seats in the House of the People to the States, the total number of seats in the Legislative Assembly of each State, the division of each State and each Union territory having a Legislative Assembly into territorial constituencies for elections to the House of the People and Legislative Assemblies of the States and Union territories and for matters connected therewith.",33,2002,2002-06-03,2002-06-03,CENTRAL,Ministry of Law and Justice,Legislative Department,14,1,section
delivery-books-newspapers-public-libraries-act-1954,"The Delivery of Books and Newspapers (Public Libraries) Act, 1954",An Act to provide for delivery of books to the National Library and other public libraries.,27,1954,1954-05-20,1954-05-20,CENTRAL,Ministry of Culture,,9,1,section
departmental-inquiries-enforcement-attendance-witnesses-production-documents-act,"The Departmental Inquiries (Enforcement of Attendance of Witnesses and Production of Documents) Act, 1972",An Act to provide for the enforcement of attendance of witnesses and production of documents in certain departmental inquiries and for matters connected therewith or incidental thereto.,18,1972,1972-05-31,1972-05-31,CENTRAL,Ministry of Home Affairs,Department of Internal Security,7,1,section
departmentalisation-union-accounts-transfer-personnel-act-1976,"The Departmentalisation of Union Accounts (Transfer of Personnel) Act, 1976","An Act to provide for the transfer of officers serving in the Indian Audit and Accounts Department to any Ministry, Department or office of the Central Government for facilitating the efficient discharge by such Ministry, Department or office of the responsibility in connection with compiling the accounts thereof.",59,1976,1976-04-08,1976-03-01,CENTRAL,Ministry of Finance,Department of Expenditure,3,1,section
deposit-insurance-credit-guarantee-corporation-act-1961,"The Deposit Insurance and Credit Guarantee Corporation Act, 1961",An Act to provide for the establishment of a corporation for the purpose of insurance of deposits and guaranteeing of credit facilities and for other matters connected therewith or incidental thereto.,47,1961,1961-12-07,1962-01-01,CENTRAL,Ministry of Finance,Department of Financial Services,63,1,section
depositories-act-1996,"The Depositories Act, 1996",An Act to provide for regulation of depositories in securities and for matters connected therewith or incidental thereto.,22,1996,1996-08-10,1995-09-20,CENTRAL,Ministry of Finance,Department of Economic Affairs,60,1,section
designs-act-2000,"The Designs Act, 2000",An Act to consolidate and amend the law relating to protection of designs.,16,2000,2000-05-25,2001-05-11,CENTRAL,Ministry of Commerce and Industry,Department of Promotion of Industry and Internal Trade,48,1,section
destruction-records-act-1917,"The Destruction of Records Act, 1917",An Act to consolidate and amend the law providing for the destruction or other disposal of certain documents in the possession or custody of Courts and Revenue and other,5,1917,1917-02-28,1917-02-28,CENTRAL,Ministry of Law and Justice,Legislative Department,6,1,section
destructive-insects-pests-act-1914,"The Destructive Insects and Pests Act, 1914","An act to prevent the introduction into India and the transport from one State to another of any insect, fungus or other pest, which is or may be destructive to crops.",2,1914,1914-02-03,1914-02-03,CENTRAL,Ministry of Agriculture and Farmers Welfare,"Department of Agriculture, Cooperation and Farmers Welfare",11,1,section
destructive-insects-pests-amendment-validation-act-1992,"The Destructive Insects and Pests (Amendment and Validation) Act, 1992.","An Act further to amend the Destructive Insects and Pests Act, 1914.",12,1992,1992-03-31,,CENTRAL,Ministry of Agriculture and Farmers Welfare,"Department of Agriculture, Cooperation and Farmers Welfare",4,1,section
digital-personal-data-protection-act-2023,"The Digital Personal Data Protection Act, 2023.",An Act to provide for the processing of digital personal data in a manner that recognises both the right of individuals to protect their personal data and the need to process such personal data for lawful purposes and for matters connected therewith or incidental thereto.,22,2023,2023-08-11,,CENTRAL,Ministry of Electronics and Information Technology,,44,1,section
diplomatic-consular-officers-oaths-fees-act-1948,"The Diplomatic and Consular Officers (Oaths and Fees) Act, 1948",An Act to provide for the administration of oaths by diplomatic and consular officers and to prescribe the fees leviable in respect of certain of their official duties.,41,1948,1948-09-03,1948-09-03,CENTRAL,Ministry of External Affairs,,8,1,section
diplomatic-consular-officers-oaths-fees-extension-jammu-kashmir,"The Diplomatic and Consular Officers (Oaths and Fees) (Extension to Jammu and Kashmir) Act, 1973","An Act to provide for the extension of the Diplomatic and Consular Officers (Oaths and Fees) Act, 1948 to the State of Jammu and Kashmir.",2,1973,1973-03-13,1973-03-13,CENTRAL,Ministry of External Affairs,,3,1,section
diplomatic-relations-vienna-convention-act-1972,"The Diplomatic Relations (Vienna Convention) Act, 1972","An Act to give effect to the Vienna Convention on Diplomatic Relations, 1961 and to provide for matters connected therewith.",43,1972,1972-08-29,1972-08-29,CENTRAL,Ministry of External Affairs,,11,1,section
direct-tax-vivad-se-vishwas-act-2020,"The Direct Tax Vivad se Vishwas Act, 2020",An Act to provide for resolution of disputed tax and for matters connected therewith or incidental thereto.,3,2020,2020-03-17,,CENTRAL,Ministry of Finance,Department of Revenue,12,1,section
disaster-management-act-2005,"The Disaster Management Act, 2005",An Act to provide for the effective management of disasters and for matters connected therewith or incidental thereto.,53,2005,2005-12-23,2006-07-28,CENTRAL,Ministry of Home Affairs,Department of States,85,1,section
dispositions-property-bombay-validation-act-1947,"The Dispositions of Property (Bombay) Validation Act, 1947.",,54,1947,1948-01-16,,Maharashtra,Govt of Maharashtra,Law and Judiciary Department,4,1,section
dissolution-muslim-marriages-act-1939,"The Dissolution of Muslim Marriages Act, 1939",An Act to consolidate and clarify the provisions of Muslim law relating to suits for dissolution of marriage by women married under Muslim law and to remove doubts as to the effect of the renunciation of Islam by a married Muslim woman on her marriage tie.,8,1939,1939-03-17,1939-03-17,CENTRAL,Ministry of Law and Justice,Legislative Department,6,1,section
district-planning-commitee-act-1999,"District Planning Commitee Act, 1999",,32,1999,1999-05-19,,Uttar Pradesh,,Planning,23,1,section
disturbed-areas-special-courts-act-1976,"The Disturbed Areas (Special Courts) Act, 1976",An Act to provide for the speedy trial of certain offences in certain areas and for matters connected therewith.,77,1976,1976-06-11,1976-08-15,CENTRAL,Ministry of Law and Justice,Department of Justice,10,1,section
divorce-act-1869,"The Divorce Act, 1869",An Act to amend the law relating to Divorce and Matrimonial Causes.�,4,1869,1869-01-26,1869-04-26,CENTRAL,Ministry of Law and Justice,Legislative Department,64,1,section
dma-act-2005,dma act 2005,"Disaster Management Act, 2005",53,2005,2005-12-23,,Uttar Pradesh,,Revenue,2,1,section
dock-workers-regulation-employment-act-1948,"The Dock Workers (Regulation of Employment) Act, 1948",An Act to provide for regulating the employment of dock workers.,9,1948,1948-03-04,1948-03-04,CENTRAL,Ministry of Shipping,,19,1,section
dock-workers-regulation-employment-inapplicability-major-ports-act,"The Dock Workers (Regulation of Employment) (Inapplicability to Major Ports) Act, 1997","An Act to provide for inapplicability of the Dock Workers (Regulation of Employment) Act, 1948 to dock workers of major port trusts and for matters connected therewith or incidental thereto.",31,1997,1997-08-18,1998-01-05,CENTRAL,Ministry of Shipping,,4,1,section
doctor-ram-manohar-lohiya-national-law-university-act,"The Doctor Ram Manohar Lohiya National Law University Act, 2005",,28,2005,2005-12-19,,Uttar Pradesh,,Higher Education,49,1,section
dowry-prohibition-act-1961,"The Dowry Prohibition Act, 1961",An Act to prohibit the giving or taking of dowry.,28,1961,1961-05-20,1961-07-01,CENTRAL,Ministry of Women and Child Development,,13,1,section
dowry-prohibition-act-1961-chandigarh,"The Dowry Prohibition Act, 1961",,28,1961,1961-05-20,,Chandigarh,,Police Department,1,1,section
dr-babasaheb-ambedkar-technological-university-act-2014,"The Dr. Babasaheb Ambedkar Technological University Act, 2014.",,29,2014,2014-06-27,,Maharashtra,Govt of Maharashtra,Higher and Technical Education Department,111,1,section
dr-rajendra-prasad-central-agricultural-university-act-2016,"The Dr. Rajendra Prasad Central Agricultural University Act, 2016.","An Act to provide for the establishment and incorporation of a University by conversion of the existing Rajendra Agricultural University, Pusa, Bihar to Dr. Rajendra Prasad Central Agricultural University for the development of agriculture and for the furtherance of the advancement of learning and pursuit of research in agriculture and allied sciences and to declare it to be an institution of national importance.",32,2016,2016-05-28,2016-10-07,CENTRAL,Ministry of Agriculture and Farmers Welfare,Department of Agricultural Research and Education,46,1,section
dr-ram-manohar-lohia-institute-medical-sciences-act,Dr. Ram Manohar Lohia Institute of Medical Sciences Act 2015,,41,2018,2018-09-12,,Uttar Pradesh,,Medical Education,52,1,section
dr-shakuntala-misra-rehabilitation-university-act-2009-with,Dr Shakuntala Misra Rehabilitation University Act 2009 with Ammendments,Dr Shakuntala Misra Rehabilitation University (For Differently Abled ) Uttar Pradesh Act 2009 with Amendments,1,2009,2009-02-19,,Uttar Pradesh,,Empowerment Of Persons With Disabilities,49,1,section
drugs-cosmetics-act-1940,"The Drugs and Cosmetics Act, 1940","An Act to regulate the import, manufacture, distribution and sale of drugs and cosmetics.",23,1940,1940-04-10,1940-04-10,CENTRAL,Ministry of Health and Family Welfare,Department of Health and Family Welfare,90,1,section
drugs-cosmetics-act-1940-chandigarh-1940,"The Drugs and Cosmetics Act, 1940",,23,1940,2016-12-31,,Chandigarh,,Government Medical College Hospital Sector 16,1,1,section
drugs-magic-remedies-objectionable-advertisement-act-1954,"The Drugs and Magic Remedies (Objectionable Advertisement) Act, 1954","An Act to control the advertisement of drugs in certain cases, to prohibit the advertisement for certain purposes of remedies alleged to possess magic qualities and to provide for matters connected therewith.",21,1954,1954-04-30,1955-04-01,CENTRAL,Ministry of Health and Family Welfare,Department of Health and Family Welfare,18,1,section
durgah-khawaja-saheb-act-1955,"The Durgah khawaja Saheb Act, 1955","An Act to make provision for the proper administration of the Durgah and the Endowment of the Durgah of Khawaja Moin-ud-din Chishti, generally known as Durgah Khawaja Saheb, Ajmer.",36,1955,1955-10-14,1956-03-01,CENTRAL,Ministry of Minority Affairs,,22,1,section
dv-act,"The Protection of Women from Domestic Violence Act, 2005",An Act to provide for more effective protection of the rights of women guaranteed under the Constitution who are victims of violence of any kind occurring within the family and formatters connected therewith or incidental thereto.,43,2005,2005-09-13,2006-10-26,CENTRAL,Ministry of Women and Child Development,,37,1,section
easements-extending-act-5-1882-1891,"The Easements (Extending Act 5 of 1882), 1891","An Act to extend the Indian Easements Act, 1882, to certain areas in which that Act is not in force.",8,1891,1891-03-06,1891-03-06,CENTRAL,Ministry of Law and Justice,Legislative Department,1,1,section
east-punjab-urban-rent-restriction-act-extension-chandigarh,"The East Punjab Urban Rent Restriction Act (Extension to Chandigarh) Act, 1974","An Act to extend the East Punjab Urban Rent Restriction Act, 1949, to the Union territory of Chandigarh.",54,1974,1974-12-20,1974-12-20,CENTRAL,Ministry of Home Affairs,Department of States,4,1,section
economic-offences-inapplicability-limitation-act-1974,"The Economic Offences (Inapplicability of Limitation) Act, 1974","An Act to provide for the inapplicability of the provisions of Chapter XXXVI of the Code of Criminal Procedure, 1973 to certain economic offences.",12,1974,1974-03-27,1974-04-01,CENTRAL,Ministry of Finance,Department of Revenue,2,1,section
egress-internal-movement-control-ordinance-2005-1948-d,"The Egress and Internal Movement (Control) Ordinance, 2005 (1948 A.d.)",An Ordinance to control egress from or movement within the 1Union territory of Jammu and Kashmir of persons for the time being in the 1Union territory of Jammu and Kashmir.,5,2005,2005-07-09,2005-09-12,Jammu and Kashmir,,"Department of Law,Justice and Parliamentary Affairs",24,1,section
election-laws-extension-sikkim-act-1976,"The Election Laws (Extension to Sikkim) Act, 1976","An Act to provide for the extension of the Representation of the People Act, 1950 and the Representation of the People Act, 1951, to the State of Sikkim.",10,1976,1976-01-25,1975-09-09,CENTRAL,Ministry of Law and Justice,Legislative Department,3,1,section
electricity-act-2003,"The Electricity Act, 2003","An Act to consolidate the laws relating to generation, transmission, distribution, trading and use of electricity and generally for taking measures conducive to development of electricity industry, promoting competition therein, protecting interest of consumers and supply of electricity to all areas, rationalisation of electricity tariff, ensuring transparent policies regarding subsidies, promotion of efficient and environmentally benign policies, constitution of Central Electricity Authority, Regulatory Commissions and establishment of Appellate Tribunal and for matters connected therewith or incidental thereto.",36,2003,2003-05-26,2003-06-10,CENTRAL,Ministry of Power,,188,1,section
electricity-act-2003-chandigarh,"The Electricity Act, 2003",,36,2003,2003-05-26,,Chandigarh,,Home (judicial),1,1,section
electricity-act-2003-chandigarh-2003,"The Electricity Act, 2003",,36,2003,2003-05-26,,Chandigarh,,Department of Engineering,5,1,section
emblems-names-prevention-improper-use-act-1950,"The Emblems and Names (Prevention of Improper Use) Act, 1950",An Act to prevent the improper use of certain emblems and names for professional and commercial purposes.,12,1950,1950-03-01,1950-09-01,CENTRAL,"Ministry of Consumer Affairs, Food and Public Distribution",Department of Consumer Affairs,9,1,section
emigration-act-1983,"The Emigration Act, 1983",An Act to consolidate and amend the law relating to emigration of citizens of India.,31,1983,1983-09-10,1983-12-30,CENTRAL,Ministry of External Affairs,,45,1,section
employee-s-workmen-compensation-act-1923,"The Employee's (Workmen) Compensation Act, 1923",,8,1923,1923-03-05,,Chandigarh,,Labour Department,1,1,section
employees-state-insurance-extension-tribal-areas-meghalaya-act,"The Employees State Insurance (Extension to the Tribal Areas of Meghalaya) Act No.2, 1998.","An Act to amend the Employees State Insurance Act, 1948 to the tribal areas of Meghalaya.",2,1999,1999-01-27,,Meghalaya,Meghalaya Law Department,Law Department,4,1,section
employment-manual-scavengers-construction-dry-latrines-prohibition-act,"The Employment of Manual Scavengers and Construction of Dry Latrines (Prohibition) Act, 1993",An Act to provide for the prohibition of employment of manual scavengers as well as construction or continuance of dry latrines and for the regulation of construction and maintenance of water-seal latrines and for matters connected therewith or incidental thereto.,46,1993,1993-06-05,1997-01-26,CENTRAL,Ministry of Social Justice and Empowerment,Department of Social Justice and Empowerment,24,1,section
enemy-agents-ordinance-2005-1948-d,"The Enemy Agents Ordinance, 2005 (1948 A.d.)",An Ordinance to provide for the trial punishment of enemy agents and persons committing certain offences with intent to aid the enemy.,8,1948,2005-02-12,2005-02-12,Jammu and Kashmir,,Home,19,1,section
enemy-property-act-1968,"The Enemy Property Act, 1968","An Act to provide for the continued vesting of enemy property vested in the Custodian of Enemy Property for India under the Defence of India Rules, 1962 and the Defence of India Rules, 1971, and for matters connected therewith.",34,1968,1968-08-20,1968-07-10,CENTRAL,Ministry of Home Affairs,Department of Internal Security,33,1,section
energy-conservation-act-2001,"The Energy Conservation Act, 2001",An Act to provide for efficient use of energy and its conservation and for matters connected therewith or incidental thereto.,52,2001,2001-09-29,2012-06-28,CENTRAL,Ministry of Power,,69,1,section
english-foreign-languages-university-act-2006,"The English and Foreign Languages University Act, 2006","An Act to establish and incorporate a teaching University for promotion and development of English and other Foreign Languages and their Literature, and to provide for matters connected therewith or incidental thereto.",7,2007,2007-01-10,2007-08-03,CENTRAL,Ministry of Education,Department of Higher Education,46,1,section
environment-act,"The Environment (Protection) Act, 1986",An Act to provide for the protection and improvement of environment and for matters connected therewith.,29,1986,1986-05-23,1986-11-19,CENTRAL,"Ministry of Environment, Forest and Climate Change",,37,1,section
environment-protection-act-1986-chandigarh,"The Environment (Protection) Act, 1986",,29,1986,1986-05-23,,Chandigarh,,Chandigarh Pollution Control Committee,2,1,section
environment-protection-act-1986-chandigarh-1986-2,"The Environment (Protection) Act, 1986",,29,1986,1986-05-23,,Chandigarh,,Environment,3,1,section
epidemic-diseases-act-1897,"The Epidemic Diseases Act, 1897",An Act to provide for the better prevention of the spread of Dangerous Epidemic Diseases.,3,1897,1897-02-04,1897-02-04,CENTRAL,Ministry of Health and Family Welfare,Department of Health and Family Welfare,12,1,section
epidemic-diseases-act-1897-chandigarh-1897,"Epidemic Diseases Act, 1897",,3,1897,1897-02-04,,Chandigarh,,Government Medical College Hospital Sector 16,1,1,section
epidemic-diseases-act-1897-puducherry,"The Epidemic Diseases Act, 1897",,3,1897,1897-02-04,,Puducherry,,LAW DEPARTMENT,1,1,section
equal-remuneration-act-1976-chandigarh,"The Equal Remuneration Act, 1976",,25,1976,1976-02-11,,Chandigarh,,Labour Department,1,1,section
eradication-unfair-activities-at-pandharpur-temples-providing-better,"The Eradication of Unfair Activities at Pandharpur Temples (for providing better facilities for worship) Act, 1980.",,11,1980,1980-07-19,,Maharashtra,Govt of Maharashtra,Law and Judiciary Department,9,1,section
essential-commodities-act-1955,"The Essential Commodities Act, 1955","An Act to provide, in the interest of the general public, for the control of the production, supply and distribution of, and trade and commerce, in certain commodities.",10,1955,1955-04-01,1955-04-01,CENTRAL,"Ministry of Consumer Affairs, Food and Public Distribution",Department of Consumer Affairs,29,1,section
essential-commodities-act-1955-chandigarh,"The Essential Commodities Act, 1955",,10,1955,1955-04-01,,Chandigarh,,Food & Supply,1,1,section
essential-services-maintenance-assam-act-1980,"The Essential Services Maintenance (Assam) Act, 1980",An Act to provide for the maintenance of certain essential services and the normal life of the community in Assam.,41,1980,1980-07-19,1980-07-19,CENTRAL,Ministry of Home Affairs,Department of States,11,1,section
expenditure-tax-act-1987,"The Expenditure-tax Act, 1987",An Act to provide for the levy of a tax on expenditure incurred in certain hotels or restaurants and for matters connected therewith or incidental thereto.,35,1987,1987-09-14,1987-11-01,CENTRAL,Ministry of Finance,Department of Revenue,33,1,section
expiring-laws-continuance-act-1948,"Expiring Laws Continuance Act, 1948",,13,1948,1948-04-01,,Uttar Pradesh,,Vidhai,2,1,section
explosive-substances-act-1908,"The Explosive Substances Act, 1908",An Act farther to amend the law relating to explosive substances.,6,1908,1908-06-08,1908-06-08,CENTRAL,Ministry of Home Affairs,Department of Internal Security,7,1,section
explosives-act-1884,"The Explosives Act, 1884","An Act to regulate the manufacture, possession, use, sale,transport, import and export of explosives.",4,1884,1884-02-26,1887-07-01,CENTRAL,Ministry of Commerce and Industry,Department of Promotion of Industry and Internal Trade,29,1,section
export-import-bank-india-act-1981,"The Export-Import Bank of India Act, 1981","An Act to establish a corporation to be known as the Export-Import Bank of India for providing financial assistance to exporters and importers, and for functioning as the principal financial institution for co-ordinating the working of institutions engaged in financing export and import of goods and services with a view to promoting the country s international trade and for matters connected therewith or incidental thereto.",28,1981,1981-09-11,1982-01-01,CENTRAL,Ministry of Finance,Department of Financial Services,41,1,section
export-quality-control-inspection-act-1963,"The Export (Quality Control and Inspection) Act, 1963",An Act to provide for the sound development of the export trade of India through quality control and inspection and for matters connected therewith.,22,1963,1963-08-24,1964-01-01,CENTRAL,Ministry of Commerce and Industry,Department of Commerce,38,1,section
extradition-act-1962,"The Extradition Act, 1962",An Act to consolidate and amend the law relating to the extradition of fugitive criminals and to provide for matters connected therewith or incidental thereto.,34,1962,1962-09-15,1963-01-05,CENTRAL,Ministry of External Affairs,,40,1,section
factories-act-1948-chandigarh-1948,"The Factories Act, 1948",,63,1948,1948-09-23,,Chandigarh,,Labour Department,1,1,section
factoring-regulation-act-2011,"The Factoring Regulation Act, 2011",An Act to provide for and regulate assignment of receivables by making provision for registration there for and rights and obligations of parties to contract for assignment of receivables and for matters connected therewith or incidental thereto.,12,2012,2012-01-22,2012-04-02,CENTRAL,Ministry of Finance,Department of Financial Services,36,1,section
family-courts-act-1984,"The Family Courts Act, 1984","An Act to provide for the establishment of Family Courts with a view to promote conciliation in, and secure speedy settlement of, disputes relating to marriage and family affairs and for matters connected therewith.",66,1984,1984-09-14,,CENTRAL,Ministry of Law and Justice,Department of Justice,23,1,section
faridabad-development-corporation-act-1956,"The Faridabad Development Corporation Act, 1956","An Act to provide for the establishment and regulation of a trading Corporation for the purpose of carrying on and promoting trade and industry in the town of Faridabad, assisting in the rehabilitation of displaced persons settled therein and for matters connected therewith.",90,1956,1956-12-28,1956-12-28,CENTRAL,Ministry of Law and Justice,Legislative Department,36,1,section
farm-laws-repeal-act-2021,"The Farm Laws Repeal Act, 2021","An Act to repeal the Farmers (Empowerment and Protection) Agreement on Price Assurance and Farm Services Act, 2020, the Farmers' Produce Trade and Commerce (Promotion and Facilitation) Act, 2020, the Essential Commodities (Amendment) Act, 2020 and to amend the Essential Commodities Act, 1955.",40,2021,2021-11-30,2021-11-30,CENTRAL,Ministry of Agriculture and Farmers Welfare,"Department of Agriculture, Cooperation and Farmers Welfare",3,1,section
fatal-accidents-act-1855,"The Fatal Accidents Act, 1855",An Act to provide compensation to families for loss occasioned by the death of a person caused by actionable wrong,13,1855,1855-03-27,1855-03-27,CENTRAL,Ministry of Law and Justice,Legislative Department,5,1,section
fema,"The Foreign Exchange Management Act, 1999",An Act to consolidate and amend the law relating to foreign exchange with the objective of facilitating external trade and payments and for promoting the orderly development and maintenance of foreign exchange market in India.,42,1999,1999-12-29,2000-06-01,CENTRAL,Ministry of Finance,Department of Economic Affairs,52,1,section
finance-commission-miscellaneous-provisions-act-1951,"The Finance Commission (Miscellaneous Provisions) Act, 1951","An Act to determine the qualifications requisite for appointment as members of the Finance Commission and the manner in which they shall be selected, and to prescribe their powers.",33,1951,1951-05-16,1951-05-16,CENTRAL,Ministry of Finance,Department of Economic Affairs,8,1,section
fiscal-responsibility-budget-management-act-2003,"The Fiscal Responsibility and Budget Management Act, 2003","An Act to provide for the responsibility of the Central Government to ensure inter-generational equity in fiscal management and long-term macro-economic stability by achieving sufficient revenue surplus and removing fiscal impediments in the effective conduct of monetary policy and prudential debt management consistent with fiscal sustainability through limits on the Central Government borrowings, debt and deficits, greater transparency in fiscal operations of the Central Government and conducting fiscal policy in a medium-term framework and for matters connected therewith or incidental thereto.",39,2003,2003-08-26,2004-07-05,CENTRAL,Ministry of Finance,Department of Economic Affairs,14,1,section
food-corporations-act-1964,"The Food Corporations Act, 1964",An Act to provide for the establishment of Food Corporations for the purpose of trading in foodgrains and other foodstuffs and for matters connected therewith and incidental thereto.,37,1964,1964-12-10,1964-12-17,CENTRAL,"Ministry of Consumer Affairs, Food and Public Distribution",Department of Food and Public Distribution,47,1,section
food-safety-standards-act-2006,"The Food Safety and Standards Act, 2006","An Act to consolidate the laws relating to food and to establish the Food Safety and Standards Authority of India for laying down science based standards for articles of food and to regulate their manufacture, storage, distribution, sale and import, to ensure availability of safe and wholesome food for human consumption and for matters connected therewith or incidental thereto.",34,2006,2006-08-23,2008-05-28,CENTRAL,Ministry of Health and Family Welfare,Department of Health and Family Welfare,101,1,section
footwear-design-development-institute-act-2017,"The Footwear Design and Development Institute Act, 2017","An Act to establish and declare the Footwear Design and Development Institute as an institution of national importance for the promotion and development of quality and excellence in education, research and training in all disciplines relating to footwear and leather products design and development and for matters connected therewith or incidental thereto.",20,2017,2017-08-04,2017-10-16,CENTRAL,Ministry of Commerce and Industry,Department of Commerce,39,1,section
foreign-aircraft-exemption-from-taxes-duties-on-fuel,"The Foreign Aircraft (Exemption from Taxes and Duties on Fuel and Lubricants) Act, 2002","An Act to implement Agreements entered into by India with other countries in pursuance of the Convention on International Civil Aviation opened for signatures at Chicago on the 7th December, 1944.",36,2002,2002-06-11,2002-06-11,CENTRAL,Ministry of Civil Aviation,,3,1,section
foreign-contribution-regulation-act-2010,"The Foreign Contribution (Regulation) Act, 2010",An Act to consolidate the law to regulate the acceptance and utilisation of foreign contribution or foreign hospitality by certain individuals or associations or companies and to prohibit acceptance and utilisation of foreign contribution or foreign hospitality for any activities detrimental to the national interest and for matters connected therewith or incidental thereto.,42,2010,2010-09-26,2011-05-01,CENTRAL,Ministry of Home Affairs,Department of Internal Security,56,1,section
foreign-marriage-act-1969,"The Foreign Marriage Act, 1969",An Act to make provision relating to marriages of citizens of India outside India.,33,1969,1969-08-31,1969-08-31,CENTRAL,Ministry of External Affairs,,30,1,section
foreign-trade-development-regulation-act-1992,"The Foreign Trade (Development and Regulation) Act, 1992","An Act to provide for the development and regulation of foreign trade by facilitating imports into, and augmenting exports from, India and for matters connected therewith or incidental thereto.",22,1992,1992-08-07,1992-06-19,CENTRAL,Ministry of Commerce and Industry,Department of Commerce,29,1,section
foreigners-law-application-amendment-act-1962,"The Foreigners Law (Application and Amendment) Act, 1962","An Act to apply the Registration of Foreigners Act, 1939 and the Foreigners Act, 1946 to certain persons to whom they do not at present apply and further to amend the Foreigners Act, 1946.",42,1962,1962-11-24,,CENTRAL,Ministry of Home Affairs,Department of Internal Security,4,1,section
forfeited-deposits-act-1850,"The Forfeited Deposits Act, 1850","An Act for the forfeiture to Government of deposits made on incomplete sales of land under Regulation 8, 1819.",25,1850,1850-06-14,1850-06-14,CENTRAL,Ministry of Home Affairs,Department of States,2,1,section
former-secretary-state-service-officers-conditions-service-act,"The Former Secretary of State Service Officers (Conditions of Service) Act, 1972",An Act to provide for the variation or revocation of the conditions of service of former Secretary of State Service officers in respect of certain matters and for matters connected therewith or incidental thereto.,59,1972,1972-09-21,1972-10-01,CENTRAL,"Ministry of Personnel, Public Grievances and Pensions",Department of Personnel and Training,14,1,section
forward-contracts-regulation-act-1952,"The Forward Contracts (Regulation) Act, 1952","An Act to provide for the regulation of certain matters relating to forward contracts, the prohibition of options in goods and for matters connected therewith.",74,1952,1952-12-26,1953-08-24,CENTRAL,Ministry of Finance,Department of Economic Affairs,43,1,section
fugitive-economic-offenders-act-2018,"The Fugitive Economic Offenders Act, 2018","An Act to provide for measures to deter fugitive economic offenders from evading the process of law in India by staying outside the jurisdiction of Indian courts, to preserve the sanctity of the rule of law in India and for matters connected therewith or incidental thereto.",17,2018,2018-07-31,2018-04-21,CENTRAL,Ministry of Finance,Department of Economic Affairs,26,1,section
fundamental-rules-chandigarh,Fundamental Rules,,45,1922,1922-01-01,,Chandigarh,,Chandigarh Industrial & Tourism Development Corporation Ltd.,1,1,section
gauripur-gholla-zamindars-annuity-rights-abolition-extinguishment-act,"The Gauripur (Gholla) Zamindars' Annuity Rights Abolition and Extinguishment Act, 1979 (Act 7 of 1980)",An Act to provide for abolition and extinguishment of annuity rights of the Zamindars of Gauripur (Gholla) within West Garo Hills District.,7,1980,1980-05-23,,Meghalaya,Meghalaya Law Department,Law Department,4,1,section
general-clauses-act,"The General Clauses Act, 1897","An Act to consolidate and extend the General Clauses Act, 1868 and 1887.",10,1897,1897-03-11,1897-03-11,CENTRAL,Ministry of Law and Justice,Legislative Department,36,1,section
general-insurance-business-nationalisation-act-1972,"The General Insurance Business (Nationalisation) Act, 1972","An Act to provide for the acquisition and transfer of shares of Indian insurance companies and undertakings of other existing insurers in order to serve better the needs of the economy by securing the development of general insurance business in the best interests of the community and to ensure that the operation of the economic system does not result in the concentration of wealth to the common detriment, for the regulation and control of such business and for matters connected therewith or incidental thereto.",57,1972,1972-09-20,1972-09-20,CENTRAL,Ministry of Finance,Department of Financial Services,48,1,section
general-provident-fund-uttar-pradesh-rules-1985-rule-12,"The General Provident Fund (Uttar Pradesh) Rules, 1985-Rule 12 (Amendment and Validation) Act, 2022",,9,2022,2022-09-29,,Uttar Pradesh,,Finance,4,1,section
geneva-conventions-act-1960,"The Geneva Conventions Act, 1960","An Act to enable effect to be given to certain international Conventions done at Geneva on the twelfth day of August, 1949, to which India is a party, and for purposes connected therewith.",6,1960,1960-03-12,1961-08-14,CENTRAL,Ministry of External Affairs,,20,1,section
geographical-indications-goods-registration-protection-act-1999,"The Geographical Indications of Goods (Registration and Protection) Act, 1999",An Act to provide for the registration and better protection of geographical indications relating to goods.,48,1999,1999-12-30,2003-09-15,CENTRAL,Ministry of Commerce and Industry,Department of Promotion of Industry and Internal Trade,89,1,section
gift-tax-act,"The Gift-tax Act, 1958",An Act to provide for the levy of gift-tax.,18,1958,1958-05-15,1958-04-01,CENTRAL,Ministry of Finance,Department of Revenue,81,1,section
glanders-farcy-dourine-acts-extension-act-1960,"The Glanders and Farcy and Dourine Acts (Extension) Act, 1960.",,34,1960,1960-12-30,,Maharashtra,Govt of Maharashtra,"Agriculture, Animal Husbandry, Dairy Development and Fisheries Department",5,1,section
goa-daman-diu-administration-act-1962,"The Goa, Daman and Diu (Administration) Act, 1962","An Act to provide for the administration of the Union territory of Goa, Daman and Diu and for matters connected therewith.",1,1962,1962-03-27,1962-03-05,CENTRAL,Ministry of Home Affairs,Department of States,11,1,section
goa-daman-diu-extension-code-civil-procedure-arbitration,"The Goa, Daman and Diu (Extension of the Code of Civil Procedure and the Arbitration Act) Act, 1965","An Act to provide for the extension of the Code of Civil Procedure, 1908, and the Arbitration Act, 1940, to the Union territory of Goa, Daman and Diu and for certain other matters.",30,1965,1965-09-25,1966-06-15,CENTRAL,Ministry of Law and Justice,Legislative Department,7,1,section
goa-daman-diu-mining-concessions-abolition-declaration-as,"The Goa, Daman and Diu Mining Concessions (Abolition and Declaration as Mining Leases) Act, 1987","An Act to provide for the abolition of the mining concessions in operation in the Union territory of Goa, Daman and Diu and specified in the First and the Second Schedules, and for the declaration of such mining concessions as mining leases under the Mines and Minerals (Regulation and Development) Act, 1957 with a view to the regulation of the mines to which such concessions relate and for the development of minerals under the control of the Union and for matters connected therewith or incidental thereto.",16,1987,1987-05-23,1987-05-23,CENTRAL,Ministry of Mines,,22,1,section
goa-daman-diu-reorganisation-act-1987,"The Goa, Daman and Diu Reorganisation Act, 1987","An Act to provide for the reorganisation of the Union territory of Goa, Daman and Diu and for matters connected therewith.",18,1987,1987-05-23,1987-05-23,CENTRAL,Ministry of Home Affairs,Department of States,72,1,section
gold-bonds-immunities-exemptions-act-1993,"The Gold Bonds (Immunities and Exemptions) Act, 1993",An Act to provide for certain immunities to the subscribers of the Gold Bonds and for certain exemptions from direct taxes in relation to such Bonds and for matters connected therewith or incidental thereto.,25,1993,1993-04-02,1993-01-31,CENTRAL,Ministry of Finance,Department of Economic Affairs,6,1,section
goods-services-tax-compensation-states-act-2017,"The Goods and Services Tax (Compensation to States) Act, 2017","An Act to provide for compensation to the States for the loss of revenue arising on account of implementation of the goods and services tax in pursuance of the provisions of the Constitution (One Hundred and First Amendment) Act, 2016.",15,2017,2017-04-12,2017-07-01,CENTRAL,Ministry of Finance,Department of Revenue,15,1,section
government-buildings-act-1899,"The Government Buildings Act, 1899","An Act to provide for the exemption from the operation of municipal building laws of certain buildings and lands which are the property, or in the occupation, of the",4,1899,1899-02-03,1899-02-03,CENTRAL,Ministry of Housing and Urban Affairs,,4,1,section
government-national-capital-territory-delhi-act-1991,"The Government of National Capital Territory of Delhi Act, 1991",An Act to supplement the provisions of the Constitution relating to the Legislative Assembly and a Council of Ministers for the National Capital Territory of Delhi and for matters connected therewith or incidental thereto.,1,1992,1992-01-02,1992-02-01,CENTRAL,Ministry of Home Affairs,Department of States,70,1,section
government-savings-promotion-act-1873,"The Government Savings Promotion Act, 1873","An Act to regulate Irrigation, Navigation and Drainage Northern India.",5,1873,1873-01-28,1873-01-28,CENTRAL,Ministry of Finance,Department of Economic Affairs,22,1,section
government-securities-act-1330-fasli,"The Government Securities Act, 1330 Fasli.",,2,1330,,,Telangana,,Finance,21,1,section
government-securities-act-2006,"The Government Securities Act, 2006",An Act to consolidate and amend the law relating to Government securities and its management by the Reserve Bank of India and for matters connected therewith or incidental thereto.,38,2006,2006-08-30,2007-11-30,CENTRAL,Ministry of Finance,Department of Economic Affairs,36,1,section
government-union-territories-act-1963,"The Government of Union Territories Act, 1963",An Act to provide for Legislative Assemblies and Councils of Ministers for certain Union territories and for certain other matters.,20,1963,1963-05-10,1963-05-13,CENTRAL,Ministry of Home Affairs,Department of States,72,1,section
governors-emoluments-allowances-privileges-act-1982,"The Governors (Emoluments, Allowances and Privileges) Act, 1982","An Act to determine the emoluments, allowances and privileges of Governors.",43,1982,1982-08-28,1987-04-01,CENTRAL,Ministry of Home Affairs,Department of Home,16,1,section
gram-nyayalayas-act-2008,"The Gram Nyayalayas Act, 2008","An Act to provide for the establishment of Gram Nyayalayas at the grass roots level for the purposes of providing access to justice to the citizens at their doorsteps and to ensure that opportunities for securing justice are not denied to any citizen by reason of social, economic or other disabilities and for matters connected therewith or incidental thereto.",4,2009,2009-01-07,2009-10-02,CENTRAL,Ministry of Law and Justice,Department of Justice,40,1,section
greater-bombay-laws-bombay-high-court-declaration-limits,"The Greater Bombay Laws and the Bombay High Court (Declaration of Limits) Act, 1945.",,17,1945,1945-08-15,,Maharashtra,Govt of Maharashtra,Home Department,11,1,section
guardians-wards-act-1890,"The Guardians and Wards Act, 1890",An Act to consolidate and amend the law relating to Guardian and Wards.,8,1890,1890-03-21,1890-03-21,CENTRAL,Ministry of Law and Justice,Legislative Department,55,1,section
gurdwara-election-commission-extracts-from-sikh-gurdwara-s,"The Gurdwara Election Commission Extracts from the Sikh Gurdwara S, Act, 1925.",,8,1925,2001-07-31,,Chandigarh,,Home (judicial),1,1,section
haj-committee-act-2002,"The Haj Committee Act, 2002","An Act to establish a Haj Committee of India and State Haj Committees for making arrangements for the pilgrimage of Muslims for Haj, and for matters connected therewith.",35,2002,2002-06-11,2002-12-05,CENTRAL,Ministry of Minority Affairs,,52,1,section
handlooms-reservation-articles-production-act-1985,"The Handlooms (Reservation of Articles for Production) Act, 1985",An Act to provide for reservation of certain articles for exclusive production by handlooms and for matters connected therewith.,22,1985,1985-03-29,1986-03-31,CENTRAL,Ministry of Textiles,,19,1,section
haryana-housing-board-act-1971-as-extended-chandigarh,The Haryana Housing Board Act 1971 (as extended to Chandigarh),,20,1971,1975-03-13,,Chandigarh,,Chandigarh Housing Board,2,1,section
haryana-punjab-agricultural-universities-act-1970,"The Haryana and Punjab Agricultural Universities Act, 1970","An Act to provide for the establishment of two independent Agricultural Universities in place of the Punjab Agricultural University constituted by the Punjab Agricultural University Act, 1961, and for matters consequential on, or connected with the establishment of those independent Agricultural Universities.",16,1970,1970-04-02,1970-02-02,CENTRAL,Ministry of Agriculture and Farmers Welfare,Department of Agricultural Research and Education,45,1,section
haryana-uttar-pradesh-alteration-boundaries-act-1979,"The Haryana and Uttar Pradesh (Alteration of Boundaries) Act, 1979",An Act to provide for the alteration of boundaries of the States of Haryana and Uttar Pradesh and for matters connected therewith.,31,1979,1979-06-11,1979-06-11,CENTRAL,Ministry of Home Affairs,Department of States,36,1,section
health-security-se-national-security-cess-act-2025,"The Health Security Se National Security Cess Act, 2025","An Act to augment the resources for meeting expenditure on national security and for public health, and to *levy a cess for the said purposes on the machines installed or other processes undertaken by which specified goods are manufactured or produced and for matters connected therewith or incidental thereto.",35,2025,2025-12-15,2026-02-01,CENTRAL,Ministry of Finance,Department of Revenue,39,1,section
high-court-at-bombay-extension-jurisdiction-goa-daman,"The High Court at Bombay (Extension of Jurisdiction to Goa, Daman and Diu) Act, 1981","An Act to provide for the extension of the jurisdiction of the High Court at Bombay to the Union territory of Goa, Daman and Diu, for the establishment of a permanent bench of that High Court at Panaji and for matters connected therewith.",26,1981,1981-09-09,1982-10-30,CENTRAL,Ministry of Law and Justice,Department of Justice,14,1,section
high-court-at-patna-establishment-permanent-bench-at,"The High Court at Patna (Establishment of a Permanent Bench at Ranchi) Act, 1976",An Act to provide for the establishment of a permanent bench of the High Court at Patna at Ranchi.,57,1976,1976-04-08,1976-04-08,CENTRAL,Ministry of Law and Justice,Department of Justice,2,1,section
high-court-judges-salaries-conditions-service-act-1954,"The High Court Judges Salaries and Conditions of Service Act, 1954",An Act to regulate salaries and certain conditions of service of the Judges of High Courts.,28,1954,1954-05-20,1954-05-20,CENTRAL,Ministry of Law and Justice,Department of Justice,40,1,section
high-courts-seals-act-1950,"The High Courts (Seals) Act, 1950",An Act to provide for the use of seals of common form and design by the High Courts in the States.,7,1950,1950-02-27,1950-02-27,CENTRAL,Ministry of Law and Justice,Department of Justice,3,1,section
himachal-pradesh-bilaspur-new-state-act-1954,"The Himachal Pradesh and Bilaspur (New State) Act, 1954","An Act to provide for the formation of the new State of Himachal Pradesh by uniting the existing States of Himachal Pradesh and Bilaspur, and for matters connected therewith.",32,1954,1954-05-28,1954-07-01,CENTRAL,Ministry of Home Affairs,Department of States,32,1,section
hind-cycles-limited-sen-raleigh-limited-nationalisation-act-1980,"The Hind Cycles Limited and Sen-Raleigh Limited (Nationalisation) Act, 1980","An Act to provide for the acquisition of the undertakings of the Hind Cycles Limited, and Sen-Raleigh Limited, with a view to securing the proper management of such undertakings so as to subserve the interests of the general public by ensuring the continued manufacture, production and distribution of bicycles, and their component parts and accessories which are essential to the needs of the economy of the country and for matters connected therewith or incidental thereto.",70,1980,1980-12-27,1980-10-15,CENTRAL,Ministry of Heavy Industries and Public Enterprises,Department of Heavy Industry,33,1,section
hindi-sahitya-sammelan-act-1962,"The Hindi Sahitya Sammelan Act, 1962",An Act to declare the institution known as the Hindi Sahitya Sammelan having its head office at Allahabad to be an institution of national importance and to provide for its incorporation and matters connected therewith.,13,1962,1962-03-30,1962-06-28,CENTRAL,Ministry of Education,Department of Higher Education,19,1,section
hindi-sahitya-sammelan-reorganization-act-1956,"The Hindi Sahitya Sammelan (Reorganization), Act, 1956",,36,1956,1956-11-21,,Uttar Pradesh,,Higher Education,16,1,section
hindu-adoptions-maintenance-act-1956,"The Hindu Adoptions and Maintenance Act, 1956",An Act to amend and codify the law relating to adoptions and maintenance among Hindus.,78,1956,1956-12-21,1956-12-21,CENTRAL,Ministry of Law and Justice,Legislative Department,30,1,section
hindu-disposition-property-act-1916,"The Hindu Disposition of Property Act, 1916",An act to remove certain existing disabilities in respect of the power of disposition of property by Hindus for the benefit of persons not in existence at the date of such disposition.,15,1916,1916-09-28,1916-09-28,CENTRAL,Ministry of Law and Justice,Legislative Department,5,1,section
hindu-gains-learning-act-1930,"The Hindu Gains of Learning Act, 1930",An Act to remove doubt as to the rights of a member of a Hindu undivided family in property acquired by him by means of his learning.,30,1930,1930-07-25,1930-07-25,CENTRAL,Ministry of Law and Justice,Legislative Department,4,1,section
hindu-marriage-act,"The Hindu Marriage Act, 1955",An Act to amend and codify the law relating to marriage among Hindus.,25,1955,1955-05-18,1955-05-18,CENTRAL,Ministry of Law and Justice,Legislative Department,37,1,section
hindu-minority-guardianship-act-1956,"The Hindu Minority and Guardianship Act, 1956",An Act to amend and codify certain parts of the law relating to minority and guardianship among Hindus.,32,1956,1956-08-25,1956-08-25,CENTRAL,Ministry of Law and Justice,Legislative Department,13,1,section
hindu-succession-act-1956,"The Hindu Succession Act, 1956",An Act to amend and codify the law relating to intestate succession among Hindus.,30,1956,1956-06-17,1956-06-17,CENTRAL,Ministry of Law and Justice,Legislative Department,31,1,section
homoeopathy-central-council-act-1973,"The Homoeopathy Central Council Act, 1973",,59,1973,1973-12-19,,Chandigarh,,Government Medical College Hospital Sector 16,1,1,section
hotel-receipts-tax-act-1980,"The Hotel-Receipts Tax Act, 1980",An Act to impose a special tax on gross receipts of certain hotels.,54,1980,1980-12-09,1980-12-09,CENTRAL,Ministry of Finance,Department of Revenue,37,1,section
human-immunodeficiency-virus-acquired-immune-deficiency-syndrome-prevention,"The Human Immunodeficiency Virus and Acquired Immune Deficiency Syndrome (Prevention and Control) Act, 2017",An Act to provide for the prevention and control of the spread of Human Immunodeficiency Virus and Acquired Immune Deficiency Syndrome and for the protection of human rights of persons affected by the said virus and syndrome and for matters connected therewith or incidental thereto.,16,2017,2017-04-20,2018-09-10,CENTRAL,Ministry of Health and Family Welfare,Department of Health and Family Welfare,50,1,section
hyderabad-abolition-inams-cash-grants-act-1954,"The Hyderabad Abolition of Inams and Cash Grants Act, 1954.",,8,1955,1955-07-20,,Maharashtra,Govt of Maharashtra,Revenue & Forest Department,39,1,section
hyderabad-atiyat-inquiries-act-1952,"The Hyderabad Atiyat Inquiries Act, 1952.",,10,1952,1956-09-05,,Maharashtra,Govt of Maharashtra,Revenue & Forest Department,18,1,section
hyderabad-currency-demonetization-consequential-miscellaneous-provisions-act-1953,"The Hyderabad Currency Demonetization (Consequential and Miscellaneous Provisions) Act, 1953.","An Act to make certain provisions in consequence of Demonetization of the Hyderabad O.S. Currency, with effect from 1st April, 1953.",1,1953,1953-04-01,1953-04-01,Telangana,,Finance,5,1,section
hyderabad-metropolitan-water-supply-validation-water-rates-service,"The Hyderabad Metropolitan Water Supply (Validation of Water Rates and Service Charges) Act, 1988.",An Act to regulate the levy and collection of Water Charges in the twin-cities of Hyderabad and Secunderabad in the State of Telangana.,30,1988,1988-09-13,1986-11-18,Telangana,,Municipal Administration and Urban Development,4,1,section
hyderabad-state-bank-act-1350-fasli,"The Hyderabad State Bank Act, 1350 Fasli.",,19,1350,,,Telangana,,Finance,3,1,section
iea,"The Indian Evidence Act, 1872","An Act to consolidate, define and amend the law of Evidence.",1,1872,1872-03-15,1872-09-01,CENTRAL,Ministry of Law and Justice,,185,0,section
illegal-migrants-determination-by-tribunals-act-1983,"The Illegal Migrants (Determination by Tribunals) Act, 1983","An Act to provide for the establishment of Tribunals for the determination, in a fair manner, of the question whether a person is an illegal migrant to enable the Central Government to expel illegal migrants from India and for matters connected therewith or incidental thereto.",39,1983,1983-12-25,1983-12-25,CENTRAL,Ministry of Home Affairs,Department of Internal Security,31,1,section
immigrants-expulsion-from-assam-act-1950,"The Immigrants (Expulsion from Assam) Act, 1950",An Act to provide for the expulsion of certain immigrants from Assam.,10,1950,1950-03-01,1950-03-01,CENTRAL,Ministry of Home Affairs,Department of States,7,1,section
immigration-foreigners-act-2025,"The Immigration and Foreigners Act, 2025",An Act to confer upon the Central Government certain powers to provide for requirement of passports or other travel documents in respect of persons entering into and exiting from India and for regulating matters related to foreigners including requirement of visa and registration and for matters connected therewith or incidental thereto.,13,2025,2025-04-04,2025-09-01,CENTRAL,Ministry of Home Affairs,Department of Home,36,1,section
immoral-traffic-prevention-act-1956,"The Immoral Traffic (Prevention) Act, 1956","An Act to provide in pursuance of the International Convention signed at New York on the 9th day of May, 1950, for the Prevention of Immoral Traffic.",104,1956,1956-12-30,,CENTRAL,Ministry of Women and Child Development,,32,1,section
immoral-traffic-prevention-act-1956-chandigarh,"The Immoral Traffic (Prevention) Act, 1956",,104,1956,1956-12-30,,Chandigarh,,Social Welfare,1,1,section
inchek-tyres-limited-national-rubber-manufacturers-limited-nationalisation,"The Inchek Tyres Limited and National Rubber Manufacturers Limited (Nationalisation) Act, 1984","An Act to provide for the acquisition and transfer of the undertakings of the Inchek Tyres Limited and the National Rubber Manufacturers Limited, with a view to securing the proper management of such undertakings so as to subserve the interests of the general public by ensuring the continued manufacture, production and distribution of tyres, tubes and other rubber goods which are essential to the needs of the economy of the country and for matters connected therewith or incidental thereto.",17,1984,1984-03-31,1984-02-14,CENTRAL,Ministry of Heavy Industries and Public Enterprises,Department of Heavy Industry,33,1,section
income-tax-act,"The Income-tax Act, 1961",An Act to consolidate and amend the law relating to income-tax and super-tax.,43,1961,1961-09-13,1962-04-01,CENTRAL,Ministry of Finance,Department of Revenue,780,0,section
income-tax-act-2025,"The Income-tax Act, 2025",An Act to consolidate and amend the law relating to income-tax.,30,2025,2025-08-21,2026-04-01,CENTRAL,Ministry of Finance,Department of Revenue,523,1,section
indecent-representation-women-prohibition-act-1986,"The Indecent Representation of Women (Prohibition) Act, 1986","An Act to prohibit indecent representation of women through advertisements or in publications, writings, paintings, figures or in any other manner and for matters connected therewith or incidental thereto.",60,1986,1986-12-23,1987-10-02,CENTRAL,Ministry of Women and Child Development,,10,1,section
india-international-arbitration-centre-act-2019,"The India International Arbitration Centre Act, 2019",An Act to provide for the establishment and incorporation of the New Delhi International Arbitration Centre for the purpose of creating an independent and autonomous regime for institutionalised arbitration and for acquisition and transfer of the undertakings of the International Centre for Alternative Dispute Resolution and to vest such undertakings in the New Delhi International Arbitration Centre for the better management of arbitration so as to make it a hub for institutional arbitration and to declare the New Delhi International Arbitration Centre to be an institution of national importance and for matters connected therewith or incidental thereto.,17,2019,2019-07-26,2019-03-02,CENTRAL,Ministry of Law and Justice,Department of Legal Affairs,35,1,section
indian-antarctic-act-2022,"The Indian Antarctic Act, 2022","An Act to provide for the national measures for protecting the Antarctic environment and dependent and associated ecosystems and to give effect to the Antarctic Treaty, the Convention on the Conservation of Antarctic Marine Living Resources and to the Protocol on Environmental Protection to the Antarctic Treaty and for matters connected therewith or incidental thereto.",13,2022,2022-08-06,2023-08-07,CENTRAL,Ministry of Earth Sciences,,57,1,section
indian-christian-marriage-act-1872,"The Indian Christian Marriage Act, 1872",An Act to consolidate and amend the law relating to the solemnization in India of the marriages of Christians.,15,1872,1872-07-18,1872-07-18,CENTRAL,Ministry of Law and Justice,Legislative Department,88,1,section
indian-council-world-affairs-act-2001,"The Indian Council of World Affairs Act, 2001",An Act to declare the Indian Council of World Affairs to be an institution of national importance and to provide for its incorporation and matters connected therewith.,29,2001,2001-09-03,2000-09-01,CENTRAL,Ministry of External Affairs,,31,1,section
indian-easements-act-1882,"The Indian Easements Act, 1882",An Act to define and amend the law relating to Easements and Licenses.,5,1882,1882-02-17,1872-07-01,CENTRAL,Ministry of Law and Justice,Legislative Department,64,1,section
indian-forest-act-1927,"The Indian Forest Act, 1927","An Act to consolidate the law relating to forests, the transit of forest-produce and the duty leviable on timber and other forest-produce.",16,1927,1927-09-21,1927-09-21,CENTRAL,"Ministry of Environment, Forest and Climate Change",,88,1,section
indian-forest-act-1927-chandigarh-1927,"The Indian Forest Act, 1927",,16,1927,1927-09-21,,Chandigarh,,Forest and Wildlife,3,1,section
indian-institute-management-act-2017,"The Indian Institute of Management Act, 2017","An Act to declare certain Institutes of management to be institutions of national importance with a view to empower these institutions to attain standards of global excellence in management, management research and allied area of knowledge and to provide for certain other matters connected therewith or incidental thereto.",33,2017,2017-12-31,2018-01-31,CENTRAL,Ministry of Education,Department of Higher Education,40,1,section
indian-institute-petroleum-energy-act-2017,"The Indian Institute of Petroleum and Energy Act, 2017",An Act to declare the institution known as the Indian Institute of Petroleum and Energy to be an institution of national importance and to provide for its incorporation and for matters connected therewith or incidental thereto,3,2018,2018-01-05,,CENTRAL,Ministry of Petroleum and Natural Gas,,45,1,section
indian-institutes-information-technology-act-2014,"The Indian Institutes of Information Technology Act, 2014","An Act to declare certain institutions of information technology to be institutions of national importance, with a view to develop new knowledge in information technology and to provide manpower of global standards for the information technology industry and to provide for certain other matters connected with such institutions or incidental thereto.",30,2014,2014-12-08,2015-01-05,CENTRAL,Ministry of Education,Department of Higher Education,50,1,section
indian-institutes-information-technology-public-private-partnership-act-2017,"The Indian Institutes of Information Technology (Public-private Partnership) Act, 2017","An Act to declare certain Indian Institutes of Information Technology established under public-private partnership as institutions of national importance, with a view to develop new knowledge in information technology and to provide manpower of global standards for the information technology industry and to provide for certain other matters connected with such institutions or incidental thereto.",23,2017,2017-08-09,2016-09-06,CENTRAL,Ministry of Education,Department of Higher Education,48,1,section
indian-maritime-university-act-2008,"The Indian Maritime University Act, 2008","An Act to establish and incorporate a teaching and affiliating University at the national level to facilitate and promote maritime studies and research and to achieve excellence in areas of marine science and technology, marine environment and other related fields, and to provide for matters connected therewith or incidental thereto.",22,2008,2008-11-11,2008-11-14,CENTRAL,Ministry of Shipping,,50,1,section
indian-museum-act-1910,"The Indian Museum Act, 1910",An Act to consolidate and amend the law relating to the Indian Museum.,10,1910,1910-03-18,1910-06-01,CENTRAL,Ministry of Culture,,20,1,section
indian-naval-armament-act-1923,"The Indian Naval Armament Act, 1923",An Act to give effect The words,7,1923,1923-03-05,1923-11-10,CENTRAL,Ministry of Defence,Department of Military Affairs,14,1,section
indian-nursing-council-act-1947,"The Indian Nursing Council Act, 1947",An Act to constitute an Indian Nursing Council.,48,1947,1947-12-31,1947-12-31,CENTRAL,Ministry of Health and Family Welfare,Department of Health and Family Welfare,19,1,section
indian-ports-act-2025,The Indian Ports Act 2025,"An Act to consolidate the law relating to ports, promote integrated port development, facilitate ease of doing business and ensure the optimum utilisation of Indias coastline; establish and empower State Maritime Boards for effective management of ports other than major ports; establish the Maritime State Development Council for fostering structured growth and development of the port sector; provide for the management of pollution, disaster, emergencies, security, safety, navigation, and data at ports; ensure compliance with Indias obligations under international instruments to which it is a party; take measures for the conservation of ports; provide for adjudicatory mechanisms for the redressal of port-related disputes; and address matters connected therewith or incidental thereto.",27,2025,2025-08-21,2026-04-01,CENTRAL,"Ministry of Ports, Shipping and Waterways",,86,1,section
indian-red-cross-society-act-1920,"The Indian Red Cross Society Act, 1920",An Act to constitute an Indian Red Cross Society.,15,1920,1920-03-20,1920-03-20,CENTRAL,Ministry of Health and Family Welfare,Department of Health and Family Welfare,18,1,section
indian-reserve-forces-act-1888,"The Indian Reserve Forces Act, 1888",An Act to regulate the Indian Reserve Forces.,4,1888,1888-03-02,1888-05-26,CENTRAL,Ministry of Defence,Department of Military Affairs,8,1,section
indian-soldiers-litigation-act-1925,"The Indian Soldiers (Litigation) Act, 1925",An Act to consolidate and amend the law to provide for the special protection in respect of civil and revenue litigation of Indian soldiers serving under special conditions.,4,1925,1925-02-26,1925-04-01,CENTRAL,Ministry of Defence,Department of Military Affairs,16,1,section
indian-soldiers-litigation-extension-jagir-proceedings-act-1963,"The Indian Soldiers (Litigation) (Extension to Jagir Proceedings) Act, 1963",,23,1963,1963-12-07,,Rajasthan,,Revenue Department,2,1,section
indian-statistical-institute-act-1959,"The Indian Statistical Institute Act, 1959",An Act to declare the institution known as the Indian Statistical Institute having at present its registered office in Calcutta to be an institution of national importance and to provide for certain matters connected therewith.,57,1959,1959-12-24,1960-04-01,CENTRAL,Ministry of Statistics and Programme Implementation,,12,1,section
indian-tariff-bombay-application-regulation-1943,"The Indian Tariff (Bombay Application) Regulation, 1943.",,1,1943,1943-12-02,,Maharashtra,Govt of Maharashtra,Finance Department,2,1,section
indian-telegraph-act-1885,"The Indian Telegraph Act, 1885",An Act to amend the law relating to Telegraphs in India.,13,1885,1885-07-22,1885-10-01,CENTRAL,Ministry of Communications,Department of Telecommunications,46,1,section
indian-tolls-act-1851,"The Indian Tolls Act, 1851",An Act for enabling Government to levy Tolls on Public Roads and Bridges.,8,1851,1851-06-04,1851-06-04,CENTRAL,Ministry of Road Transport and Highways,,9,1,section
indian-tolls-act-1864,"The Indian Tolls Act, 1864",An Act to amend Act VIII of 1851 (for enabling Government to levy Tolls on Public Roads and Bridges).,15,1864,1864-03-24,1864-03-24,CENTRAL,Ministry of Road Transport and Highways,,4,1,section
indian-tolls-army-air-force-act-1901,"The Indian Tolls (Army and Air Force) Act, 1901",An Act to amend the law relating to the exemption from tolls of persons and property belonging to the Army or Air Force.,2,1901,1901-02-22,1901-04-01,CENTRAL,Ministry of Defence,Department of Military Affairs,8,1,section
indian-treasure-trove-act-1878,"The Indian Treasure-trove Act, 1878",An Act to amend the law relating to Treasure-trove.,6,1878,1878-02-13,1878-02-13,CENTRAL,Ministry of Culture,,21,1,section
indian-trusts-act-1882,"The Indian Trusts Act, 1882",An Act to define and amend the law relating to Private Trusts and Trustees.,2,1882,1882-01-13,1882-03-01,CENTRAL,Ministry of Law and Justice,Legislative Department,97,1,section
indian-veterinary-council-act-1984,"The Indian Veterinary Council Act, 1984","An Act to regulate veterinary practice and to provide, for that purpose, for the establishment of a Veterinary Council of India and State Veterinary Councils and the maintenance of registers of the veterinary practitioners and for matters connected therewith.",52,1984,1984-08-18,1984-08-18,CENTRAL,Ministry of Agriculture and Farmers Welfare,Department of Animal Husbandry and Dairying,67,1,section
indian-wireless-telegraphy-act-1933,"The Indian Wireless Telegraphy Act, 1933",An Act to regulate the possession of wireless telegraphy apparatus.,17,1933,1933-09-11,1934-01-01,CENTRAL,Ministry of Communications,Department of Telecommunications,11,1,section
indira-gandhi-national-open-university-act-1985,"The Indira Gandhi National Open University Act, 1985",An Act to establish and incorporate an open University at the national level for the introduction and promotion of the open university and distance education systems in the educational pattern of the country and for the co-ordination and determination of standards in such systems.,50,1985,1985-09-02,1985-09-20,CENTRAL,Ministry of Education,Department of Higher Education,40,1,section
indira-gandhi-national-tribal-university-act-2007,"The Indira Gandhi National Tribal University Act, 2007",An Act to establish and incorporate a teaching and affiliating University at Amarkantak in the State of Madhya Pradesh to facilitate and promote avenues of higher education and research facilities for the tribal population in India and to provide for matters connected therewith or incidental thereto.,52,2007,2007-12-20,2008-07-08,CENTRAL,Ministry of Education,Department of Higher Education,50,1,section
indo-tibetan-border-police-force-act-1992,"The Indo-Tibetan Border Police Force Act, 1992",An Act to provide for the constitution and regulation of an armed force of the Union for ensuring the security of the borders of India and for matters connected therewith.,35,1992,1992-09-01,1994-05-30,CENTRAL,Ministry of Home Affairs,Department of Internal Security,157,1,section
industrial-development-bank-transfer-undertaking-repeal-act-2003,"The Industrial Development Bank (Transfer of Undertaking and Repeal) Act, 2003","An Act to provide for the transfer and vesting of the undertaking of the Industrial Development Bank of India to, and in, the Company to be formed and registered as a Company under the Companies Act, 1956 to carry on banking business and for matters connected therewith or incidental thereto and also to repeal the Industrial Development Bank of India Act, 1964.",53,2003,2003-12-30,2004-07-02,CENTRAL,Ministry of Finance,Department of Financial Services,15,1,section
industrial-disputes-act-1947-chandigarh,"The Industrial Disputes Act, 1947",,14,1947,1947-03-11,,Chandigarh,,Labour Department,1,1,section
industrial-disputes-banking-insurance-companies-act-1949,"The Industrial Disputes (Banking and Insurance Companies) Act, 1949",An Act to provide for the adjudication of industrial disputes concerning certain banking and insurance companies.,54,1949,1949-12-14,1949-12-14,CENTRAL,Ministry of Finance,Department of Financial Services,7,1,section
industrial-employment-standing-orders-act-1946-chandigarh,"Industrial Employment (Standing Orders) Act, 1946",,20,1946,1946-04-23,,Chandigarh,,Labour Department,1,1,section
industrial-finance-corporation-transfer-undertaking-repeal-act-1993,"The Industrial Finance Corporation (Transfer of Undertaking and Repeal) Act, 1993","An Act to provide for the transfer and vesting of the undertaking of the Industrial Finance Corporation of India to and in the Company to be formed and registered as a Company under the Companies Act, 1956, and for matters connected therewith or incidental thereto and also to repeal the Industrial Finance Corporation Act, 1948.",23,1993,1993-04-02,1992-10-01,CENTRAL,Ministry of Finance,Department of Financial Services,12,1,section
industrial-reconstruction-bank-transfer-undertakings-repeal-act-1997,"The Industrial Reconstruction Bank (Transfer of Undertakings and Repeal) Act, 1997","An Act to provide for the transfer and vesting of the undertakings of the Industrial Reconstruction Bank of India to and in the Company to be formed and registered as a Company under the Companies Act, 1956, and for matters connected therewith or incidental thereto and also to repeal the Industrial Reconstruction Bank of India Act, 1984.",7,1997,1997-03-19,1997-01-24,CENTRAL,Ministry of Finance,Department of Financial Services,15,1,section
industrial-relations-code-2020,"The Industrial Relations Code, 2020","An Act to consolidate and amend the laws relating to Trade Unions, conditions of employment in industrial establishment or undertaking, investigation and settlement of industrial disputes and for matters connected therewith or incidental thereto.",35,2020,2020-09-28,,CENTRAL,Ministry of Labour and Employment,,104,1,section
industries-development-regulation-act-1951,"The Industries (Development and Regulation) Act, 1951",An Act to provide for the development and regulation of certain industries.,65,1951,1951-10-31,,CENTRAL,Ministry of Commerce and Industry,Department of Promotion of Industry and Internal Trade,60,1,section
infant-milk-substitutes-feeding-bottles-infant-foods-regulation,"The Infant Milk Substitutes, Feeding Bottles and Infant Foods (Regulation of Production, Supply and Distribution) Act, 1992","An Act to provide for the regulation of production, supply and distribution of infant milk substitutes, feeding bottles and infant foods with a view to the protection and promotion of breast-feeding and ensuring the proper use of infant foods and for matters connected therewith or incidental thereto.",41,1992,1992-12-29,1993-08-01,CENTRAL,Ministry of Women and Child Development,,26,1,section
inflammable-substances-act-1952,"The Inflammable Substances Act, 1952","An Act to declare certain substances to be dangerously inflammable and to provide for the regulation of their import, transport, storage and production by applying thereto the Petroleum Act, 1934, and the rules thereunder, and for certain matters connected with such regulation.",20,1952,1952-03-06,1952-03-06,CENTRAL,Ministry of Commerce and Industry,Department of Promotion of Industry and Internal Trade,7,1,section
information-technology-act-2000-chandigarh,"The Information Technology Act, 2000",,21,2000,2000-06-09,,Chandigarh,,Department of Information Technology,1,1,section
information-technology-amendment-act-2008,"The Information Technology (Amendment) Act, 2008",,10,2009,2009-02-05,,Chandigarh,,Police Department,1,1,section
inland-vessels-act-2021,"The Inland Vessels Act, 2021","An Act to promote economical and safe transportation and trade through inland waters, to bring uniformity in application of law relating to inland waterways and navigation within the country, to provide for safety of navigation, protection of life and cargo, and prevention of pollution that may be caused by the use or navigation of inland vessels, to ensure transparency and accountability of administration of inland water transportation, to strengthen procedures governing the inland vessels, their construction, survey, registration, manning, navigation and such other matters connected therewith or incidental thereto.",24,2021,2021-08-11,,CENTRAL,"Ministry of Ports, Shipping and Waterways",,114,1,section
inland-waterways-authority-india-act-1985,"The Inland Waterways Authority of India Act, 1985",An Act to provide for the constitution of an Authority for the regulation and development of inland waterways for purposes of shipping and navigation and for matters connected therewith or incidental thereto.,82,1985,1985-12-30,1986-10-27,CENTRAL,Ministry of Shipping,,42,1,section
insecticides-act-1968,"The Insecticides Act, 1968","An Act to regulate the import, manufacture, sale, transport, distribution and use of insecticides with a view to prevent risk to human beings or animals, and for matters connected therewith.",46,1968,1968-09-02,1971-03-01,CENTRAL,Ministry of Agriculture and Farmers Welfare,"Department of Agriculture, Cooperation and Farmers Welfare",39,1,section
insolvency-bankruptcy-code-2016,"The Insolvency and Bankruptcy Code, 2016.","An Act to consolidate and amend the laws relating to reorganisation and insolvency resolution of corporate persons, partnership firms and individuals in a time bound manner for maximisation of value of assets of such persons, to promote entrepreneurship, availability of credit and balance the interests of all the stakeholders including alteration in the order of priority of payment of Government dues and to establish an Insolvency and Bankruptcy Board of India, and for matters connected therewith or incidental thereto.",31,2016,2016-05-28,,CENTRAL,Ministry of Corporate Affairs,,282,1,section
institute-chartered-financial-analyst-india-university-act-2005,"The Institute of Chartered Financial Analyst of India University Act, 2005 (Act No. 12 of 2005)","An Act to establish and incorporate an University in the State with emphasis on providing high quality and industry relevant education in the areas of Accounting, Financial Analysis and Management, Business Management, Applied Sciences and Technology, Law,Education, medical Sciences and related areas sponsored by the Institute of Chartered Financial Analysts of India (ICFAI), Hyderabad, Andhra Pradesh and to provide for matters connected therewith or incidental thereto.",12,2005,2005-07-06,,Meghalaya,Meghalaya Law Department,Law Department,51,1,section
institute-teaching-research-ayurveda-act-2020,"The Institute of Teaching and Research in Ayurveda Act, 2020","An Act to provide for the establishment of an Institute of Teaching and Research in Ayurveda and to declare it as an Institution of national importance for the promotion of quality and excellence in education, research and training in Ayurveda and allied disciplines and for matters connected therewith or incidental thereto",16,2020,2020-09-21,2020-10-15,CENTRAL,Ministry of Ayush,,31,1,section
institutes-technology-act-1961,"The Institutes of Technology Act, 1961","An Act to declare certain institutions of technology to be institutions of national importance and to provide for certain matters connected with such institutions and the Indian Institute of Technology, Kharagpur.",59,1961,1961-12-19,1962-04-01,CENTRAL,Ministry of Education,Department of Higher Education,41,1,section
insurance-act-1938,"The Insurance Act, 1938",An Act to consolidate and amend the law relating to the business of insurance.,4,1938,1938-02-26,1939-07-01,CENTRAL,Ministry of Finance,Department of Financial Services,260,1,section
insurance-regulatory-development-authority-act-1999,"The Insurance Regulatory and Development Authority Act, 1999","An Act to provide for the establishment of an Authority to protect the interests of holders of insurance policies, to regulate, promote and ensure orderly growth of the insurance industry and for matters connected therewith or incidental thereto and further to amend the Insurance Act, 1938, the Life Insurance Corporation Act, 1956 and the General Insurance Business (Nationalisation) Act, 1972.",41,1999,1999-12-29,2000-04-19,CENTRAL,Ministry of Finance,Department of Financial Services,39,1,section
integrated-goods-services-tax-act-2017,"The Integrated Goods and Services Tax Act, 2017",An Act to make a provision for levy and collection of tax on inter-State supply of goods or services or both by the Central Government and for matters connected therewith or incidental thereto.,13,2017,2017-04-12,,CENTRAL,Ministry of Finance,Department of Revenue,28,1,section
integrated-goods-services-tax-act-2017-chandigarh,"The Integrated Goods and Services Tax Act, 2017",,13,2017,2017-04-12,,Chandigarh,,Excise and Taxation Department,1,1,section
integrated-goods-services-tax-extension-jammu-kashmir-act,"The Integrated Goods and Services Tax (Extension to Jammu and Kashmir) Act, 2017","An Act to provide for the extension of the Integrated Goods and Services Tax Act, 2017 to the State of Jammu and Kashmir.",27,2017,2017-08-23,2017-07-08,CENTRAL,Ministry of Finance,Department of Revenue,3,1,section
intelligence-organisations-restriction-rights-act-1985,"The Intelligence Organisations (Restriction of Rights) Act, 1985",An Act to provide for the restriction of certain rights conferred by Part III of the Constitution in their application to the members of certain organisations established by the Central Government for purposes of intelligence or counter-intelligence so as to ensure the proper discharge of their duties and the maintenance of discipline among them.,58,1985,1985-09-06,1985-11-09,CENTRAL,Ministry of Home Affairs,Department of Internal Security,7,1,section
inter-services-organisations-command-control-discipline-act-2023,"The Inter-Services Organisations (Command, Control and Discipline) Act, 2023","An Act to empower the Commander-in-Chief or the Officer-in-Command of Inter-services Organisations in respect of service personnel who are subject to the Air Force Act, 1950, the Army Act, 1950 and the Navy Act, 1957, who are serving under or attached to his command, for the maintenance of discipline and proper discharge of their duties, and for matters connected therewith or incidental thereto.",28,2023,2023-08-15,2023-05-10,CENTRAL,Ministry of Defence,Department of Military Affairs,15,1,section
inter-state-corporations-act-1957,"The Inter-State Corporations Act, 1957","An Act to provide for the reorganisation of certain corporations functioning in two or more States by virtue of section 109 of the States Reorganisation Act, 1956, and for matters connected therewith.",38,1957,1957-09-20,1957-09-20,CENTRAL,Ministry of Home Affairs,Department of States,5,1,section
inter-state-migrant-workmen-regulation-employment-conditions-service-act-chandigarh,"The Inter-State Migrant Workmen (Regulation of Employment and Conditions of Service) Act, 1979",,30,1979,1979-06-11,,Chandigarh,,Labour Department,1,1,section
inter-state-river-water-disputes-act-1956,"The Inter-State River Water Disputes Act, 1956",An Act to provide for the adjudication of disputes relating to waters of inter-State rivers and river valleys.,33,1956,1956-08-28,1956-08-28,CENTRAL,Ministry of Jal Shaktri,"Department of Water Resources, River Development and Ganga Rejuvenation",17,1,section
interest-act-1978,"The Interest Act, 1978",An Act to consolidate and amend the law relating to the allowance of interest in certain cases.,14,1978,1978-03-31,1981-08-19,CENTRAL,Ministry of Finance,Department of Financial Services,6,1,section
interest-tax-act-1974,"The Interest-tax Act, 1974",An Act to impose a special tax on interest in certain cases.,45,1974,1974-09-23,1974-09-23,CENTRAL,Ministry of Finance,Department of Revenue,37,1,section
intermediate-education-act-1921,"The Intermediate Education Act, 1921",,2,1921,1922-01-07,,Uttar Pradesh,,Secondary Education,47,1,section
international-development-association-status-immunities-privileges-act-1960,"The International Development Association (Status, Immunities and Privileges) Act, 1960","An Act to implement the international agreement for the establishment and operation of the International Development Association in so far as it relates to the status, immunities and privileges of that Association, and for matters connected therewith.",32,1960,1960-09-09,1960-10-15,CENTRAL,Ministry of Finance,Department of Economic Affairs,5,1,section
international-finance-corporation-status-immunities-privileges-act-1958,"The International Finance Corporation (Status, Immunities and Privileges) Act, 1958","An Act to implement the international agreement for the establishment and operation of the International Finance Corporation in so far as it relates to the status, immunities and privileges of that Corporation, and for matters connected therewith.",42,1958,1958-10-17,1958-10-17,CENTRAL,Ministry of Finance,Department of Economic Affairs,4,1,section
international-financial-services-centres-authority-act-2019,"The International Financial Services Centres Authority Act, 2019",An Act to provide for the establishment of an Authority to develop and regulate the financial services market in the International Financial Services Centres in India and for matters connected therewith or incidental thereto.,50,2019,2019-12-19,,CENTRAL,Ministry of Finance,Department of Economic Affairs,34,1,section
international-monetary-fund-bank-act-1945,"The International Monetary Fund and Bank Act, 1945",An Act to implement the International Monetary Fund and Bank Agreements.,47,1945,1945-12-24,1945-12-24,CENTRAL,Ministry of Finance,Department of Economic Affairs,8,1,section
invalidation-hindu-ceremonial-emoluments-act-1926,"The Invalidation of Hindu Ceremonial Emoluments Act, 1926.",,11,1926,1926-10-13,,Maharashtra,Govt of Maharashtra,Revenue & Forest Department,6,1,section
ipc,"The Indian Penal Code, 1860",An Act to provide a general Penal Code for India.,45,1860,1860-10-06,1862-01-01,CENTRAL,Ministry of Home Affairs,,553,0,section
islamic-university-science-technology-kashmir-act-2005,"The Islamic University of Science and Technology, Kashmir Act, 2005.","An Act to provide for the establishment of a residential and technical University in the State of Jammu and Kashmir to offer Islamic, scientific, technical and other education as also to usefully utilize the surplus finance of the Board and for matters connected therewith of incidental thereto.",18,2005,2005-11-07,2005-11-11,Jammu and Kashmir,,Higher Education,29,1,section
it-act,"The Information Technology Act, 2000","An Act to provide legal recognition for transactions carried out by means of electronic data interchange and other means of electronic communication, commonly referred to as",21,2000,2000-06-09,2000-10-17,CENTRAL,Ministry of Electronics and Information Technology,,125,1,section
jaipur-development-authority-act-1982,The Jaipur Development Authority Act 1982,,25,1982,1982-07-14,,Rajasthan,,Urban Development and Housing Department,95,1,section
jaipur-development-authority-amendment-validation-act-1990,"The Jaipur Development Authority (Amendment and Validation) Act, 1990",,4,1995,1995-04-03,,Rajasthan,,Urban Development and Housing Department,3,1,section
jaipur-laws-validating-act-1952,"The Jaipur Laws (Validating) Act, 1952",,31,1952,1952-12-28,,Rajasthan,,Law and Legal Affairs Department,2,1,section
jaipur-matmi-rules-validation-act-1961,"The Jaipur Matmi Rules (Validation) Act, 1961",,21,1961,1961-07-26,,Rajasthan,,Revenue Department,2,1,section
jaipur-municipality-administration-temporary-provisions-act-1960,"The Jaipur Municipality Administration (Temporary Provisions) Act, 1960",,1,1960,1960-10-26,1960-10-26,Rajasthan,,Local Self Government,2,1,section
jaipur-sud-sadabarat-fund-administration-act-1963,"The Jaipur Sud Sadabarat Fund Administration Act, 1963",,6,1964,1964-03-20,,Rajasthan,,Revenue Department,21,1,section
jaipur-water-supply-sewerage-board-act-2018,"The Jaipur Water Supply and Sewerage Board Act, 2018","THE JAIPUR WATER SUPPLY AND SEWERAGE BOARD ACT, 2018",24,2018,2018-06-15,,Rajasthan,,Local Self Government,103,1,section
jallianwala-bagh-national-memorial-act-1951,"The Jallianwala Bagh National Memorial Act, 1951","An Act to provide for the erection and management of a National Memorial to perpetuate the memory of those killed or wounded on the 13th day of April, 1919, in Jallianwala Bagh.",25,1951,1951-05-01,1951-05-01,CENTRAL,Ministry of Culture,,13,1,section
jamia-millia-islamia-act-1988,"The Jamia Millia Islamia Act, 1988",An Act to establish and incorporate a teaching University in the Union territory of Delhi and to provide for matters connected therewith or incidental thereto.,58,1988,1988-10-08,1988-12-26,CENTRAL,Ministry of Education,Department of Higher Education,41,1,section
jammu-kashmir-1legislative-assembly-union-territory-prevention-disqualification,"The Jammu and Kashmir 1Legislative Assembly of the Union Territory (Prevention of Disqualification) Act, 1962","An Act to declare that certain offices of profit under the Government shall not disqualify the holders thereof for being chosen as, or for being members of the Jammu and Kashmir 1Legislative Assembly of the Union territory.",16,1962,1962-07-16,1962-07-18,Jammu and Kashmir,,"Department of Law,Justice and Parliamentary Affairs",4,1,section
jammu-kashmir-aerial-ropeways-act-2002,"The Jammu and Kashmir Aerial Ropeways Act, 2002","An Act to authorize, facilitate and regulate the construction and working of the aerial ropeways in Jammu and Kashmir.",12,2002,2002-04-21,2002-04-23,Jammu and Kashmir,,Tourism,37,1,section
jammu-kashmir-agrarian-reforms-act-1976,"The Jammu and Kashmir Agrarian Reforms Act, 1976",An Act to provide for transfer of land to tillers thereof subject to certain conditions and for better utilization of land in the State of Jammu and Kashmir.,17,1976,1976-08-21,1976-08-21,Jammu and Kashmir,,Revenue,47,1,section
jammu-kashmir-anatomy-act-1959,"The Jammu and Kashmir Anatomy Act, 1959","An Act to provide for the supply of unclaimed bodies of deceased persons to hospitals and medical and teaching institutions for the purpose of 1anatomical examination, dissection and removal of health organs from the deceased for transplantation in living persons",22,1959,1959-10-23,1959-10-23,Jammu and Kashmir,,Health and Medical Education Department,11,1,section
jammu-kashmir-baba-ghulam-shah-badshah-university-act,"The Jammu and Kashmir Baba Ghulam Shah Badshah University Act, 2002",An Act to provide for the establishment of a residential and technical University in the State of Jammu and Kashmir to offer scientific and technical education as also to usefully utilize the surplus finance of Baba Ghulam Shah Trust for matter connected therewith,16,2002,2002-04-21,2002-04-23,Jammu and Kashmir,,Higher Education,28,1,section
jammu-kashmir-board-professional-entrance-examination-act-2002,"The Jammu and Kashmir Board of Professional Entrance Examination Act, 2002",An Act to provide for conduct of entrance tests and making selection for admission to various professional courses and matter connected therewith or incidental thereto.,25,2002,2002-04-21,2002-04-23,Jammu and Kashmir,,School Education Department,26,1,section
jammu-kashmir-board-school-education-act-1975,"The Jammu and Kashmir Board of School Education Act, 1975",An Act to reform and re-organize School Education 1in the Union territory of Jammu and Kashmir and consolidate and amend the law relating thereto.,28,1975,1975-08-27,1975-08-28,Jammu and Kashmir,,School Education Department,49,1,section
jammu-kashmir-bovine-breeding-regulation-production-sale-bovine,"The Jammu and Kashmir Bovine Breeding (Regulation of Production, Sale of Bovine Semen and Artificial Insemination Services) Act, 2018","An Act to regulate bovine breeding activities including use of bovine breeding bulls for production of bovine semen, production, processing, storage, sale and distribution of bovine semen, and artificial insemination services in bovines for improving the productivity of bovines in the *State of and for matters connected therewith or incidental thereto.",51,2018,2018-12-16,2018-12-16,Jammu and Kashmir,,Animal and Sheep Husbandary,34,1,section
jammu-kashmir-brick-kilns-regulation-act-2010,"The Jammu and Kashmir Brick Kilns (Regulation) Act, 2010",An Act to regulate and control the establishment of Brick Kilns in the State and to provide for matters connected therewith or incidental thereto,17,2010,2010-10-23,2010-10-25,Jammu and Kashmir,,Culture,28,1,section
jammu-kashmir-chowkidari-act-1956,"The Jammu and Kashmir Chowkidari Act, 1956","An Act to amend, consolidate and declare the Law relating to the appointment and maintenance of Chowkidars in towns and villages in *the Jammu and Kashmir State.",37,1956,1956-11-16,1956-12-28,Jammu and Kashmir,,Home,15,1,section
jammu-kashmir-civil-services-decentralization-recruitment-act-2010,"The Jammu and Kashmir Civil Services Decentralization and Recruitment Act, 2010",An Act to provide for equitable opportunities of employment in the Civil Services in the *State keeping in view its complex socio-economical and geographical/topographical/linguistic/security concerns and matters connected therewith and incidental thereto.,16,2010,2010-05-10,2010-05-10,Jammu and Kashmir,,General Administration Department,18,1,section
jammu-kashmir-co-operative-societies-act-1989,"The Jammu and Kashmir Co-operative Societies Act, 1989","An Act to consolidate and amend the law relating to Co-operative Societies in the *State, with a view to providing for the orderly development of the co-operative movement in the *State in accordance with the directive principles of State policy enunciated in the Constitution of Jammu and Kashmir.",10,1989,1989-07-08,1989-07-11,Jammu and Kashmir,,Cooperatives Department,184,1,section
jammu-kashmir-control-building-operations-act-1988,"The Jammu and Kashmir Control of Building Operations Act, 1988",An Act to amend and consolidate the law relating to control of building operations in the *State.,15,1988,1988-08-31,1988-09-01,Jammu and Kashmir,,Housing and Urban Development,20,1,section
jammu-kashmir-debtors-relief-act-1976,"The Jammu and Kashmir Debtors Relief Act, 1976",An Act to provide relief from indebtedness to the weaker sections of the community in the Jammu and Kashmir State.,15,1976,1976-04-21,1976-04-23,Jammu and Kashmir,,Revenue,37,1,section
jammu-kashmir-delivery-books-newspapers-public-libraries-act,"The Jammu and Kashmir Delivery of Books and Newspapers (Public Libraries) Act, 1961.",An Act to provide for the delivery of books to public libraries.,13,1961,1961-03-25,1961-03-31,Jammu and Kashmir,,Culture,9,1,section
jammu-kashmir-deputy-speakers-emoluments-act-1956,"The Jammu and Kashmir Deputy Speaker’s (Emoluments) Act, 1956",An Act to provide for the salary and allowances of the Deputy Speaker 1x x x of Jammu and Kashmir.,22,1956,1956-10-23,1956-11-01,Jammu and Kashmir,,"Department of Law,Justice and Parliamentary Affairs",3,1,section
jammu-kashmir-development-act-1970,"The Jammu and Kashmir Development Act, 1970",An Act to provide for the development of the 1Union territory of Jammu and Kashmir according to plan and for matters ancillary thereto.,21,1970,1970-10-31,1970-10-31,Jammu and Kashmir,,Housing and Urban Development,123,1,section
jammu-kashmir-excise-act-samvat-1958-1901-d,"The Jammu and Kashmir Excise Act, Samvat 1958 (1901 A.d.)",An Act to consolidate and amend the Excise Law of the 2Union territory of Jammu and Kashmir.,9,1901,1901-12-04,1901-12-04,Jammu and Kashmir,,Finance,83,1,section
jammu-kashmir-extension-laws-act-1956,"The Jammu and Kashmir (Extension of Laws) Act, 1956",An Act to provide for the extension of certain laws to the State of Jammu and Kashmir.,62,1956,1956-09-25,1956-11-01,CENTRAL,Ministry of Home Affairs,Department of Jammu and Kashmir Affairs,6,1,section
jammu-kashmir-extraction-resin-act-1988,"Jammu and Kashmir Extraction of Resin Act, 1988","An Act to provide, in the interest of the general public, for the carrying on by the State extraction of resin from certain species of trees in the *State and transportation thereof, to the exclusion of others and for matters connected or ancillary thereto.",9,1988,1988-08-31,1988-09-01,Jammu and Kashmir,,"Forest, Ecology and Environment.",8,1,section
jammu-kashmir-ferry-boats-control-act-1971,"The Jammu and Kashmir Ferry Boats Control Act, 1971",An Act to provide for control on plying of ferry boats in the *Jammu and Kashmir State.,18,1971,1971-10-13,1971-10-15,Jammu and Kashmir,,Tourism,5,1,section
jammu-kashmir-finance-commission-panchayats-municipalities-act-2011,"The Jammu and Kashmir Finance Commission for Panchayats and Municipalities Act, 2011","An Act to provide for constitution of a State Finance Commission to review the financial position of the Panchayats, Municipalities and suggesting measures thereof and matters connected therewith or incidental thereto.",16,2011,2011-04-23,2011-04-25,Jammu and Kashmir,,Rural Development and Panchayati Raj,18,1,section
jammu-kashmir-fire-force-act-1967,"The Jammu and Kashmir Fire Force Act, 1967",An Act to provide for the maintenance of a Fire Force for the State.,22,1967,1967-10-15,1967-10-17,Jammu and Kashmir,,Home,37,1,section
jammu-kashmir-fiscal-responsibility-budget-management-act-2006,"The Jammu and Kashmir Fiscal Responsibility and Budget Management Act, 2006","An Act to provide for the responsibility of the Government to ensure prudence in fiscal management and fiscal stability by progressive strengthening of revenue surplus, reduction in fiscal deficit, prudent debt management consistent with fiscal sustainability, greater transparency in fiscal operations of the Government and conduct of fiscal policy in a medium term framework and for matters connected therewith or incidental thereto.",12,2006,2006-08-09,2006-08-14,Jammu and Kashmir,,Finance,16,1,section
jammu-kashmir-fisheries-act-2018,"The Jammu and Kashmir Fisheries Act, 2018","An Act to provide for protection, conservation and development of fisheries in the State and for matters connected therewith or incidental thereto.",16,2018,2018-05-15,2018-05-15,Jammu and Kashmir,,"Forest, Ecology and Environment.",30,1,section
jammu-kashmir-forest-protection-force-act-2001,"The Jammu and Kashmir Forest (Protection) Force Act, 2001",An Act to provide for the constitution of Forest Protection Force for better protection and security of the forest property and for matters connected therewith or incidental thereto.,6,2001,2001-04-12,2001-04-12,Jammu and Kashmir,,"Forest, Ecology and Environment.",18,1,section
jammu-kashmir-fruit-nurseries-licensing-act-1987,"Jammu and Kashmir Fruit Nurseries (Licensing) Act, 1987",An Act to provide for the licensing and regulation of fruit nurseries in the State of Jammu and Kashmir.,22,1987,1987-12-29,1988-01-04,Jammu and Kashmir,,Agriculture Production Department,14,1,section
jammu-kashmir-gift-goods-unlawful-possession-act-1963,"The Jammu and Kashmir Gift Goods (Unlawful Possession) Act, 1963",An Act to provide for the punishment of the offence of unlawful possession of gift goods supplied by certain relief organisations.,40,1963,1963-10-16,1963-10-17,Jammu and Kashmir,,"Department of Law,Justice and Parliamentary Affairs",5,1,section
jammu-kashmir-goods-services-tax-act-2017,"The Jammu and Kashmir Goods and Services Tax Act, 2017",An Act to make a provision for levy and collection of tax on intra-State supply of goods or services or both by the 1Union territory of Jammu and Kashmir and the matters connected therewith or incidental thereto.,5,2017,2017-07-07,2017-07-07,Jammu and Kashmir,,Finance,45,1,section
jammu-kashmir-government-gazette-act-1945-1888-d,"The Jammu and Kashmir Government Gazette, Act 1945 (1888 A. D.)","Whereas it is expedient for the better administration to start the publication of Government Gazette within the State, His Highness in Council is pleased to command as follows :––",12,1945,1945-03-14,1945-03-14,Jammu and Kashmir,,Home,12,1,section
jammu-kashmir-governors-special-security-force-act-2018,"The Jammu and Kashmir Governor’s Special Security Force Act, 2018","An Act to provide for the constitution and regulation of a separate security force in the 1Union territory of Jammu and Kashmir for providing proximate security to the 2Lieutenant Governor, members of his immediate family and for matters connected therewith or incidental thereto.",42,2018,2018-12-13,2018-12-13,Jammu and Kashmir,,Home,16,1,section
jammu-kashmir-habitual-offenders-control-reform-act-1956,"The Jammu and Kashmir Habitual Offenders (Control and Reform) Act, 1956",An Act to provide for the registration of habitual offenders in the State of Jammu and Kashmir and for imposing certain restrictions on them.,11,1956,1956-05-17,1956-05-31,Jammu and Kashmir,,Home,25,1,section
jammu-kashmir-handicrafts-quality-control-act-1978,"The Jammu and Kashmir Handicrafts (Quality Control) Act, 1978",An Act to provide for the Improvement of Quality of Handicrafts of Jammu and Kashmir so far as regards their production.,4,1978,1978-04-07,1978-04-08,Jammu and Kashmir,,Industries and Commerce Department,23,1,section
jammu-kashmir-heritage-conservation-preservation-act-2010,"The Jammu and Kashmir Heritage Conservation and Preservation Act, 2010","An Act to provide for conservation and preservation of heritage both tangible and intangible, including buildings, structures, monuments, precincts, areas/sites, artifacts, sculptures, paintings, handicrafts, manuscripts etc. and music, dance, drama, performing arts, poetry, living traditions like crafts and cuisine, traditional knowledge systems, folklores, spiritual traditions; respectively of historic or cultural or religious or aesthetic or architectural or environmental significance and for matters connected therewith or incidental thereto.",15,2010,2010-04-28,2010-04-29,Jammu and Kashmir,,Culture,21,1,section
jammu-kashmir-highways-act-2007-1950-d,"The Jammu and Kashmir Highways Act, 2007 (1950 A.d.)",An Act for the regulation of traffic on Government roads and places.,27,2007,2007-06-23,2007-06-25,Jammu and Kashmir,,Trasnport,3,1,section
jammu-kashmir-home-guards-act-2006-1949-d,"The Jammu and Kashmir Home Guards Act, 2006 (1949 A.d.)",An Act to provide for the constitution of Home Guards.,3,2006,2006-06-10,2006-06-10,Jammu and Kashmir,,Home,13,1,section
jammu-kashmir-housing-board-act-1976,"The Jammu and Kashmir Housing Board Act, 1976",An Act to provide for measures to be taken to deal with and satisfy the need for housing accommodation.,7,1976,1976-03-31,1976-03-31,Jammu and Kashmir,,Housing and Urban Development,68,1,section
jammu-kashmir-industrial-establishments-national-festival-holidays-act,"The Jammu and Kashmir Industrial Establishments (National and Festival) Holidays Act, 1974",An Act to provide for the grant of National and Festival Holidays to persons employed in Industrial Establishments in the 1Union territory of Jammu and Kashmir.,13,1974,1974-04-25,1974-04-26,Jammu and Kashmir,,Industries and Commerce Department,12,1,section
jammu-kashmir-kahcharai-act-2011-1954-d,"The Jammu and Kashmir Kahcharai Act, 2011 (1954 A. D. )",An Act to make better provision for and to consolidate and amend the Law relating to Kahcharai and other matters connected therewith.,18,2011,1954-08-19,2011-07-05,Jammu and Kashmir,,Revenue,36,1,section
jammu-kashmir-khadi-village-industries-board-act-1965,"The Jammu and Kashmir Khadi and Village Industries Board Act, 1965",An Act to amend and consolidate the Law relating to the establishment of the State Statutory Board for encouraging and intensifying the Khadi and Village Industries in the 1Union territory of Jammu and Kashmir.,16,1965,1965-04-18,1965-04-18,Jammu and Kashmir,,Industries and Commerce Department,39,1,section
jammu-kashmir-lambardari-act-1972,"The Jammu and Kashmir Lambardari Act, 1972",An Act to amend and consolidate the Law relating to payment of remuneration of Lambardars for recovery of public demands.,10,1972,1972-08-18,1972-08-22,Jammu and Kashmir,,Revenue,7,1,section
jammu-kashmir-land-grants-act-1960,"The Jammu and Kashmir Land Grants Act, 1960",An Act to provide for grant of lands by 1Government of the Union territory of Jammu and Kashmir.,38,1960,1960-10-14,1960-10-24,Jammu and Kashmir,,Revenue,14,1,section
jammu-kashmir-land-revenue-act-1996-1939-d,"The Jammu and Kashmir Land Revenue Act, 1996 (1939 A.d.)","An Act to amend, consolidate and re-enact the Jammu and Kashmir Land Revenue Regulation No. 1 of 1980.",12,1966,1996-07-01,1996-09-29,Jammu and Kashmir,,Revenue,193,1,section
jammu-kashmir-legislative-assembly-speakers-emoluments-act-1956,"The Jammu and Kashmir Legislative Assembly (Speaker’s Emoluments) Act, 1956",An Act to provide for the Salary and Allowances of the Speaker of the Jammu and Kashmir Legislative Assembly.,4,1956,1956-05-17,1956-05-30,Jammu and Kashmir,,"Department of Law,Justice and Parliamentary Affairs",3,1,section
jammu-kashmir-metropolitan-region-development-authorites-act-2018,"The Jammu and Kashmir Metropolitan Region Development Authorites Act, 2018","An Act to provide for the establishment of Metropolitan Region Development Authorities, for the Metropolitan Regions of the 1Union territory of Jammu and Kashmir for the purposes of co-ordinating and supervising the proper, orderly and rapid development of the areas in such Regions and executing plans, projects and schemes for such development, and to provide for matters connected therewith or incidental thereto.",49,2018,2018-12-16,2018-12-16,Jammu and Kashmir,,Housing and Urban Development,56,1,section
jammu-kashmir-migrant-immovable-property-preservation-protection-restraint,"The Jammu and Kashmir Migrant Immovable Property (Preservation, Protection and Restraint on Distress Sales) Act, 1997","An Act to provide for the preservation, protection and restraint on distress sales of the immovable property of the migrants.",16,1997,1997-05-30,1997-06-02,Jammu and Kashmir,,Revenue,14,1,section
jammu-kashmir-migrants-stay-proceedings-act-1997,"The Jammu and Kashmir Migrants (Stay of Proceedings) Act, 1997",An Act to provide for the stay of legal proceedings against the migrants.,17,1997,1997-05-30,1997-06-02,Jammu and Kashmir,,Labour and Employment,3,1,section
jammu-kashmir-ministers-ministers-state-salaries-act-1956,"The Jammu and Kashmir Ministers’ and Ministers of State Salaries Act, 1956",An Act to provide for the salaries and allowances of 1Ministers and Ministers of State of the Government of Jammu and Kashmir.,6,1956,1956-05-17,1956-05-30,Jammu and Kashmir,,"Department of Law,Justice and Parliamentary Affairs",6,1,section
jammu-kashmir-money-lenders-accredited-loan-providers-act,"The Jammu and Kashmir Money Lenders and Accredited Loan Providers Act, 2010",An Act to regulate the transactions of money lending in the 1State of Jammu and Kashmir and for matters connected therewith and incidental thereto. An Act to regulate the transactions of money lending in the 1State of Jammu and Kashmir and for matters connected therewith and incidental thereto.,23,2010,2010-10-23,2010-10-25,Jammu and Kashmir,,Finance,30,1,section
jammu-kashmir-motor-spirit-diesel-oil-taxation-sales,"The Jammu and Kashmir Motor Spirit and Diesel Oil (Taxation of Sales) Act, 2005 (1948 A.d.)",An Act to provide for the levy of 2tax and cess on the retail sale of 1Motor Spirit and Diesel Oil.,5,2005,2005-11-06,2005-11-06,Jammu and Kashmir,,Trasnport,36,1,section
jammu-kashmir-motor-vehicles-taxation-act-1957,"The Jammu and Kashmir Motor Vehicles Taxation Act, 1957",An Act to provide for the levy of a tax on motor vehicles in the 1Union territory of Jammu and Kashmir.,26,1957,1957-09-24,1957-09-30,Jammu and Kashmir,,Trasnport,17,1,section
jammu-kashmir-mulberry-protection-act-2006-1949-d,"The Jammu and Kashmir Mulberry Protection Act, 2006 (1949 A. D.)",An Act to define and declare the law relating to Mulberry Culture in 1the Union territory of Jammu and Kashmir.,10,2006,1949-09-30,2006-05-03,Jammu and Kashmir,,Floriculture,19,1,section
jammu-kashmir-municipal-act-2000,"The Jammu and Kashmir Municipal Act, 2000","An Act to consolidate, amend and replace the law relating to municipalities in Jammu and Kashmir",20,2000,2000-11-14,2000-11-14,Jammu and Kashmir,,Housing and Urban Development,331,1,section
jammu-kashmir-municipal-corporation-act-2000,"The Jammu and Kashmir Municipal Corporation Act, 2000",An Act to amend and consolidate the law relating to the establishment of Municipal Corporation for certain Municipal areas in the State of Jammu and Kashmir.,21,2000,2000-11-14,2000-11-14,Jammu and Kashmir,,Housing and Urban Development,446,1,section
jammu-kashmir-municipal-ombudsman-act-2010,"The Jammu and Kashmir Municipal Ombudsman Act, 2010",An Act to establish Municipal Ombudsman for the purpose of investigating charges of corruption or maladministration in Urban Local Government Institutions in the 1Union territory of Jammu and Kashmir.,20,2010,2010-10-23,2010-10-25,Jammu and Kashmir,,Housing and Urban Development,19,1,section
jammu-kashmir-municipalities-public-disclosure-act-2010,"The Jammu and Kashmir Municipalities Public Disclosure Act, 2010",An Act to provide for transparency and accountability in the functioning of municipalities in the 1Union territory of Jammu and Kashmir.,24,2010,2010-10-23,2010-10-23,Jammu and Kashmir,,Housing and Urban Development,6,1,section
jammu-kashmir-muslim-marriages-registration-act-1981,"The Jammu and Kashmir Muslim Marriages Registration Act, 1981",An Act to provide for the Registration of Muslim Marriages and for matters connected therewith.,22,1981,1981-01-01,1981-01-01,Jammu and Kashmir,,"Department of Law,Justice and Parliamentary Affairs",9,1,section
jammu-kashmir-namdha-quality-control-act-2010-1953,"The Jammu and Kashmir Namdha Quality Control Act, 2010 ( 1953 A.d. )",An Act to improve the trade and quality of Namdha in the 1Union territory of Jammu and Kashmir and to make certain regulations for the same.,6,2010,1953-05-15,2010-06-15,Jammu and Kashmir,,Industries and Commerce Department,17,1,section
jammu-kashmir-national-law-university-act-2018,"The Jammu and Kashmir National Law University Act, 2018",An Act for the establishment of a University by the name of Jammu and Kashmir National Law University in the 1State of Jammu and Kashmir and for matters connected therewith or incidental thereto.,2,2018,2019-09-28,2019-09-28,Jammu and Kashmir,,Higher Education,37,1,section
jammu-kashmir-natural-calamities-destroyed-areas-improvement-act,"The Jammu and Kashmir Natural Calamities Destroyed Areas Improvement Act, 2011 (1954 A.d.)","An Act for improvement of towns, villages or other areas destroyed by natural calamities in the 1Union territory of Jammu and Kashmir.",38,2011,1954-12-24,1955-02-03,Jammu and Kashmir,,"Disaster Management, Relief and Rehabilitation",15,1,section
jammu-kashmir-non-biodegradable-material-management-handling-disposal-act,"The Jammu and Kashmir Non-Biodegradable Material (Management) Handling and Disposal Act, 2007.",An Act to prohibit and regulate handling and disposal of non-biodegradable material in the 1Union territory of Jammu and Kashmir and the matters connected therewith and incidental thereto.,12,2007,2007-09-08,2007-09-08,Jammu and Kashmir,,"Forest, Ecology and Environment.",18,1,section
jammu-kashmir-obsolete-laws-repeal-act-2010,"The Jammu and Kashmir Obsolete Laws (Repeal) Act, 2010",An Act to repeal various obsolete laws which are no more in use in the 1Union territory of Jammu and Kashmir.,27,2010,2010-10-23,2010-10-25,Jammu and Kashmir,,"Department of Law,Justice and Parliamentary Affairs",2,1,section
jammu-kashmir-official-languages-act-2020,"The Jammu and Kashmir Official Languages Act, 2020.",An Act to provide for the languages to be used for the official purposes of the Union territory of Jammu and Kashmir and for matters connected therewith or incidental thereto.,23,2020,2020-09-26,2020-09-29,CENTRAL,Ministry of Home Affairs,Department of Jammu and Kashmir Affairs,4,1,section
jammu-kashmir-official-languages-act-2020-jammu-kashmir,"The Jammu and Kashmir Official Languages Act, 2020",An Act to provide for the languages to be used for the official purposes of the Union territory of Jammu and Kashmir and for matters connected therewith or incidental thereto.,23,2020,2020-09-26,2020-09-29,Jammu and Kashmir,,Culture,4,1,section
jammu-kashmir-ombudsman-panchayats-act-2014,"The Jammu and Kashmir Ombudsman for Panchayats Act, 2014",An Act to establish Ombudsman for Panchayats for the purpose of investigating charges of corruption or maladministration in Panchayati Raj Institutions in the 1Union territory of Jammu and Kashmir.,5,2014,2014-03-14,2014-03-14,Jammu and Kashmir,,Rural Development and Panchayati Raj,20,1,section
jammu-kashmir-panchayati-raj-act-1989,"The Jammu and Kashmir Panchayati Raj Act, 1989","An Act to provide for the constitution of Halqa Panchayats, Block Development Councils and the District Planning and Development Boards and matters connected therewith.",9,1989,1989-07-11,1989-07-11,Jammu and Kashmir,,Rural Development and Panchayati Raj,103,1,section
jammu-kashmir-paramedical-council-act-2014,"The Jammu and Kashmir Paramedical Council Act, 2014",An Act to provide for establishment of Paramedical Council in the 1Union territory of Jammu and Kashmir and to regulate the practice by Paramedical Practitioners and institutions.,7,2014,2014-03-14,2014-03-14,Jammu and Kashmir,,Health and Medical Education Department,55,1,section
jammu-kashmir-passengers-taxation-act-1963,"The Jammu and Kashmir Passengers Taxation Act, 1963",An Act to provide for levying a tax on passengers carried by road in motor vehicles.,12,1963,1963-03-27,1963-03-27,Jammu and Kashmir,,Trasnport,33,1,section
jammu-kashmir-plant-diseases-pests-act-1973,"The Jammu and Kashmir Plant Diseases and Pests Act, 1973","An Act to prevent the introduction, spread or reappearance of plant diseases, pests, parasites and noxious weeds.",14,1973,1973-04-27,1973-04-30,Jammu and Kashmir,,Agriculture Production Department,17,1,section
jammu-kashmir-preservation-specified-trees-act-1969,"The Jammu and Kashmir Preservation of Specified Trees Act, 1969",An Act to make provision for the preservation of certain species of trees and for regulation of felling and export thereof.,5,1969,1969-04-09,1969-04-09,Jammu and Kashmir,,"Forest, Ecology and Environment.",20,1,section
jammu-kashmir-prevention-beggary-act-1960,"The Jammu and Kashmir Prevention of Beggary Act, 1960",An Act for preventing beggary and making beggars good citizens.,40,1960,1960-10-16,1960-12-16,Jammu and Kashmir,,Social Welfare,9,1,section
jammu-kashmir-prevention-suppression-sabotages-act-1965,"The Jammu and Kashmir Prevention and Suppression of Sabotages Act, 1965.","An Act to provide for the speedy trial of, and enhanced punishment for, the offence of Sabotage.",22,1965,1965-09-27,1965-09-28,Jammu and Kashmir,,Science and Technology,14,1,section
jammu-kashmir-prevention-unfairmeans-examinations-act-1987,"The Jammu and Kashmir (Prevention of Unfairmeans) Examinations Act, 1987",An Act to regulate the conduct of examinations and to provide for the punishment of Unfairmeans used or committed in such examinations.,20,1987,1987-12-09,1988-01-04,Jammu and Kashmir,,Higher Education,11,1,section
jammu-kashmir-private-colleges-regulation-control-act-2002,"The Jammu and Kashmir Private Colleges (Regulation and Control) Act, 2002",An Act to provide for the regulation and control of Private Colleges in the 1Union territory of Jammu and Kashmir.,22,2002,2002-04-21,2002-04-23,Jammu and Kashmir,,Higher Education,24,1,section
jammu-kashmir-professions-trades-callings-employment-tax-act,"The Jammu and Kashmir Professions, Trades, Callings and Employment Tax Act, 2005","An Act to provide for the levy and collection of tax on professions, trades, callings and employment to raise resources for the establishment of a Self Employment Promotion Fund.",9,2005,2005-05-09,2005-05-10,Jammu and Kashmir,,Finance,23,1,section
jammu-kashmir-prohibition-on-manufacture-specified-copper-utensils,"The Jammu and Kashmir Prohibition on Manufacture of Specified Copper Utensils (By Machine) Act, 2006",An Act to provide for safeguarding the manufacture of specified copper utensils by hand to protect this old-age craft from extinction.,13,2006,2006-08-09,2006-08-14,Jammu and Kashmir,,Industries and Commerce Department,11,1,section
jammu-kashmir-prohibition-ragging-act-2011,"The Jammu and Kashmir Prohibition of Ragging Act, 2011",An Act to prohibit ragging in educational institutions in the 1Union territory of Jammu and Kashmir.,6,2011,2011-04-09,2011-04-13,Jammu and Kashmir,,Higher Education,12,1,section
jammu-kashmir-property-rights-slum-dwellers-act-2012,"The Jammu and Kashmir Property Rights to Slum Dwellers Act, 2012","An Act to provide for facilitation of inclusive growth and slum-free cities, lay down general principles applicable to slum-free cities in all spheres of Government and according property rights to slum dwellers and to provide for matters connected therewith or incidental thereto.",11,2012,2012-04-25,2012-04-26,Jammu and Kashmir,,Revenue,26,1,section
jammu-kashmir-property-tax-board-act-2013,"The Jammu and Kashmir Property Tax Board Act, 2013",An Act to establish a Property Tax Board in the 1Union territory of Jammu and Kashmir and for the matters connected therewith or incidental thereto.,11,2013,2013-04-24,2013-04-25,Jammu and Kashmir,,Finance,25,1,section
jammu-kashmir-protection-interests-depositors-financial-establishments-act,"The Jammu and Kashmir Protection of Interests of Depositors (In Financial Establishments) Act, 2018",An Act to protect the deposits made by the public in the Financial Establishments and matters relating thereto.,13,2018,2018-03-29,2018-03-29,Jammu and Kashmir,,Finance,21,1,section
jammu-kashmir-public-men-public-servants-declaration-assets,"The Jammu and Kashmir Public Men and Public Servants Declaration of Assets and Other Provisions Act, 1983",An Act to provide for declaration of assets of public men and public servants and to regulate the conditions of service of the public servants and also for matters connected therewith.,5,1983,1983-03-18,1983-03-19,Jammu and Kashmir,,Home,17,1,section
jammu-kashmir-public-premises-eviction-unauthorised-occupants-act,"The Jammu and Kashmir Public Premises (Eviction of Unauthorised Occupants) Act, 1988",An Act to provide for the eviction of unauthorized occupants from public premises and for certain incidental matters.,17,1988,1988-08-31,1988-09-01,Jammu and Kashmir,,Housing and Urban Development,24,1,section
jammu-kashmir-public-safety-act-1978,"The Jammu and Kashmir Public Safety Act, 1978",Whereas it is necessary in the interest of the security of the 1Union territory of Jammu and Kashmir and public order to make law providing for the measures hereinafter appearing.,6,1978,1978-04-08,1978-04-08,Jammu and Kashmir,,Home,25,1,section
jammu-kashmir-public-services-guarantee-act-2011,"The Jammu and Kashmir Public Services Guarantee Act, 2011",An Act to provide for the delivery of public services to the people of the 1Union territory of Jammu and Kashmir within the specified time limit and for matters connected therewith and incidental thereto.,9,2011,2011-04-09,2011-04-13,Jammu and Kashmir,,General Administration Department,18,1,section
jammu-kashmir-registration-contractors-act-1956,"The Jammu and Kashmir Registration of Contractors Act, 1956.",An Act to provide for registration of contractors in the Civil Departments of the 1Union territory of Jammu and Kashmir and other connected matters.,16,1956,1956-10-08,1956-10-25,Jammu and Kashmir,,Revenue,10,1,section
jammu-kashmir-registration-tourist-trade-act-1978,"The Jammu and Kashmir Registration of Tourist Trade Act, 1978",An Act to provide for the registration of persons dealing with tourists and for matters connected therewith.,9,1978,1978-05-09,1978-05-09,Jammu and Kashmir,,Tourism,51,1,section
jammu-kashmir-regulation-accounts-act-2001-1944-d,"The Jammu and Kashmir Regulation of Accounts Act, 2001 (1944 A.d.).",An Act to regulate the keeping of accounts of certain transactions.,16,2001,2001-09-18,2001-10-14,Jammu and Kashmir,,Finance,6,1,section
jammu-kashmir-reorganisation-act-2019,"The Jammu and Kashmir Reorganisation Act, 2019",An Act to provide for the reorganisation of the existing State of Jammu and Kashmir and for matters connected therewith or incidental thereto.,34,2019,2019-08-09,,CENTRAL,Ministry of Home Affairs,Department of Jammu and Kashmir Affairs,105,1,section
jammu-kashmir-representation-people-supplementary-act-1968,"The Jammu and Kashmir Representation of the People (Supplementary) Act, 1968",,3,1968,1968-03-23,,CENTRAL,Ministry of Law and Justice,Legislative Department,3,1,section
jammu-kashmir-reservation-act-2004,"The Jammu and Kashmir Reservation Act, 2004","An Act to provide for reservation in appointment, and admission in Professional Institutions, for the members of Scheduled Castes, Scheduled Tribes and other socially and educationally backward classes and for matters connected therewith or incidental thereto.",14,2004,2004-03-19,2004-03-23,Jammu and Kashmir,,Social Welfare,24,1,section
jammu-kashmir-residential-commercial-tenancy-act-2012,"The Jammu and Kashmir (Residential and Commercial Tenancy) Act, 2012","An Act to establish a framework for the regulation of residential and commercial tenancy matters and to balance the rights and responsibilities of landlords and tenants and to provide for fast adjudication process for resolution of disputes, and for matters connected therewith or incidental thereto.",5,2012,2012-04-14,2012-04-14,Jammu and Kashmir,,Revenue,42,1,section
jammu-kashmir-restitution-mortgaged-properties-act-1976,"The Jammu and Kashmir Restitution of Mortgaged Properties Act, 1976",An Act to provide for the restitution of certain mortgaged properties in 1the Union territory of Jammu and Kashmir.,14,1976,1976-04-21,1976-04-23,Jammu and Kashmir,,Revenue,19,1,section
jammu-kashmir-saffron-act-2007,"The Jammu and Kashmir Saffron Act, 2007",An Act to provide for regulating the quality of saffron and to ensure its genuineness for sale and export and for matters connected therewith or incidental thereto.,5,2007,2007-02-21,2007-02-26,Jammu and Kashmir,,Horticulture,28,1,section
jammu-kashmir-school-educ-ation-act-2002,"The Jammu and Kashmir School Educ Ation Act, 2002",An Act to provide for achieving the goal of universalisation of elementary education and to provide for better organization and development of school education in the 1Union territory of Jammu and Kashmir.,21,2002,2002-04-21,2002-04-23,Jammu and Kashmir,,School Education Department,41,1,section
jammu-kashmir-self-reliant-cooperatives-act-1999,"The Jammu and Kashmir Self-Reliant Cooperatives Act, 1999","An Act to provide for the formation and transformation of Cooperatives as self-reliant, self-help, mutual-aid, autonomous, voluntary, democratic, business enterprises, owned, managed and controlled by members for their economic and social betterment, through the financially gainful provision of core services which fulfil a common need felt by them and for the matters connected therewith or incidental thereto.",10,1999,1999-05-11,1999-05-14,Jammu and Kashmir,,Cooperatives Department,59,1,section
jammu-kashmir-shri-amarnath-ji-shrine-act-2000,"The Jammu and Kashmir Shri Amarnath Ji Shrine Act, 2000","An Act to provide for the constitution of a Board for the better management of the Shri Amarnath Ji Yatra, upgradation of facilities for holy pilgrims and matters connected therewith or incidental thereto.",18,2000,2000-11-14,2000-11-14,Jammu and Kashmir,,Tourism,21,1,section
jammu-kashmir-shri-ma-ta-vaishno-devi-university,"The Jammu and Kashmir Shri Ma Ta Vaishno Devi University Act, 1999","An Act, to provide for the establishment and incorporation of a residential and highly technical University in the 1Union territory of Jammu and Kashmir to offer scientific and technical education of the highest standards as also to usefully utilize the surplus finance of Shri Mata Vaishno Devi Shrine Board and for matter connected therewith",12,1999,1999-05-12,1999-05-14,Jammu and Kashmir,,Higher Education,27,1,section
jammu-kashmir-shri-mata-sukhrala-devi-ji-shrine,"The Jammu and Kashmir Shri Mata Sukhrala Devi Ji Shrine and Shri Mata Bala Sundari Shrine Act, 2013","An Act to provide for the better management, administration and governance of Shri Mata Sukhrala Devi Ji Shrine and Shri Mata Bala Sundari Shrine and its endowments including the lands and buildings attached, or appurtenant, to the shrines and for matters connected therewith or incidental thereto.",3,2013,2013-04-24,2013-04-25,Jammu and Kashmir,,Tourism,23,1,section
jammu-kashmir-shri-mata-vaishno-devi-shrine-act,"The Jammu and Kashmir Shri Mata Vaishno Devi Shrine Act, 1988","An Act to provide for the better management, administration and governance of Shri Mata Vaishno Devi Shrine and its endowments including the lands and buildings attached, or appurtenant, to the Shrine, beginning from Katra up to the holy cave and the adjoining hillocks currently under the management of the Dharmarth Trust.",16,1988,1988-08-31,1988-09-01,Jammu and Kashmir,,Tourism,25,1,section
jammu-kashmir-shri-shiv-khori-shrine-act-2008,"The Jammu and Kashmir Shri Shiv Khori Shrine Act, 2008","An Act to provide for the better management, administration and governance of Shri Shiv Khori Shrine and its endowments including the lands and buildings attached, or appurtenant, to the Shrine and for matters connected therewith or incidental thereto.",4,2008,2008-02-11,2008-02-14,Jammu and Kashmir,,Tourism,22,1,section
jammu-kashmir-sikh-gurdwaras-religious-endowment-act-1973,"The Jammu and Kashmir Sikh Gurdwaras and Religious Endowment Act, 1973",An Act to provide for the better administration of the Sikh Gurdwaras in 1Union territory of Jammu and Kashmir and their properties wherever situate.,15,1973,1973-04-27,1973-04-30,Jammu and Kashmir,,"Department of Law,Justice and Parliamentary Affairs",21,1,section
jammu-kashmir-silk-development-protection-act-1988,"The Jammu and Kashmir Silk (Development and Protection) Act, 1988",An Act to ensure proper and smooth growth of the Silk Industry and preservation of cultural heritage in the art of Silk in the *State and matters connected therewith.,28,1988,1988-12-22,1988-12-22,Jammu and Kashmir,,Industries and Commerce Department,10,1,section
jammu-kashmir-single-window-industrial-investments-business-facilitation,"The Jammu and Kashmir Single Window (Industrial Investments and Business Facilitation) Act, 2018","An Act to provide for speedy process of issuance of various licenses, clearances, registrations and/or no objection certificates and their renewals required for setting up and operation of industrial and business enterprises in the State of Jammu and Kashmir with the aim of providing for an investor and business friendly environment in the State and matters connected therewith or incidental thereto.In exercise of the powers vested under Proclamation No.P1/18 of 2018 dated 20th June, 2018, the Governor is pleased to enact as follows:––",10,2018,2018-09-24,2018-09-24,Jammu and Kashmir,,Industries and Commerce Department,27,1,section
jammu-kashmir-special-security-group-act-2000,"The Jammu and Kashmir Special Security Group Act, 2000","An Act to provide for the constitution and regulation of a separate security force in 1the Union territory of Jammu and Kashmir for providing proximate security to the Chief Minister, Members of his immediate family and matters connected therewith.",6,2000,2000-04-11,2000-04-18,Jammu and Kashmir,,Home,16,1,section
jammu-kashmir-special-tribunal-act-1988,"The Jammu and Kashmir Special Tribunal Act, 1988","An Act to provide for the presentation of appeals, revision and review petitions arising under any law made by the 1Legislative Assembly of the Union territory, to Special Tribunal.",19,1988,1988-08-31,1988-09-01,Jammu and Kashmir,,Home,10,1,section
jammu-kashmir-state-board-technical-education-act-2002,"The Jammu and Kashmir State Board of Technical Education Act, 2002","An Act to provide for establishment of State Board of Technical Education to regulate matters pertaining to Diploma Level Technical Education in the 1Union territory of Jammu and Kashmir, to develop the standards of Technical Education and to monitor the performance of the affiliated institutions and for other matters connected therewith or incidental thereto.",4,2002,2002-04-21,2002-04-21,Jammu and Kashmir,,Technical Education,36,1,section
jammu-kashmir-state-evacuees-administration-property-act-2006,"The Jammu and Kashmir State Evacuees’ (Administration of Property) Act, 2006 (1949 A. D.)",An Act to provide for the administration of Evacuees’ Property in the Jammu and Kashmir State.,6,2006,2006-09-21,2006-09-21,Jammu and Kashmir,,Revenue,54,1,section
jammu-kashmir-state-legislature-members-pension-act-1984,"The Jammu and Kashmir State Legislature Members’ Pension Act, 1984.",An Act to provide for payment of Pension to Members of the Jammu and Kashmir State Legislature and for matters connected therewith or incidental thereto.,2,1984,1984-03-23,1984-03-24,Jammu and Kashmir,,"Department of Law,Justice and Parliamentary Affairs",9,1,section
jammu-kashmir-state-legislature-proceedings-protection-publication-act,"The Jammu and Kashmir State Legislature Proceedings (Protection of Publication) Act, 1960",An Act to protect the publication of reports of proceedings of 1the Legislative Assembly of the union territory of Jammu and Kashmir.,37,1960,1960-10-10,1960-10-21,Jammu and Kashmir,,"Department of Law,Justice and Parliamentary Affairs",4,1,section
jammu-kashmir-state-road-safety-council-act-2018,"The Jammu and Kashmir State Road Safety Council Act, 2018",An Act to provide for the constitution of a State Road Safety Council and establishment of a Road Safety Fund for implementation of road safety programmes 1in the Union territory of Jammu and Kashmir and for matters connected therewith and incidental thereto.,5,2018,2018-02-21,2018-02-21,Jammu and Kashmir,,Trasnport,37,1,section
jammu-kashmir-state-sheep-sheep-products-development-board,"The Jammu and Kashmir State Sheep and Sheep Products Development Board Act, 1979","An Act to provide for the establishment of a Sheep and Sheep Products Development Board for procurement of raw wool, its grading and sale and for development of Sheep and Wool Industry within the 1State and for matters connected therewith.",9,1979,1979-09-29,1979-09-29,Jammu and Kashmir,,Animal and Sheep Husbandary,33,1,section
jammu-kashmir-state-town-planning-act-1963,"The Jammu and Kashmir State Town Planning Act, 1963",An Act to provide for the development of the *State according to plan and for matters ancillary thereto.,20,1963,1963-03-30,1963-03-30,Jammu and Kashmir,,Housing and Urban Development,30,1,section
jammu-kashmir-water-resources-regulation-management-act-2010,"The Jammu and Kashmir Water Resources (Regulation and Management) Act, 2010","An Act to consolidate the law relating to use of water, the measurement, construction, control and management of works with respect to water storage, conservation and protection, the irrigation, water supply, drainage, flood control and prevention, the improvement in the flow of water, the protection and improvement in the physical integrity of water courses, lakes and springs, the safety and surveillance of dams, the establishment of the State Water Resources Regulatory Authority for regulating water resources, ensuring judicious, equitable and sustainable management, allocation and utilization of water resources, fixing the rates for use of water and matters connected therewith or incidental thereto.",21,2010,2010-10-23,2010-10-25,Jammu and Kashmir,,PHE(I&FC),202,1,section
jammu-kashmir-willow-prohibition-on-export-movement-act,"The Jammu and Kashmir Willow (Prohibition on Export and Movement) Act, 2000",An Act to provide for the prohibition of export and movement of Willow wood outside the 1Union territory of Jammu and Kashmir and for matters connected therewith or incidental thereto.,16,2000,2000-11-14,2000-11-15,Jammu and Kashmir,,"Forest, Ecology and Environment.",8,1,section
jawaharlal-institute-post-graduate-medical-education-research-puducherry-act,"The Jawaharlal Institute of Post-Graduate Medical Education and Research, Puducherry, Act, 2008","An Act to declare the Institution known as the Jawaharlal Institute of Post-Graduate Medical Education and Research, Puducherry, to be an institution of national importance and to provide for its incorporation and matters connected therewith.",19,2008,2008-05-16,2008-07-14,CENTRAL,Ministry of Health and Family Welfare,Department of Health and Family Welfare,32,1,section
jawaharlal-nehru-university-act-1966,"The Jawaharlal Nehru University Act, 1966",An Act to establish and incorporate a university in Delhi.,53,1966,1966-12-22,1969-04-22,CENTRAL,Ministry of Education,Department of Higher Education,27,1,section
jharkhand-combined-entrance-competitive-examination-board-act,Jharkhand Combined Entrance Competitive Examination Board Act,Jharkhand Combined Entrance Competitive Examination Board Act,236,1995,2001-03-29,,Jharkhand,,"Higher Technical Education and Skill Development Department, Government of Jharkhand",19,1,section
jharkhand-raksha-shakti-university-act-2016,"The Jharkhand Raksha Shakti University Act, 2016",,22,2016,2016-09-30,,Jharkhand,,"Higher Technical Education and Skill Development Department, Government of Jharkhand",39,1,section
jharkhand-state-higher-education-council-act-2016,"The Jharkhand State Higher Education Council Act, 2016",,17,2016,2016-05-25,,Jharkhand,,"Higher Technical Education and Skill Development Department, Government of Jharkhand",24,1,section
jharkhand-state-university-act-2000-adapted-amendment-upto,"THE JHARKHAND STATE UNIVERSITY ACT 2000, Adapted and Amendment upto 2019","THE JHARKHAND STATE UNIVERSITY ACT 2000, Adapted and Amendment upto 2019",6,2003,2003-05-06,,Jharkhand,,"Higher Technical Education and Skill Development Department, Government of Jharkhand",79,1,section
jharkhand-university-technology-act-2011-its-ammendment,Jharkhand University of Technology Act 2011 and its ammendment,Jharkhand University of Technology Act 2011 and its ammendment,855,2011,2015-11-12,,Jharkhand,,"Higher Technical Education and Skill Development Department, Government of Jharkhand",46,1,section
jodhpur-development-authority-act-2009,"The Jodhpur Development Authority Act, 2009",,2,2009,2008-08-30,,Rajasthan,,Urban Development and Housing Department,97,1,section
judges-inquiry-act-1968,"The Judges (Inquiry) Act, 1968",An Act to regulate the procedure for the investigation and proof of the misbehaviour or incapacity of a judge of the Supreme Court or of a High Court and for the presentation of an address by Parliament to the President and for matters connected therewith.,51,1968,1968-12-05,1969-01-01,CENTRAL,Ministry of Law and Justice,Department of Justice,7,1,section
judges-protection-act-1985,"The Judges (Protection) Act, 1985",An Act for securing additional protection for Judges and others acting Judicially and for matters connected therewith.,59,1985,1985-09-06,1985-09-06,CENTRAL,Ministry of Law and Justice,Department of Justice,4,1,section
jute-companies-nationalisation-act-1980,"The Jute Companies (Nationalisation) Act, 1980","An Act to provide for the acquisition and transfer of the undertakings of the jute companies, specified in the First Schedule with a view to securing the proper management of such undertakings so as to subserve the interests of the general public by ensuring the continued manufacture, production and distribution of articles made of jute, which are essential to the needs of the economy of the country and for matters connected therewith or incidental thereto.",62,1980,1980-12-21,1980-12-21,CENTRAL,Ministry of Textiles,,33,1,section
jute-packaging-materials-compulsory-use-packing-commodities-act,"The Jute Packaging Materials (Compulsory Use in Packing Commodities) Act, 1987","An Act to provide for the compulsory use of jute packaging material in the supply and distribution of certain commodities in the interests of production of raw jute and jute packaging material, and of persons engaged in the production thereof, and for matters connected therewith.",10,1987,1987-05-09,1987-05-14,CENTRAL,Ministry of Textiles,,17,1,section
juvenile-justice-care-protection-children-act-2000,"The Juvenile Justice (Care and Protection of Children) Act, 2000",,56,2000,2000-12-30,,Chandigarh,,Social Welfare,1,1,section
juvenile-justice-care-protection-children-act-2015,"The Juvenile Justice (Care and Protection of Children) Act, 2015.","An Act to consolidate and amend the law relating to children alleged and found to be in conflict with law and children in need of care and protection by catering to their basic needs through proper care, protection, development, treatment, social re-integration, by adopting a child-friendly approach in the adjudication and disposal of matters in the best interest of children and for their rehabilitation through processes provided, and institutions and bodies established, herein under and for matters connected therewith or incidental thereto.",2,2016,2015-12-31,2016-01-15,CENTRAL,Ministry of Women and Child Development,,112,1,section
juvenile-justice-care-protection-children-act-2015-chandigarh-2016,"The Juvenile Justice (Care and Protection of Children) Act, 2015",,2,2016,2015-12-31,,Chandigarh,,Social Welfare,3,1,section
kalakshetra-foundation-act-1993,"The Kalakshetra Foundation Act, 1993","An Act to declare Kalakshetra of Madras to be an institution of national importance to provide for the establishment and incorporation of a Foundation for its administration, to make provisions for further development of Kalakshetra in accordance with the aims and objects for which Kalakshetra was founded and for matters connected therewith or incidental thereto.",6,1994,1994-01-04,1993-09-29,CENTRAL,Ministry of Culture,,35,1,section
karimnagar-metropolitan-area-police-act-2016,"The Karimnagar (Metropolitan Area) Police Act, 2016.",An Act to provide for the establishment of Karimnagar Police Commissionerate for the Metropolitan Area of Karimnagar and for the matters connected therewith or incidental thereto.,2,2017,2017-01-19,2016-10-08,Telangana,,Home,12,1,section
kashmir-jammu-universities-act-1969,"The Kashmir and Jammu Universities Act, 1969",An Act to provide for the establishment of the University of Kashmir and the University of Jammu in the *State.,24,1969,1969-10-30,1969-11-10,Jammu and Kashmir,,Higher Education,60,1,section
kavi-kulaguru-kalidas-sanskrit-vishvavidyalaya-university-act-1997,"The Kavi Kulaguru Kalidas Sanskrit Vishvavidyalaya (University) Act, 1997.",An Act to establish a Sanskrit University in the State of Maharashtra.,33,1997,1997-05-28,,Maharashtra,Govt of Maharashtra,Higher and Technical Education Department,93,1,section
kazis-act-1880,"The Kazis' Act, 1880",An Act for the appointment of persons to the Office of Kazi.,12,1880,1880-07-09,1880-07-09,CENTRAL,Ministry of Law and Justice,Legislative Department,4,1,section
kerala-advocates-welfare-fund-act-1980-act-21,"The Kerala Advocates Welfare Fund Act, 1980 (Act 21 of 1980)",,21,1980,1980-12-10,,Kerala,,Law,1,1,section
kerala-official-languages-act-1969-no-7-1969,"The Kerala Official Languages Act, 1969 (No.7 of 1969)",,7,1969,1969-02-19,,Kerala,,Law,6,1,section
khaddar-protection-name-act-1950,"The Khaddar (Protection of Name) Act, 1950",An Act to regulate the use of the words,78,1950,1950-12-28,1950-12-28,CENTRAL,Ministry of Law and Justice,Legislative Department,3,1,section
khadi-village-industries-commission-act-1956,"The Khadi and Village Industries Commission Act, 1956",An Act to provide for the establishment of a Commission for the development of Khadi and Village Industries and for matters connected therewith.,61,1956,1956-09-25,1956-09-25,CENTRAL,"Ministry of Micro, Small and Medium Enterprises",,35,1,section
khammam-metropolitan-area-police-act-2016,"The Khammam (Metropolitan Area) Police Act, 2016.",An Act to provide for the establishment of Khammam Police Commissionerate for the Metropolitan Area of Khammam and for the matters connected therewith or incidental thereto.,10,2017,2017-01-19,,Telangana,,Home,11,1,section
khuda-bakhsh-oriental-public-library-act-1969,"The Khuda Bakhsh Oriental Public Library Act, 1969",An Act to declare the Khuda Bakhsh Oriental Public Library at Patna to be an institution of national importance and to provide for its administration and certain other connected matters.,43,1969,1969-12-26,1970-07-21,CENTRAL,Ministry of Culture,,28,1,section
king-george-s-medical-college-gandhi-memorial-associated,"The King George's Medical College and the Gandhi Memorial and Associated Hospital (Taking over) (Repeal) Act, 1998",,15,1998,1998-03-30,,Uttar Pradesh,,Medical Education,3,1,section
king-george-s-medical-university-uttar-pradesh-act,"King George's Medical University, Uttar Pradesh Act, 2002","King George's Medical University, Uttar Pradesh Act, 2002",8,2002,2002-09-06,,Uttar Pradesh,,Medical Education,57,1,section
king-oudh-s-estate-act-1887,"The King of Oudh's Estate Act, 1887",An Act to provide for the Administration of the Estate of His late Majesty the King of Oudh.,19,1887,1887-09-23,,CENTRAL,Ministry of Home Affairs,Department of States,3,1,section
king-oudh-s-estate-act-1888,"The King of Oudh's Estate Act, 1888",An Act to make further provision for the Administration of the Estate of His late Majesty the King of Oudh.,14,1888,1888-10-26,,CENTRAL,Ministry of Home Affairs,Department of States,2,1,section
king-oudh-s-estate-validation-act-1917,"The King of Oudh's Estate Validation Act, 1917","An Act to validate certain deeds of conveyance and a trust deed relating to certain properties of His late Majesty, Wajid Ali Shah, King of Oudh, and for other purposes.",12,1917,1917-03-21,1917-03-21,CENTRAL,Ministry of Home Affairs,Department of States,4,1,section
konkan-irrigation-development-corporation-act-1997,"The Konkan Irrigation Development Corporation Act, 1997","An Act to make special provisions for mobilization of resources for, completion of some ongoing irrigation projects in time bound manner, for promotion and operation of the said irrigation projects in Konkan region, and for command area development and schemes for generation of hydro-electric energy and other allied and incidental activities including flood control by establishing the Konkan Irrigation-Development Corporation.",3,1998,1998-01-06,,Maharashtra,Govt of Maharashtra,Water Resources Department,71,1,section
kota-development-authority-act-2023,"Kota Development Authority Act, 2023",,22,2023,2023-07-19,,Rajasthan,,Urban Development and Housing Department,100,1,section
labour-laws-simplification-procedure-furnishing-returns-maintaining-registers,"The Labour Laws (Simplification of Procedure for Furnishing Returns and Maintaining Registers by certain Establishments) Act, 1988",An Act to provide for the simplification of procedure for furnishing returns and maintaining registers in relation to establishments employing a small number of persons under certain labour laws.,51,1988,1988-09-24,1989-05-01,CENTRAL,Ministry of Labour and Employment,,8,1,section
lady-hardinge-medical-college-hospital-acquisition-miscellaneous-provisions,"The Lady Hardinge Medical College and Hospital (Acquisition and Miscellaneous Provisions) Act, 1977","An Act to provide for the acquisition of the Lady Hardinge Medical College and Hospital and for the management of the Kalavati Saran Hospital, with a view to ensuring better facilities for higher medical education for women and medical facilities for women and children in the Union territory of Delhi and for matters connected therewith or incidental thereto.",34,1977,1977-12-03,1978-02-01,CENTRAL,Ministry of Health and Family Welfare,Department of Health and Family Welfare,19,1,section
lalit-kala-akadami-taking-over-management-act-1997,"The Lalit Kala Akadami (Taking Over of Management) Act, 1997",An Act to provide for the taking over of the management of the Lalit Kala Akadami for a limited period in the public interest and for matters connected therewith or incidental thereto.,17,1997,1997-03-25,1997-01-24,CENTRAL,Ministry of Culture,,16,1,section
land-acquisition-amendment-validation-act-1967,"The Land Acquisition (Amendment and Validation) Act, 1967","An Act further to amend the Land Acquisition Act, 1894, and to validation certain acquisitions of land under the said Act.",13,1967,1967-04-12,,CENTRAL,Ministry of Rural Development,Department of Land Resources,5,1,section
land-improvement-loans-act-1883,"The Land Improvement Loans Act, 1883",An Act to consolidate and amend the law relating to loans of money by the Government for agricultural improvements.,19,1883,1883-10-12,1883-10-12,CENTRAL,Ministry of Rural Development,Department of Land Resources,12,1,section
land-ports-authority-india-act-2010,"The Land Ports Authority of India Act, 2010",An Act to provide for the establishment of the Land Ports Authority of India to put in place systems which address security imperatives and for the development and management of facilities for cross border movement of passengers and goods at designated points along the international borders of India and for matters connected therewith or incidental thereto.,31,2010,2010-08-31,2012-03-01,CENTRAL,Ministry of Home Affairs,Department of Border Management,37,1,section
law-university-act-2010-amendment-2012,Law University Act-2010; Amendment 2012,,20,2010,2010-04-13,,Jharkhand,,"Higher Technical Education and Skill Development Department, Government of Jharkhand",25,1,section
laws-local-extent-act-1874,"The Laws Local Extent Act, 1874","An Act for declaring the local extent of certain Enactments, and for other purposes.",15,1874,1874-12-08,,CENTRAL,Ministry of Home Affairs,Department of States,8,1,section
leader-opposition-legislative-assembly-national-capital-territory-delhi,"Leader of Opposition in the Legislative Assembly of the National Capital Territory of Delhi (Salaries and Allowances) Act, 2001",,6,2002,2002-03-28,,Delhi,,"Law, Justice and Legislative Affairs Department",1,1,section
leaders-chief-whips-recognised-parties-groups-parliament-facilities,"The Leaders and Chief Whips of Recognised Parties and Groups in Parliament (Facilities) Act, 1998",An Act to provide for facilities to Leaders and Chief Whips of recognised parties and groups in Parliament.,5,1999,1999-01-07,1999-02-05,CENTRAL,Ministry of Parliamentary Affairs,,5,1,section
leaders-opposition-maharashtra-legislature-salaries-allowances-act-1978,"The Leaders of Opposition in Maharashtra Legislature Salaries and Allowances Act, 1978.",,8,1978,1978-04-13,,Maharashtra,Govt of Maharashtra,Parliamentary Affairs Department,17,1,section
legal-metrology-act-2009,"The Legal Metrology Act, 2009","An Act to establish and enforce standards of weights and measures, regulate trade and commerce in weights, measures and other goods which are sold or distributed by weight, measure or number and for matters connected therewith or incidental thereto.",1,2010,2010-01-13,2011-03-01,CENTRAL,"Ministry of Consumer Affairs, Food and Public Distribution",Department of Consumer Affairs,57,1,section
legal-metrology-act-2009-chandigarh,"The Legal Metrology Act, 2009",,1,2010,2010-01-13,,Chandigarh,,Food & Supply,2,1,section
legal-practitioners-act-1879,"The Legal Practitioners Act, 1879",An Act to consolidate and amend the law relating to Legal Practitioners.,18,1879,1879-10-29,1880-01-01,CENTRAL,Ministry of Law and Justice,Department of Legal Affairs,42,1,section
legal-representatives-suits-act-1855,"The Legal Representatives Suits Act, 1855","An Act to enable Executors, Administrators or Representatives to sue and be sued for certain wrongs.",12,1855,1855-03-27,1855-03-27,CENTRAL,Ministry of Law and Justice,Legislative Department,2,1,section
legal-services-authorities-act-1987,"The Legal Services Authorities Act, 1987","An Act to constitute legal services authorities to provide free and competent legal services to the weaker sections of the society to ensure that opportunities for securing justice are not denied to any citizen by reason of economic or other disabilities, and to organise Lok Adalats to secure that the operation of the legal system promotes justice on a basis of equal opportunity.",39,1987,1987-10-11,1995-11-09,CENTRAL,Ministry of Law and Justice,Department of Justice,40,1,section
legal-services-authorities-act-1987-andaman-nicobar-islands,"The Legal Services Authorities Act, 1987",,39,1987,1987-10-11,,Andaman and Nicobar Islands,Andaman and Nicobar Administration,Department of Law Secretariat,2,1,section
legal-services-authorities-act-1987-chandigarh,"The Legal Services Authorities Act, 1987",,39,1987,1987-10-11,,Chandigarh,,Home (judicial),3,1,section
legal-tender-inscribed-notes-act-1964,"The Legal Tender (Inscribed Notes) Act, 1964",An Act to restrict the negotiability of currency and other notes inscribed with messages of a political character.,28,1964,1964-09-30,1964-09-30,CENTRAL,Ministry of Finance,Department of Economic Affairs,3,1,section
legislative-assembly-meghalaya-member-s-family-pension-act,"The Legislative Assembly of Meghalaya (Member S Family and Pension) Act, 2002 Act 9 of 2002",An Act to provide payment of family pension to the family of member who had served as member o the Meghalaya Legislative Assembly.,9,2002,2002-08-07,2002-08-08,Meghalaya,Meghalaya Law Department,Law Department,3,1,section
legislative-assembly-nagaland-change-representation-act-1968,"The Legislative Assembly of Nagaland (Change in Representation) Act, 1968","An Act to provide for a change in representation in the Legislative Assembly of Nagaland and for that purpose to make consequential amendments in the State of Nagaland Act, 1962 and the Representation of the People Act, 1950.",61,1968,1968-12-31,1968-12-31,CENTRAL,Ministry of Law and Justice,Legislative Department,5,1,section
lepers-uttar-pradesh-repeal-act-1986,"The Lepers (Uttar Pradesh Repeal) Act, 1986",,7,1987,1987-04-30,,Uttar Pradesh,,Medical Health,2,1,section
levy-tolls-act-1995-1938-d,"The Levy of Tolls Act, 1995 ( 1938 A. D. )","Whereas it is expedient to consolidate in one Act the provisions for levy of tolls upon public roads and bridges in 1the 2Union territory of Jammu and Kashmir in respect of men, animals, vehicles, machinery, commodities and goods in any form whatsoever ; It is hereby enacted as follows :—",8,1995,1995-06-01,1995-09-20,Jammu and Kashmir,,Revenue,23,1,section
life-insurance-corporation-act-1956,"The Life Insurance Corporation Act, 1956",An Act to provide for the nationalisation of life insurance business in India by transferring all such business to a Corporation established for the purpose and to provide for the regulation and control of the business of the Corporation and for matters connected therewith or incidental thereto.,31,1956,1956-06-18,1956-07-01,CENTRAL,Ministry of Finance,Department of Financial Services,79,1,section
life-insurance-corporation-modification-settlements-act-1976,"The Life Insurance Corporation (Modification of Settlements) Act, 1976",An Act to provide for the modification of the settlements arrived at between the Life Insurance Corporation of India and their workmen.,72,1976,1976-05-29,1976-05-29,CENTRAL,Ministry of Finance,Department of Financial Services,3,1,section
limitation-act,"The Limitation Act, 1963",An Act to consolidate and amend the law for the limitation of suits and other proceedings and for purposes connected therewith.,36,1963,1963-10-05,1964-01-01,CENTRAL,Ministry of Law and Justice,Legislative Department,32,1,section
limited-liability-partnership-act-2008,"The Limited Liability Partnership Act, 2008",An Act to make provisions for the formation and regulation of limited liability partnerships and for matters connected therewith or incidental thereto.,6,2009,2009-01-07,2009-03-31,CENTRAL,Ministry of Corporate Affairs,,88,1,section
live-stock-importation-act-1898,"The Live-stock Importation Act, 1898",An Act to make better provision for the regulation of the importation of live-stock and Live Stock Products,9,1898,1898-08-12,1898-08-12,CENTRAL,Ministry of Agriculture and Farmers Welfare,Department of Animal Husbandry and Dairying,6,1,section
local-authorities-loans-act-1914,"The Local Authorities Loans Act, 1914",An Act to consolidate and amend the law relating to the grant of loans to Local Authorities.,9,1914,1914-02-28,,CENTRAL,Ministry of Home Affairs,Department of States,9,1,section
local-bodies-prevention-disqualification-act-1975,"Local Bodies (Prevention of Disqualification) Act, 1975","THE UTTAR PRADESH LOCAL BODIES (PREVENTION OF DISQUALIFICATION) ACT, 1975",32,1975,1975-08-19,,Uttar Pradesh,,Urban development,2,1,section
lok-sahayak-sena-act-1956,"The Lok Sahayak Sena Act, 1956",An Act to provide for the constitution of Lok Sahayak Sena for imparting military training to citizens of India.,53,1956,1956-09-15,1956-09-15,CENTRAL,Ministry of Defence,Department of Military Affairs,11,1,section
lokpal-lokayuktas-act-2013,"The Lokpal and Lokayuktas Act, 2013",An Act to provide for the establishment of a body of Lokpal for the Union and Lokayukta for States to inquire into allegations of corruption against certain public functionaries and for matters connected therewith or idental thereto.,1,2014,2014-01-01,2014-01-16,CENTRAL,"Ministry of Personnel, Public Grievances and Pensions",Department of Personnel and Training,63,1,section
lotteries-regulation-act-1998,"The Lotteries (Regulation) Act, 1998",An Act to regulate the lotteries and to provide for matters connected therewith and incidental thereto.,17,1998,1998-07-07,1997-10-02,CENTRAL,Ministry of Home Affairs,Department of Home,13,1,section
lushai-hills-district-change-name-act-1954,"The Lushai Hills District (Change of Name) Act, 1954",An Act to change the name of the Lushai Hills District.,18,1954,1954-04-29,1954-09-01,CENTRAL,Ministry of Home Affairs,Department of States,4,1,section
madhya-pradesh-reorganisation-act-2000,"The Madhya Pradesh Reorganisation Act, 2000",An Act to provide for the reorganisation of the existing State of Madhya Pradesh and for matters connected therewith.,28,2000,2000-08-25,2000-11-01,CENTRAL,Ministry of Home Affairs,Department of States,86,1,section
madras-bengal-bombay-children-supplementary-act-1925,"The Madras, Bengal and Bombay Children (Supplementary) Act, 1925","An Act to supplement certain provisions of the Madras Children Act, 1920, of the Bengal Children Act, 1922, and of the Bombay Children Act, 1924.",35,1925,1925-09-23,1925-09-23,CENTRAL,Ministry of Home Affairs,Department of States,2,1,section
madras-city-civil-court-act-1892,"The Madras City Civil Court Act, 1892",An Act to establish an additional Civil Court for the City of Madras,7,1892,1892-08-12,1892-08-12,CENTRAL,Ministry of Law and Justice,Department of Justice,18,1,section
madras-civil-courts-act-1873,"The Madras Civil Courts' Act, 1873",An Act to consolidate and amend the law realating to the Civil Courts of the Madras Presidency subordinate to the High Court.,3,1873,1873-01-21,1873-01-21,CENTRAL,Ministry of Law and Justice,Department of Justice,31,1,section
madras-district-police-act-1859,"The Madras District Police Act, 1859",An Act for the better regulation of the Police within the Territories subject to the Presidency of Fort St. George.,24,1859,1859-07-06,1859-07-06,CENTRAL,Ministry of Home Affairs,Department of States,55,1,section
madras-rent-revenue-sales-act-1839,"The Madras Rent and Revenue Sales Act, 1839",,7,1839,1839-03-18,,CENTRAL,Ministry of Home Affairs,Department of States,6,1,section
maha-yogi-guru-gorakhnath-ayush-university-gorakhpur-act,"The Maha Yogi Guru Gorakhnath Ayush University, Gorakhpur Act, 2020",,6,2020,2020-03-12,,Uttar Pradesh,,Ayush,55,1,section
maharana-pratap-university-agriculture-technology-udaipur-act-2000,"Maharana Pratap University of Agriculture and Technology, Udaipur Act, 2000","Maharana Pratap University of Agriculture and Technology, Udaipur Act, 2000",8,2000,2000-05-03,1999-11-01,Rajasthan,,Agriculture Department,4,1,section
maharashtra-aadhaar-targeted-delivery-financial-other-subsidies-benefits,"The Maharashtra Aadhaar (Targeted Delivery of Financial and Other Subsidies, Benefits and Services) Act, 2016","An Act to provide for, as a good governance measure, efficient, transparent, and targeted delivery of subsidies, benefits and services, the expenditure for which is incurred entirely from the Consolidated Fund of the State, to the individuals residing in the State of Maharashtra using Aadhaar as a sole identifier, and for matters connected therewith.",18,2017,2017-01-16,,Maharashtra,Govt of Maharashtra,General Administration Department,9,1,section
maharashtra-abolition-subsisting-proprietary-rights-mines-minerals-certain,"The Maharashtra Abolition of Subsisting Proprietary Rights to Mines and Minerals in certain Lands Act, 1985",An Act to abolish subsisting proprietary rights to mines and minerals in any lands under the Land Tenure Abolition Laws or such other laws for the time being in force by acqisition thereof and to provide for matters connected therewith.,16,1985,1985-08-06,,Maharashtra,Govt of Maharashtra,Revenue & Forest Department,16,1,section
maharashtra-acupuncture-system-therapy-act-2015,"The Maharashtra Acupuncture System of Therapy Act, 2015.","An Act to provide for the development of the acupuncture system of therapy, by regulating the teaching and practice thereof and to deal with certain other matters connected therewith or incidental thereto.",25,2017,2017-04-03,,Maharashtra,Govt of Maharashtra,Medical Education and Drugs Department,41,1,section
maharashtra-advocates-welfare-fund-act-1981,"The Maharashtra Advocates Welfare Fund Act, 1981",,61,1981,1981-11-06,,Maharashtra,Govt of Maharashtra,Law and Judiciary Department,28,1,section
maharashtra-aerial-ropeways-act,The Maharashtra Aerial Ropeways Act.,,3,1956,1956-02-22,,Maharashtra,Govt of Maharashtra,Public Works Department,45,1,section
maharashtra-agricultural-debtors-relief-act,The Maharashtra Agricultural Debtors Relief Act.,,28,1947,1947-05-27,,Maharashtra,Govt of Maharashtra,"Agriculture, Animal Husbandry, Dairy Development and Fisheries Department",68,1,section
maharashtra-agricultural-land-leasing-act-2017,"The Maharashtra Agricultural Land Leasing Act, 2017.",,28,2023,2023-06-27,,Maharashtra,Govt of Maharashtra,Revenue & Forest Department,16,1,section
maharashtra-agricultural-lands-ceiling-on-holdings-act-1961,"The Maharashtra Agricultural Lands (Ceiling on Holdings) Act, 1961.",,27,1961,1961-06-16,,Maharashtra,Govt of Maharashtra,Revenue & Forest Department,64,1,section
maharashtra-agricultural-produce-marketing-development-regulation-act-1963,"The Maharashtra Agricultural Produce Marketing (Development and Regulation) Act, 1963.",An Act to 1develop and regulate the marketing of agricultural and certain other produce in market areas and markets 2including private markets and farmer consumer markets to be established therefor in the State; to confer powers upon Market Committees to be constituted in connection with or acting for purposes connected with such markets; to establish Market Fund for purposes of the Market Committee and to provide for purposes connected with the matters aforesaid.,20,1964,1964-05-05,,Maharashtra,Govt of Maharashtra,"Co-operation, Marketing and Textiles Department",118,1,section
maharashtra-agricultural-produce-marketing-regulation-postponement-elections-during,"The Maharashtra Agricultural Produce Marketing (Regulation) (Postponement of Elections during the Emergency) Act, 1975.",,67,1975,1975-12-24,,Maharashtra,Govt of Maharashtra,"Co-operation, Marketing and Textiles Department",8,1,section
maharashtra-agricultural-universities-krishi-vidyapeeths-act-1983,"The Maharashtra Agricultural Universities (Krishi Vidyapeeths) Act, 1983","An Act, to consolidate and amend the Law relating to the four Agricultural Universities in Maharashtra.",41,1983,1983-08-24,,Maharashtra,Govt of Maharashtra,"Agriculture, Animal Husbandry, Dairy Development and Fisheries Department",79,1,section
maharashtra-anatomy-act,The Maharashtra Anatomy Act.,,11,1949,1949-04-22,,Maharashtra,Govt of Maharashtra,Public Health Department,19,1,section
maharashtra-ancient-monuments-archaeological-sites-remains-act-1960,"The Maharashtra Ancient Monuments and Archaeological Sites and Remains Act, 1960.",,12,1961,1961-02-27,,Maharashtra,Govt of Maharashtra,Tourism And Cultural Department,44,1,section
maharashtra-animal-fishery-sciences-university-act-1998,"The Maharashtra Animal and Fishery Sciences University Act, 1998.",An Act to provide for the establishment and incorporation of the Animal and Fishery Sciences University in the State of Maharashtra and for matters connected therewith and incidental thereto.,17,1998,1998-05-04,,Maharashtra,Govt of Maharashtra,"Agriculture, Animal Husbandry, Dairy Development and Fisheries Department",78,1,section
maharashtra-animal-preservation-act-1976,"The Maharashtra Animal Preservation Act, 1976.","An Act to provide for the prohibition of slaughter 2and preservation of cows, bulls and bullocks useful for milch, breeding, draught or agricultural purposes and for restriction on slaughter for the preservation of certain other animals suitable for the said purposes.",9,1977,1977-03-01,,Maharashtra,Govt of Maharashtra,"Agriculture, Animal Husbandry, Dairy Development and Fisheries Department",23,1,section
maharashtra-apartment-ownership-act-1970,"The Maharashtra Apartment Ownership Act, 1970",An Act to provide for the ownership of an individual apartment in a building and to make such apartment heritable and transferable property.,15,1971,1971-02-19,,Maharashtra,Govt of Maharashtra,Housing Department,34,1,section
maharashtra-bhagdari-narwadari-tenures-abolition-act,The Maharashtra Bhagdari and Narwadari Tenures Abolition Act.,,32,1949,1949-06-23,,Maharashtra,Govt of Maharashtra,Revenue & Forest Department,11,1,section
maharashtra-bhil-naik-inams-abolition-act,The Maharashtra Bhil Naik Inams Abolition Act,,21,1955,1955-06-03,,Maharashtra,Govt of Maharashtra,Revenue & Forest Department,15,1,section
maharashtra-bovine-breeding-regulation-act-2023,"The Maharashtra Bovine Breeding (Regulation) Act, 2023.",,5,2024,2024-01-19,,Maharashtra,Govt of Maharashtra,"Agriculture, Animal Husbandry, Dairy Development and Fisheries Department",36,1,section
maharashtra-casinos-control-tax-repeal-act-2023,"The Maharashtra Casinos (Control and Tax) (Repeal) Act, 2023.",,4,2024,2024-01-03,,Maharashtra,Govt of Maharashtra,Home Department,2,1,section
maharashtra-change-short-titles-certain-bombay-acts-act,"The Maharashtra (Change of Short Titles of certain Bombay Acts) Act, 1980",,15,1980,1980-08-07,,Maharashtra,Govt of Maharashtra,General Administration Department,3,1,section
maharashtra-change-short-titles-certain-bombay-acts-act-maharashtra,"The Maharashtra (Change of Short Titles of certain Bombay Acts) Act, 2011.",An Act to amend certain enactments to change their short titles from “Mumbai Acts” to “Maharashtra Acts”.,24,2012,2012-08-22,,Maharashtra,Govt of Maharashtra,General Administration Department,4,1,section
maharashtra-cinemas-regulations-act,The Maharashtra Cinemas (Regulations) Act.,,11,1953,1953-04-17,,Maharashtra,Govt of Maharashtra,Home Department,15,1,section
maharashtra-civil-courts-act,The Maharashtra Civil Courts Act,An Act to consolidate and amend the law relating to the District and other subordinate Civil Courts in the Presidency of Bombay.,14,1869,2016-01-30,,Maharashtra,Govt of Maharashtra,Law and Judiciary Department,50,1,section
maharashtra-co-operative-societies-act-1960-maharashtra,"The Maharashtra Co-operative Societies Act, 1960",An Act to consolidate and amend the law relating to co-operative societies in the State of Maharashtra.,24,1961,1961-05-09,,Maharashtra,Govt of Maharashtra,"Co-operation, Marketing and Textiles Department",193,1,section
maharashtra-co-operative-sugar-factories-under-erection-postponement-elections,"The Maharashtra Co-operative Sugar Factories under erection (Postponement of Elections) Act, 1974.",,59,1974,1974-12-17,,Maharashtra,Govt of Maharashtra,"Co-operation, Marketing and Textiles Department",10,1,section
maharashtra-coep-technological-university-act-2022,"The Maharashtra COEP Technological University Act, 2022.",,35,2022,2022-05-10,,Maharashtra,Govt of Maharashtra,Higher and Technical Education Department,88,1,section
maharashtra-college-teachers-temporary-postponement-confirmation-act-1973,"The Maharashtra College Teachers (Temporary Postponement of Confirmation) Act, 1973.",,33,1973,1973-09-08,,Maharashtra,Govt of Maharashtra,School Education and Sports Department,4,1,section
maharashtra-commissioners-divisions-act,The Maharashtra Commissioners of Divisions Act,,8,1958,1958-01-10,,Maharashtra,Govt of Maharashtra,Revenue & Forest Department,8,1,section
maharashtra-compulsory-teaching-learning-marathi-language-schools-act,"The Maharashtra Compulsory Teaching and Learning of Marathi Language in Schools Act, 2020",,3,2020,2020-03-09,2020-03-09,Maharashtra,Govt of Maharashtra,Marathi Languages Department,17,1,section
maharashtra-contingency-fund-act,The Maharashtra Contingency Fund Act.,,46,1956,1956-11-24,,Maharashtra,Govt of Maharashtra,Finance Department,5,1,section
maharashtra-control-organised-crime-act-1999-maharashtra,"The Maharashtra Control of Organised Crime Act, 1999","An Act to make special provisions for prevention and control of, and for coping with, criminal activity by organized crime syndicate or gang, and for matters connected therewith or incidental thereto.",30,1999,1999-04-24,,Maharashtra,Govt of Maharashtra,Home Department,30,1,section
maharashtra-cotton-seeds-regulation-supply-distribution-sale-fixation,"The Maharashtra Cotton Seeds (Regulation of Supply, Distribution, Sale and Fixation of Sale Price) Act, 2009",,19,2009,,,Maharashtra,Govt of Maharashtra,"Agriculture, Animal Husbandry, Dairy Development and Fisheries Department",24,1,section
maharashtra-court-fees-act,The Maharashtra Court-fees Act,"An Act to consolidate and amend the law relating to fees taken in the courts and public offices and fees taken in respect of certain matters in the State of Bombay, other than fees falling under entries 77 and 96 of List 1 in the Seventh Schedule to the Constitution of India.",36,1959,1959-08-01,,Maharashtra,Govt of Maharashtra,Law and Judiciary Department,53,1,section
maharashtra-creation-supernumerary-posts-appointment-selected-candidates-act,"The Maharashtra Creation of Supernumerary Posts and Appointment of Selected Candidates Act, 2022.","An Act to provide for creation of supernumerary posts in the cadre of civil services and posts of the Government, Government Departments and offices or authorities subordinate thereto and to appoint candidates selected and recommended by selection authorities thereon.",45,2022,2022-09-08,,Maharashtra,Govt of Maharashtra,General Administration Department,5,1,section
maharashtra-debt-relief-act-1975,"The Maharashtra Debt Relief Act, 1975","An Act to provide for relief from indebtedness to certain farmers, rural artisans, rural labourers and workers.",3,1976,1976-01-03,,Maharashtra,Govt of Maharashtra,Finance Department,62,1,section
maharashtra-deletion-term-famine-from-laws-applicable-state-maharashtra,"The Maharashtra Deletion of the Term “famine” (From Laws applicable to the State) Act, 1963.",,40,1963,1963-11-11,,Maharashtra,Govt of Maharashtra,Law and Judiciary Department,3,1,section
maharashtra-departmental-inquiries-enforcement-attendance-witnesses-production-documents,"The Maharashtra Departmental Inquiries (Enforcement of Attendance of Witnesses and Production of Documents) Act, 1986.",,29,1986,1986-07-21,,Maharashtra,Govt of Maharashtra,General Administration Department,8,1,section
maharashtra-devdasi-system-abolition-act-2005,"The Maharashtra Devdasi System (Abolition) Act, 2005.","An Act to provide for a comprehensive law to abolish the practice of dedication of women as Devdasis to Hindu deities, idols, objects of worship, temples or religious institutions, and to protect the women so dedicated against exploitation, and for matters connected therewith or incidental thereto.",33,2006,2006-08-11,,Maharashtra,Govt of Maharashtra,Women and Child Development Department,22,1,section
maharashtra-director-prohibition-excise-change-designation-act-1973,"The Maharashtra Director of Prohibition and Excise (Change in Designation) Act, 1973.",,52,1973,1973-12-27,,Maharashtra,Govt of Maharashtra,Home Department,3,1,section
maharashtra-district-planning-committees-constitution-functions-act-1998,"The Maharashtra District Planning Committees (Constitution and Functions) Act, 1998.","The Maharashtra District Planning Committees (Constitution and Functions) Act, 1998.",24,1998,1999-03-15,,Maharashtra,Govt of Maharashtra,Planning Department,14,1,section
maharashtra-domestic-workers-welfare-board-act-2008,"The Maharashtra Domestic workers Welfare Board Act, 2008.","The Maharashtra Domestic workers Welfare Board Act, 2008.",1,2009,2009-01-06,,Maharashtra,Govt of Maharashtra,"Industries, Energy and Labour Department",30,1,section
maharashtra-drinking-water-supply-requisition-act-1983,"The Maharashtra Drinking Water Supply Requisition Act, 1983.",,20,1983,1983-04-15,,Maharashtra,Govt of Maharashtra,Water Supply and Sanitation Department,14,1,section
maharashtra-education-employment-guarantee-cess-act-1962,"The Maharashtra Education and Employment Guarantee (Cess) Act, 1962.",,27,1962,1962-08-13,,Maharashtra,Govt of Maharashtra,Revenue & Forest Department,31,1,section
maharashtra-educational-institutions-management-act-1976,"The Maharashtra Educational Institutions (Management) Act, 1976.",An Act to provide for taking over management of the property of certain educational institutions for a limited period.,13,1976,1976-04-18,,Maharashtra,Govt of Maharashtra,School Education and Sports Department,14,1,section
maharashtra-educational-institutions-prohibition-capitation-fee-act-1987,"The Maharashtra Educational Institutions (Prohibition of Capitation Fee) Act, 1987","An Act to prohibit collection of capitation fee for admission of students to, and their promotion to a higher standard or class in the educational institutions in the State of Maharashtra and to provide for matters connected therewith.",6,1988,1988-04-15,,Maharashtra,Govt of Maharashtra,School Education and Sports Department,15,1,section
maharashtra-educational-institutions-regulation-fee-act-2011,"The Maharashtra Educational Institutions (Regulation of Fee) Act, 2011",An Act to provide for the regulation of collection of fee by educational institutions in the State of Maharashtra and for matters connected therewith and incidental thereto.,7,2014,2014-03-21,,Maharashtra,Govt of Maharashtra,School Education and Sports Department,24,1,section
maharashtra-educational-institutions-reservation-teachers-cadre-act-2021,"The Maharashtra Educational Institutions (Reservation in Teachers Cadre) Act, 2021.","An Act to provide for the reservation of posts in appointments by direct recruitment of persons belonging to the Scheduled Castes, Scheduled Tribes, De-notified Tribes (Vimukta Jatis), Nomadic Tribes, Special Backward Category, Other Backward Classes and Economically Weaker Sections to teachers cadre in certain Educational Institutions established, maintained or aided by the State Government and for the matters connected therewith or incidental thereto.",17,2022,2022-01-25,,Maharashtra,Govt of Maharashtra,General Administration Department,6,1,section
maharashtra-educational-institutions-transfer-management-act-1971,"The Maharashtra Educational Institutions (Transfer of Management) Act, 1971","An Act to provide for the transfer of management of the undertaking of certain educational institutions, which are being managed in a manner detrimental to the public interest and to provide for matters connected with the purpose aforesaid.",49,1971,1971-12-28,,Maharashtra,Govt of Maharashtra,School Education and Sports Department,17,1,section
maharashtra-electricity-duty-act-2016,"The Maharashtra Electricity Duty Act, 2016",An Act to provide for levying a duty on consumption of electrical energy in the State of Maharashtra and for matters connected therewith or incidental thereto.,26,2016,2016-08-08,,Maharashtra,Govt of Maharashtra,"Industries, Energy and Labour Department",18,1,section
maharashtra-employees-private-schools-conditions-service-regulation-act,"The Maharashtra Employees of Private Schools (Conditions of Service) Regulation Act, 1977.",An Act to regulate recruitment and condition of service of employees in certain private schools,3,1978,1978-03-20,,Maharashtra,Govt of Maharashtra,School Education and Sports Department,11,1,section
maharashtra-employment-guarantee-act-1977,"The Maharashtra Employment Guarantee Act, 1977.",,20,1978,1978-10-03,,Maharashtra,Govt of Maharashtra,Planning Department,39,1,section
maharashtra-entertainments-duty-act,The Maharashtra Entertainments Duty Act,The Maharashtra Entertainments Duty Act,1,1923,1923-01-13,,Maharashtra,Govt of Maharashtra,Revenue & Forest Department,27,1,section
maharashtra-essential-services-maintenance-act-2023,"The Maharashtra Essential Services Maintenance Act, 2023",An Act to provide for the maintenance of certain essential services and the normal life of the community ; and to provided for the matters connected therewith or incidental thereto.,29,2023,2023-06-30,,Maharashtra,Govt of Maharashtra,General Administration Department,13,1,section
maharashtra-extension-municipal-limits-validation-act-1967,"The Maharashtra Extension of Municipal Limits (Validation) Act, 1967.",,5,1967,1967-04-17,,Maharashtra,Govt of Maharashtra,Urban Development Department,4,1,section
maharashtra-felling-trees-regulation-act-1964,"The Maharashtra Felling of Trees (Regulation) Act, 1964","An Act to make better provision for regulating the felling of certain trees in the State of Maharashtra, for the purpose of the preservation thereof.",34,1964,1964-09-07,,Maharashtra,Govt of Maharashtra,Revenue & Forest Department,16,1,section
maharashtra-finance-commission-miscellaneous-provisions-act-1994,"The Maharashtra Finance Commission (Miscellaneous provisions) Act, 1994.",,23,1994,1994-04-22,,Maharashtra,Govt of Maharashtra,Rural Development and Water conservation Department,9,1,section
maharashtra-fire-prevention-life-safety-measures-act-2006,"The Maharashtra Fire Prevention and Life Safety Measures Act, 2006",An Act to make more effective provisions for the fire prevention and life safety measures in various types of buildings in different areas in the State of Maharashtra.,3,2007,2007-02-05,,Maharashtra,Govt of Maharashtra,Urban Development Department,52,1,section
maharashtra-fiscal-responsibility-budgetary-management-act-2005,"The Maharashtra Fiscal Responsibility and Budgetary Management Act, 2005.",,16,2005,2005-04-20,,Maharashtra,Govt of Maharashtra,Finance Department,12,1,section
maharashtra-fisheries-act-1960,"The Maharashtra Fisheries Act, 1960.","The Maharashtra Fisheries Act, 1960.",1,1961,1961-01-03,,Maharashtra,Govt of Maharashtra,"Agriculture, Animal Husbandry, Dairy Development and Fisheries Department",14,1,section
maharashtra-forward-contracts-control-act,The Maharashtra Forward Contracts Control Act.,,64,1947,1948-02-07,,Maharashtra,Govt of Maharashtra,Urban Development Department,15,1,section
maharashtra-general-clauses-act,The Maharashtra General Clauses Act.,,1,1904,1904-05-30,,Maharashtra,Govt of Maharashtra,Law and Judiciary Department,34,1,section
maharashtra-godawari-marathwada-irrigation-development-corporation-act-1998,"The Maharashtra Godawari Marathwada Irrigation Development Corporation Act, 1998","An Act to make special provisions for promotion and operation of irrigation projects, command area development and schemes for generation of hydro-electric energy to harness the water of Godawari River pertaining to the State of Maharashtra and other allied and incidental activities including flood control in the Godavari River Valley by establishing the Godawari Marathwada Irrigation Development Corporation.",23,1998,1998-08-17,,Maharashtra,Govt of Maharashtra,Water Resources Department,70,1,section
maharashtra-goods-services-tax-act-2017,"The Maharashtra Goods and Services Tax Act, 2017","An Act to make provisions for levy and collection of tax on intra-State supply of goods or, services or, both in the State of Maharashtra and the matters connected therewith or incidental thereto.",43,2017,2017-06-15,,Maharashtra,Govt of Maharashtra,Finance Department,187,1,section
maharashtra-goods-services-tax-compensation-local-authorities-act,"The Maharashtra Goods and Services Tax (Compensation to the Local Authorities) Act, 2017","An Act to provide for compensation to the Municipal Corporation of Brihan Mumbai and other local authorities for loss of revenue arising on account of abolition of octroi and local body tax, due to implementation of the goods and services tax and for matters connected therewith or incidental thereto.",41,2017,2017-05-29,,Maharashtra,Govt of Maharashtra,Finance Department,11,1,section
maharashtra-goseva-ayog-act-2023,"The Maharashtra Goseva Ayog Act, 2023.",,23,2023,2023-04-28,,Maharashtra,Govt of Maharashtra,"Agriculture, Animal Husbandry, Dairy Development and Fisheries Department",27,1,section
maharashtra-government-premises-eviction-act-1956,"The Maharashtra Government Premises (Eviction) Act, 1956",,2,1956,1956-01-19,,Maharashtra,Govt of Maharashtra,Housing Department,15,1,section
maharashtra-government-servants-inquiries-evidence-corruption-act-1965,"The Maharashtra Government Servants Inquiries (Evidence of Corruption) Act, 1965",An Act to make better provision for dealing with corruption among public servants,44,1965,1965-10-26,,Maharashtra,Govt of Maharashtra,General Administration Department,3,1,section
maharashtra-government-servants-regulation-transfers-prevention-delay-discharge,"The Maharashtra Government Servants Regulation of Transfers and Prevention of Delay in Discharge of Official Duties Act, 2005.",An Act to provide for regulation of transfers of Government Servants and prevention of delay in descharge of official duties.,21,2006,2006-05-12,,Maharashtra,Govt of Maharashtra,General Administration Department,16,1,section
maharashtra-gramdan-act-1964,"The Maharashtra Gramdan Act, 1964",,23,1965,1965-03-22,,Maharashtra,Govt of Maharashtra,Revenue & Forest Department,47,1,section
maharashtra-groundwater-development-management-act-2009,"The Maharashtra Groundwater (Development and Management) Act, 2009.",,26,2013,2013-12-03,,Maharashtra,Govt of Maharashtra,Water Supply and Sanitation Department,59,1,section
maharashtra-gunthewari-developments-regularisation-upgradation-control-act-2001,"The Maharashtra Gunthewari Developments (Regularisation, Upgradation and Control) Act, 2001",An Act to provide for the regularisation and upgradation of certain Gunthewari developments and for the control of Gunthewari developments and for matters connected therewith and incidental thereto.,27,2001,2001-05-30,,Maharashtra,Govt of Maharashtra,Urban Development Department,25,1,section
maharashtra-high-court-hearing-writ-petitions-by-division,"The Maharashtra High Court (Hearing of Writ Petitions by Division Bench and Abolition of Letters Patent Appeals) Act, 1986",,17,1986,1986-02-28,,Maharashtra,Govt of Maharashtra,Law and Judiciary Department,3,1,section
maharashtra-highways-act,The Maharashtra Highways Act.,"An Act to provide for the restriction of ribbon development along highways, for the prevention and removal of encroachment thereon, for the construction, maintenance and development of highways, for the levy of betterment charges and for certain other matters.",55,1955,1955-12-22,,Maharashtra,Govt of Maharashtra,Public Works Department,99,1,section
maharashtra-hindu-places-public-worship-entry-authorization-act,The Maharashtra Hindu Places of Public Worship (Entry Authorization) Act.,,31,1956,1956-05-28,,Maharashtra,Govt of Maharashtra,Social Justice and Special Assistance Department,8,1,section
maharashtra-home-guards-act,The Maharashtra Home Guards Act.,,3,1947,1947-03-22,,Maharashtra,Govt of Maharashtra,Home Department,14,1,section
maharashtra-homoeopathic-practitioners-act,The Maharashtra Homoeopathic Practitioners' Act.,,12,1960,1960-03-18,,Maharashtra,Govt of Maharashtra,Medical Education and Drugs Department,51,1,section
maharashtra-housing-area-development-act-1976,"The Maharashtra Housing and Area Development Act, 1976.","An Act to unify, consolidate and amend the laws relating to housing, repairing and reconstructing dangerous buildings and carrying out improvement works in slum areas.",28,1977,1977-05-09,,Maharashtra,Govt of Maharashtra,Housing Department,211,1,section
maharashtra-housing-regulation-development-act-2012,"The Maharashtra Housing (Regulation and Development) Act, 2012.","An Act to regulate and promote the construction, sale, management and transfer of flats on the ownership basis in the State of Maharashtra and to establish the Housing Regulatory Authority and Housing Appellate Tribunal and to provide for matters connected therewith or incidental thereto.",2,2014,2014-02-24,,Maharashtra,Govt of Maharashtra,Housing Department,56,1,section
maharashtra-increase-land-revenue-special-assessment-act-1974,"The Maharashtra increase of Land Revenue and Special Assessment Act, 1974","An Act to provide for an increase of land revenue 2on certain holdings in the State; and also an increase of land revenue to be levied on the amount of special assessment levied on agricultural lands under the Maharashtra Education (Cess) Act, 1962.",20,1974,1974-04-29,,Maharashtra,Govt of Maharashtra,Revenue & Forest Department,15,1,section
maharashtra-industrial-development-act-1961,"The Maharashtra Industrial Development Act, 1961.","The Maharashtra Industrial Development Act, 1961.",3,1962,1962-03-01,,Maharashtra,Govt of Maharashtra,"Industries, Energy and Labour Department",72,1,section
maharashtra-industrial-relations-validation-certain-proceedings-act-1972,"The Maharashtra Industrial Relations (Validation of Certain Proceedings) Act, 1972.",,10,1973,1973-02-20,,Maharashtra,Govt of Maharashtra,"Industries, Energy and Labour Department",2,1,section
maharashtra-industry-trade-investment-facilitation-act-2023,"The Maharashtra Industry, Trade and Investment Facilitation Act, 2023.",,34,2023,2023-08-14,,Maharashtra,Govt of Maharashtra,"Industries, Energy and Labour Department",29,1,section
maharashtra-inferior-village-watans-abolition-act,The Maharashtra Inferior Village Watans Abolition Act.,The Maharashtra Inferior Village Watans Abolition Act.,1,1959,1959-01-20,,Maharashtra,Govt of Maharashtra,Revenue & Forest Department,20,1,section
maharashtra-infrastructure-development-enabling-authority-act-2018,"The Maharashtra Infrastructure Development Enabling Authority Act, 2018","An Act to provide for the establishment of the Maharashtra Infrastructure Development Enabling Authority, to regulate the process of submission and evaluation of unsolicited proposals, to promote and facilitate infrastructure projects in the State of Maharashtra including through Public Private Partnership and matters connected therewith or incidental thereto.",28,2018,2018-04-09,,Maharashtra,Govt of Maharashtra,Public Works Department,28,1,section
maharashtra-international-sports-university-act-2020,"The Maharashtra International Sports University Act, 2020.","An Act to establish and incorporate an International Sports University, Maharashtra in the State of Maharashtra, a specialized University first of its kind, to create competent personnel in sports, to promote physical education and sports education in the areas of sports sciences, sports medicine, sports technology, sports governing, sports management, sports media and communication, sports coaching and training, besides functioning as the State training center for select sports disciplines by adopting best international practices and for matters connected therewith or incidental thereto.",35,2020,2020-12-28,,Maharashtra,Govt of Maharashtra,School Education and Sports Department,73,1,section
maharashtra-jeevan-authority-act-1976,"The Maharashtra Jeevan Authority Act, 1976.",An Act to provide for establishment of a (Jeevan Authority) for rapid development and proper regulation of water supply and sewerage services in the State of Maharashtra.,48,1976,1976-11-11,,Maharashtra,Govt of Maharashtra,Water Supply and Sanitation Department,72,1,section
maharashtra-kauli-katuban-tenures-abolition-act,The Maharashtra Kauli and Katuban Tenures (Abolition) Act.,,44,1953,1953-06-22,,Maharashtra,Govt of Maharashtra,Revenue & Forest Department,15,1,section
maharashtra-keeping-movement-cattle-urban-areas-control-act,"The Maharashtra Keeping and Movement of Cattle in Urban Areas (Control) Act, 1976","An Act to provide, in the public interest, for licensing and regulating or prohibiting, keeping and movement of cattle in urban areas in the State of Maharashtra.",45,1976,1976-09-20,,Maharashtra,Govt of Maharashtra,Urban Development Department,21,1,section
maharashtra-khadi-village-industries-act,The Maharashtra Khadi and Village Industries Act.,,19,1960,1960-04-11,,Maharashtra,Govt of Maharashtra,"Industries, Energy and Labour Department",46,1,section
maharashtra-khar-land-development-act-1979,"Maharashtra Khar Land Development Act, 1979","An Act to make better provision for protection, development and control of Khar lands, and reclamation of tidal lands, by construction and maintenance of embankments and other works by the State Government itself, for facilitating growing more food crops thereon and for certain other matters.",11,1979,1979-04-10,,Maharashtra,Govt of Maharashtra,Water Resources Department,34,1,section
maharashtra-khoti-abolition-act,The Maharashtra Khoti Abolition Act.,,6,1950,1950-04-03,,Maharashtra,Govt of Maharashtra,Revenue & Forest Department,18,1,section
maharashtra-krishna-valley-development-corporation-act-1996,"The Maharashtra Krishna Valley Development Corporation Act, 1996","An Act to make special provisions for promotion and operation of irrigation projects, command area development and schemes for generation of hydro-electric energy to harness the water of Krishna River allocated to the State of Maharashtra under the Krishna Water Disputes Tribunal Award and other allied and incidental activities including flood control in the Krishna River Valley by establishing the Maharashtra Krishna Valley Development Corporation.",15,1996,1996-04-04,,Maharashtra,Govt of Maharashtra,Water Resources Department,71,1,section
maharashtra-labour-welfare-fund-act,The Maharashtra Labour Welfare Fund Act.,,40,1953,1953-06-17,,Maharashtra,Govt of Maharashtra,"Industries, Energy and Labour Department",31,1,section
maharashtra-land-acquisition-officers-proceedings-validation-act,The Maharashtra Land Acquisition Officers Proceedings Validation Act.,,35,1949,1949-10-14,,Maharashtra,Govt of Maharashtra,Revenue & Forest Department,6,1,section
maharashtra-land-improvement-schemes-act,The Maharashtra Land Improvement Schemes Act.,,28,1942,1943-01-25,,Maharashtra,Govt of Maharashtra,Revenue & Forest Department,40,1,section
maharashtra-land-requisition-act,The Maharashtra Land Requisition Act.,,33,1948,1948-04-11,,Maharashtra,Govt of Maharashtra,General Administration Department,37,1,section
maharashtra-land-revenue-code-1966,"The Maharashtra Land Revenue Code, 1966",An Act to unify and amend the law relating to land and land revenue in the State of Maharashtra.,41,1966,1966-12-30,,Maharashtra,Govt of Maharashtra,Revenue & Forest Department,360,1,section
maharashtra-land-revenue-code-amalgamation-bombay-konkan-divisions,"The Maharashtra Land Revenue Code (Amalgamation of Bombay and Konkan Divisions) Act, 1983.","An Act to amalgamate Bombay Division and Konkan Division into a single division under the Maharashtra Land Revenue Code, 1966.",39,1983,1983-08-09,,Maharashtra,Govt of Maharashtra,Revenue & Forest Department,3,1,section
maharashtra-land-revenue-revival-certain-rules-relating-non-agricultural,"The Maharashtra Land Revenue (Revival of Certain Rules relating to Non-Agricultural Assessment) Act, 1972.",,25,1972,1972-08-31,,Maharashtra,Govt of Maharashtra,Revenue & Forest Department,2,1,section
maharashtra-land-tenures-abolition-recovery-records-act,The Maharashtra Land Tenures Abolition (Recovery of Records) Act,,50,1953,1953-10-07,,Maharashtra,Govt of Maharashtra,Revenue & Forest Department,6,1,section
maharashtra-legislative-council-chairman-deputy-chairman-maharashtra-legislative,The Maharashtra Legislative Council (Chairman and Deputy Chairman) and Maharashtra Legislative Assebly (Speaker and Deputy Speaker) Salaries and Allowance Act,BOMBAY ACT NO. XLVII OF 1956,47,1956,1956-11-30,,Maharashtra,Govt of Maharashtra,Parliamentary Affairs Department,20,1,section
maharashtra-legislature-members-removal-disqualifications-act,The Maharashtra Legislature Members (Removal of Disqualifications) Act.,"An Act to provide for the removal of certain disqualifications or being chosen as, and for being, a member of 2the Maharashtra Legislative Assembly and the Maharashtra Legislative Council.",52,1956,1956-12-17,,Maharashtra,Govt of Maharashtra,Parliamentary Affairs Department,4,1,section
maharashtra-legislature-members-salaries-allowances-act,The Maharashtra Legislature Members’ Salaries and Allowances Act.,BOMBAY ACT NO. XLIX OF 1956,49,1956,1956-11-30,,Maharashtra,Govt of Maharashtra,Parliamentary Affairs Department,19,1,section
maharashtra-lifts-act,The Maharashtra Lifts Act.,,10,1939,1939-05-17,,Maharashtra,Govt of Maharashtra,"Industries, Energy and Labour Department",20,1,section
maharashtra-live-stock-improvement-act,The Maharashtra Live-stock Improvement Act.,,22,1933,1933-12-01,,Maharashtra,Govt of Maharashtra,"Agriculture, Animal Husbandry, Dairy Development and Fisheries Department",29,1,section
maharashtra-local-authorities-official-language-act-2022,"The Maharashtra Local Authorities Official Language Act, 2022",,31,2022,2022-04-07,,Maharashtra,Govt of Maharashtra,Marathi Languages Department,12,1,section
maharashtra-local-authority-members-disqualification-act-1986,"The Maharashtra Local Authority Members Disqualification Act, 1986.",,20,1987,1987-07-29,,Maharashtra,Govt of Maharashtra,Rural Development and Water conservation Department,12,1,section
maharashtra-local-fund-audit-act,The Maharashtra Local Fund Audit Act.,,25,1930,1930-09-17,,Maharashtra,Govt of Maharashtra,Finance Department,18,1,section
maharashtra-lokayukta-act-2023,"The Maharashtra Lokayukta Act, 2023.",,46,2025,2025-12-08,,Maharashtra,Govt of Maharashtra,General Administration Department,66,1,section
maharashtra-lokayukta-upa-lokayuktas-act-1971,"The Maharashtra Lokayukta and Upa-Lokayuktas Act, 1971.","An Act to make provision for the appointment and functions of certain authorities for the investigation of administrative action taken by or on behalf of the Government of Maharashtra or certain public authorities in the State of Maharashtra, in certain cases and for matters connected therewith.",46,1971,1971-12-10,,Maharashtra,Govt of Maharashtra,General Administration Department,22,1,section
maharashtra-lotteries-control-tax-prize-competitions-tax-act,The Maharashtra Lotteries (Control and Tax) and Prize Competitions (Tax) Act.,The Maharashtra Lotteries (Control and Tax) and Prize Competitions (Tax) Act.,82,1958,1958-10-08,,Maharashtra,Govt of Maharashtra,Home Department,34,1,section
maharashtra-management-irrigation-systems-by-farmers-act-2005,"The Maharashtra Management of Irrigation Systems by Farmers Act, 2005",An Act to provide for Management of Irrigation Systems by Farmers and for matters connected therewith or incidental thereto.,23,2005,2005-05-19,,Maharashtra,Govt of Maharashtra,Water Resources Department,81,1,section
maharashtra-marathi-bhasha-vidyapeeth-act-2023,"Maharashtra Marathi Bhasha Vidyapeeth Act, 2023",,11,2024,2024-01-19,,Maharashtra,Govt of Maharashtra,Higher and Technical Education Department,89,1,section
maharashtra-marine-fishing-regulation-act-1981,"The Maharashtra Marine Fishing Regulation Act, 1981.",An Act to provide for the regulation of fishing by fishing vessels in the sea along the coast line of the State of Maharashtra.,54,1981,1981-09-23,,Maharashtra,Govt of Maharashtra,"Agriculture, Animal Husbandry, Dairy Development and Fisheries Department",28,1,section
maharashtra-maritime-board-act-1996,"The Maharashtra Maritime Board Act, 1996.","An Act to make provision for constitution of a Maritime Board for minor -ports in the State of Maharashtra and to vest administration, control and management of such ports in that Board and to provide for matters connected therewith and incidental thereto.",15,1997,1997-01-17,,Maharashtra,Govt of Maharashtra,Home Department,118,1,section
maharashtra-mathadi-hamal-other-manual-workers-regulation-employment,"The Maharashtra Mathadi, Hamal and other Manual Workers (Regulation of Employment and Welfare) Act, 1969","An Act for regulating the employment of unprotected manual workers employed in certain employments in the State of Maharashtra, to make provision for their adequate supply and proper and full utilization in such employments, and for maters connected therewith.",30,1969,1969-06-13,,Maharashtra,Govt of Maharashtra,"Industries, Energy and Labour Department",38,1,section
maharashtra-media-persons-media-institutions-prevention-violence-damage,"The Maharashtra Media Persons and Media Institutions (Prevention of Violence and Damage or Loss to Property) Act, 2017",,29,2019,2019-11-08,,Maharashtra,Govt of Maharashtra,General Administration Department,9,1,section
maharashtra-medical-council-act-1965,"The Maharashtra Medical Council Act, 1965","An Act to unify, consolidate and make better provision in the law regulating the registration of persons practising modern scientific medicine in the State of Maharashtra.",46,1965,1965-11-25,,Maharashtra,Govt of Maharashtra,Medical Education and Drugs Department,36,1,section
maharashtra-medical-dental-colleges-admissions-regulation-abolition-all,"The Maharashtra Medical and Dental Colleges Admissions (Regulation and Abolition of All India quota) Act, 2003",An Act to provide for regulation of admissions to Government and Municipal Medical and Dental Colleges in the State of Maharashtra for undergraduate and post-graduate medical and dental education and for matter connected therewith and incidental thereto.,15,2003,2003-04-12,,Maharashtra,Govt of Maharashtra,Medical Education and Drugs Department,5,1,section
maharashtra-medical-goods-procurement-authority-act-2023,"The Maharashtra Medical Goods Procurement Authority Act, 2023.",,13,2023,2023-03-17,,Maharashtra,Govt of Maharashtra,Public Health Department,38,1,section
maharashtra-medical-practitioners-act-1961,"The Maharashtra Medical Practitioners Act, 1961.",,28,1961,1961-06-10,,Maharashtra,Govt of Maharashtra,Medical Education and Drugs Department,53,1,section
maharashtra-medicare-service-persons-medicare-service-institutions-prevention,"The Maharashtra Medicare Service Persons and Medicare Service Institutions (Prevention of Violence and Damage or Loss to Property) Act, 2010.",,11,2010,2010-04-28,,Maharashtra,Govt of Maharashtra,Medical Education and Drugs Department,9,1,section
maharashtra-merged-states-laws-act,The Maharashtra Merged States (Laws) Act,,4,1950,1950-03-30,,Maharashtra,Govt of Maharashtra,Revenue & Forest Department,7,1,section
maharashtra-merged-territories-areas-jagirs-abolition-act,The Maharashtra Merged Territories and Areas (Jagirs Abolition) Act.,,39,1954,1954-06-18,,Maharashtra,Govt of Maharashtra,Revenue & Forest Department,27,1,section
maharashtra-merged-territories-janjira-bhor-khoti-tenure-abolition,The Maharashtra Merged Territories (Janjira and Bhor) Khoti Tenure Abolition Act.,,71,1953,1953-12-28,,Maharashtra,Govt of Maharashtra,Revenue & Forest Department,24,1,section
maharashtra-merged-territories-miscellaneous-alienations-abolition-act,The Maharashtra Merged Territories Miscellaneous Alienations Abolition Act.,,22,1955,1955-06-03,,Maharashtra,Govt of Maharashtra,Revenue & Forest Department,30,1,section
maharashtra-metropolitan-planning-committees-constitution-functions-continuance-provisions,"The Maharashtra Metropolitan Planning Committees (Constitution and Functions) (Continuance of Provisions) Act, 1999",An Act to provide for constituting in every Metropolitan area a Metropolitan Planning Committee to prepare a draft development plan for the Metropolitan area as a whole; and to provide for matters connected therewith or incidental thereto.,5,2000,2000-01-07,,Maharashtra,Govt of Maharashtra,Urban Development Department,15,1,section
maharashtra-metropolitan-region-development-authority-act-2016,"The Maharashtra Metropolitan Region Development Authority Act, 2016","An Act to provide for the establishment of the Authorities for certain areas declared as Metropolitan Areas under clause (c) of section 2 of the Maharashtra Metropolitan Planning Committees (Constitution and Functions) (Continuance of Provisions) Act, 1999, for the purposes of coordinating and supervising the proper, orderly and rapid development of the areas in such Region and executing plans, projects and schemes for such development, and to provide for matters connected therewith or incidental thereto.",3,2017,2017-01-10,,Maharashtra,Govt of Maharashtra,Urban Development Department,51,1,section
maharashtra-mineral-development-creation-utilisation-fund-repeal-act,"The Maharashtra Mineral Development (Creation and Utilisation) Fund (Repeal) Act, 2016.","An Act to repeal the Maharashtra Mineral Development (Creation and Utilisation) Fund Act, 2001.",20,2017,2017-01-18,,Maharashtra,Govt of Maharashtra,"Industries, Energy and Labour Department",3,1,section
maharashtra-miscellaneous-alienations-hyderabad-enclaves-abolition-act-1965,"The Maharashtra Miscellaneous Alienations (in Hyderabad Enclaves) Abolition Act, 1965.",,56,1965,1965-12-24,,Maharashtra,Govt of Maharashtra,Revenue & Forest Department,31,1,section
maharashtra-molasses-control-act,The Maharashtra Molasses (Control) Act.,,38,1956,1956-06-28,,Maharashtra,Govt of Maharashtra,Home Department,20,1,section
maharashtra-money-lending-regulation-act-2014-maharashtra,"The Maharashtra Money-Lending (Regulation) Act, 2014.",An Act to regulate the transactions of money-lending in the State of Maharashtra.,8,2014,2014-04-04,,Maharashtra,Govt of Maharashtra,"Co-operation, Marketing and Textiles Department",57,1,section
maharashtra-motor-vehicles-tax-act-1958,"The Maharashtra Motor Vehicles Tax Act, 1958.",,65,1958,1958-08-29,,Maharashtra,Govt of Maharashtra,Home Department,34,1,section
maharashtra-motor-vehicles-taxation-passengers-act,The Maharashtra Motor Vehicles (Taxation of Passengers) Act,,67,1958,1958-09-03,,Maharashtra,Govt of Maharashtra,Home Department,26,1,section
maharashtra-municipal-corporation-city-pune-taxation-enactment-amendment,"The Maharashtra Municipal Corporation of the City of Pune Taxation (Enactment and Amendment of Taxation Rules with retrospective effect and Validation) Act, 2023.",,44,2023,2023-08-25,,Maharashtra,Govt of Maharashtra,Urban Development Department,5,1,section
maharashtra-municipal-corporations-act,The Maharashtra Municipal Corporations Act,An Act to provide for the establishment of Municipal Corporations for all larger urban areas except that of Brihan Mumbai in the State of Maharashtra.,59,1949,1949-12-29,,Maharashtra,Govt of Maharashtra,Urban Development Department,482,1,section
maharashtra-municipal-councils-nagar-panchayats-industrial-townships-act,"The Maharashtra Municipal Councils, Nagar Panchayats and Industrial Townships Act, 1965.","An Act to unify, consolidate and amend the law relating to Municipal Councils and to provide for constitution of Nagar Panchayats and Industrial Townships in the State of Maharashtra.",40,1965,1965-09-10,,Maharashtra,Govt of Maharashtra,Urban Development Department,202,1,section
maharashtra-municipal-property-tax-board-act-2011,"The Maharashtra Municipal Property Tax Board Act, 2011.","The Maharashtra Municipal Property Tax Board Act, 2011.",14,2011,2011-04-21,,Maharashtra,Govt of Maharashtra,Urban Development Department,31,1,section
maharashtra-national-law-university-act-2014,"The Maharashtra National Law University Act, 2014.","An Act to establish and incorporate National Law Universities in the State for the development and advancement of legal education and for the purposes of imparting specialized and systematic instruction, training and research in systems of law and for the matters connected therewith or incidental thereto.",6,2014,2014-03-20,,Maharashtra,Govt of Maharashtra,Higher and Technical Education Department,56,1,section
maharashtra-non-biodegradable-garbage-control-act-2006,"The Maharashtra Non-biodegradable Garbage (Control) Act, 2006.",,10,2006,2006-04-21,,Maharashtra,Govt of Maharashtra,Environment Department,19,1,section
maharashtra-non-trading-corporations-act,The Maharashtra Non-trading Corporations Act,"An Act to provide for the incorporation, regulation and winding up of non-trading corporations whose objects are confined to the State of Bombay.",26,1959,1959-04-30,,Maharashtra,Govt of Maharashtra,Law and Judiciary Department,96,1,section
maharashtra-nurses-act-1966,"The Maharashtra Nurses Act, 1966",,40,1966,1966-12-22,,Maharashtra,Govt of Maharashtra,Medical Education and Drugs Department,46,1,section
maharashtra-nursing-homes-registration-act,The Maharashtra Nursing Homes Registration Act.,,15,1949,1949-05-06,,Maharashtra,Govt of Maharashtra,Public Health Department,18,1,section
maharashtra-official-languages-act-1964,"The Maharashtra Official Languages Act, 1964",An Act to provide for the adoption of languages which may be used for the official purposes of the State including purposes of the Legislature of the State.,5,1965,1965-01-11,,Maharashtra,Govt of Maharashtra,Marathi Languages Department,16,1,section
maharashtra-ownership-flats-regulation-promotion-construction-sale-management,"The Maharashtra Ownership Flats (Regulation of the promotion of construction, sale, management and transfer) Act, 1963","An Act to regulate in the State of Maharashtra, the promotion of the construction of, the sale and management, and the transfer of flats on ownership basis.",45,1963,1963-12-16,,Maharashtra,Govt of Maharashtra,Housing Department,27,1,section
maharashtra-paramedical-council-act-2011,"The Maharashtra Paramedical Council Act, 2011",,6,2016,2016-01-30,,Maharashtra,Govt of Maharashtra,Medical Education and Drugs Department,42,1,section
maharashtra-payment-compensation-loss-injury-or-damage-caused,"The Maharashtra Payment of Compensation for Loss, Injury or Damage Caused by Wild Animals Act, 2023.",,37,2023,2023-08-14,,Maharashtra,Govt of Maharashtra,Revenue & Forest Department,9,1,section
maharashtra-personal-inams-abolition-act,The Maharashtra Personal Inams Abolition Act.,,42,1953,1953-06-20,,Maharashtra,Govt of Maharashtra,Revenue & Forest Department,22,1,section
maharashtra-police-act,The Maharashtra Police Act.,,22,1951,1951-06-11,,Maharashtra,Govt of Maharashtra,Home Department,214,1,section
maharashtra-police-officers-change-designation-act-1962,"The Maharashtra Police Officers (Change in Designation) Act, 1962.",,46,1962,1962-12-18,,Maharashtra,Govt of Maharashtra,Home Department,3,1,section
maharashtra-pre-school-centres-regulation-admission-repeal-act-2000,"The Maharashtra Pre-School Centres (Regulation of Admission) (Repeal) Act, 2000.",,31,2001,2001-08-16,,Maharashtra,Govt of Maharashtra,School Education and Sports Department,2,1,section
maharashtra-prevention-communal-anti-social-other-dangerous-activities-act,"The Maharashtra Prevention of Communal, Anti-social and other Dangerous Activities Act, 1980.","An Act to provide for prevention of communal, anti-social and other dangerous activities in Maharashtra and for matters connected therewith.",7,1981,1981-01-23,,Maharashtra,Govt of Maharashtra,Home Department,19,1,section
maharashtra-prevention-dangerous-activities-act-1981,"The Maharashtra Prevention of Dangerous Activities Act, 1981.",,55,1981,1981-09-23,,Maharashtra,Govt of Maharashtra,Home Department,20,1,section
maharashtra-prevention-defacement-property-act-1995,"The Maharashtra Prevention of Defacement of Property Act, 1995",An Act to provide for the prevention of defacement of property and for matters connected therewith or incidental thereto.,8,1995,1995-05-02,,Maharashtra,Govt of Maharashtra,Home Department,9,1,section
maharashtra-prevention-eradication-human-sacrifice-other-inhuman-evil,"The Maharashtra Prevention and Eradication of Human Sacrifice and other Inhuman, Evil and Aghori Practices and Black Magic Act, 2013","An Act to bring social awakening and awareness in the society and to create a healthy and safe social environment with a view to protect the common people in the society against the evil and sinister practices thriving on ignorance, and to combat and eradicate human sacrifice and other inhuman, evil, sinister and aghori practices propagated in the name of so called supernatural or magical powers or evil spirits commonly known as black magic by conmen with sinister motive of exploiting the common people in the society and thereby destroying the very social fibre of the society; and for matters connected therewith or incidental thereto.",30,2013,2013-12-20,,Maharashtra,Govt of Maharashtra,Social Justice and Special Assistance Department,13,1,section
maharashtra-prevention-fragmentation-consolidation-holdings-act,The Maharashtra Prevention of Fragmentation and Consolidation of Holdings Act.,,62,1947,1948-01-29,,Maharashtra,Govt of Maharashtra,Revenue & Forest Department,55,1,section
maharashtra-prevention-gambling-act,The Maharashtra Prevention of Gambling Act.,The Maharashtra Prevention of Gambling Act.,4,1887,1888-01-05,,Maharashtra,Govt of Maharashtra,Home Department,17,1,section
maharashtra-prevention-malpractices-at-university-board-other-specified,"The Maharashtra Prevention of Malpractices at University, Board and other specified Examinations Act, 1982","An Act to provide for preventing malpractices at University, Board and other specified examinations.",31,1982,1982-10-14,,Maharashtra,Govt of Maharashtra,Higher and Technical Education Department,11,1,section
maharashtra-prevention-water-pollution-repeal-act-1981,"The Maharashtra Prevention of Water Pollution (Repeal) Act, 1981.",,31,1981,1981-05-25,,Maharashtra,Govt of Maharashtra,Urban Development Department,4,1,section
maharashtra-private-forests-acquisition-act-1975,"The Maharashtra Private Forests (Acquisition) Act, 1975",An Act to acquire private forests in the State and to provide for certain other matters.,29,1975,1975-08-29,,Maharashtra,Govt of Maharashtra,Revenue & Forest Department,27,1,section
maharashtra-private-professional-educational-institutions-reservation-seats-admission,"The Maharashtra Private Professional Educational Institutions (Reservation of seats for admission for Scheduled Castes, Scheduled Tribes, De-notified Tribes (Vimukta Jatis), Nomadic Tribes and Other Backward Classes) Act, 2006.","An Act to make special provisions for reservation of seats for admission for Scheduled Castes, Scheduled Tribes, De-notified Tribes (Vimukta Jatis), Nomadic Tribes and Other Backward Classes in Private Professional Educational Institutions; and for matters connected therewith or incidental thereto.",30,2006,2006-08-01,,Maharashtra,Govt of Maharashtra,Higher and Technical Education Department,13,1,section
maharashtra-private-security-guards-regulation-employment-welfare-act,"The Maharashtra Private Security Guards (Regulation of Employment and Welfare) Act, 1981","An Act for regulating the employment of Private Security Guards employed in factories and establishments in the State of Maharashtra and for making better provisions for their terms and conditions of employment and welfare through the establishment of a Board therefor, and for matters connected therewith.",58,1981,1981-09-25,,Maharashtra,Govt of Maharashtra,"Industries, Energy and Labour Department",32,1,section
maharashtra-private-universities-establishment-regulation-act-2023,"Maharashtra Private Universities (Establishment and Regulation) Act, 2023",,8,2023,2024-01-19,,Maharashtra,Govt of Maharashtra,Higher and Technical Education Department,59,1,section
maharashtra-prohibition-act,The Maharashtra Prohibition Act,An Act to amend and consolidate the law relating to the promotion and enforcement of and carrying into effect the policy of Prohibition and also the Abkari law in the State of Bombay,25,1949,1949-05-20,,Maharashtra,Govt of Maharashtra,Home Department,183,1,section
maharashtra-prohibition-obscene-dance-hotels-restaurants-bar-rooms,"The Maharashtra Prohibition of Obscene Dance in Hotels, Restaurants and Bar Rooms and Protection of Dignity of Women (working therein) Act, 2016","An Act to provide for prohibition of obscene dance in hotels, restaurants, bar rooms and other establishments and to improve the conditions of work, protect the dignity and safety of women in such places with a view to prevent their exploitation.",12,2016,2016-04-16,,Maharashtra,Govt of Maharashtra,Home Department,16,1,section
maharashtra-project-affected-persons-rehabilitation-act-1999,"The Maharashtra Project Affected Persons Rehabilitation Act, 1999",An Act to consolidate and amend the law relating to the rehabilitation of persons affected by certain projects in the State of Maharashtra and for matters connected therewith or incidental thereto.,11,2001,2001-03-14,,Maharashtra,Govt of Maharashtra,Revenue & Forest Department,29,1,section
maharashtra-protection-interest-depositors-financial-establishments-act-1999,"The Maharashtra Protection of Interest of Depositors (in Financial Establishments) Act, 1999",An Act to protect the interest of depositors in the Financial Establishments and matters relating thereto.,16,2000,2000-01-21,,Maharashtra,Govt of Maharashtra,Home Department,2,1,section
maharashtra-protection-people-from-social-boycott-prevention-prohibition,"The Maharashtra Protection of People from Social Boycott (Prevention, Prohibition and Redressal) Act, 2016","An Act to provide for the prohibition of social boycott of a person or group of persons including their family members, and for matters connected therewith or incidental thereto.",44,2017,2017-07-03,,Maharashtra,Govt of Maharashtra,Home Department,22,1,section
maharashtra-provision-facilities-agricultural-credit-by-banks-act,"The Maharashtra Provision of Facilities for Agricultural Credit by Banks Act, 1974.",,5,1975,1975-03-10,,Maharashtra,Govt of Maharashtra,"Co-operation, Marketing and Textiles Department",25,1,section
maharashtra-provisional-collection-taxes-act-1962,"The Maharashtra Provisional Collection of Taxes Act, 1962","An Act to provide for immediate effect being given, for a limited period, to provisions in Bills relating to the imposition or increase of taxes.",5,1963,1963-01-16,,Maharashtra,Govt of Maharashtra,Finance Department,6,1,section
maharashtra-public-conveyances-act,The Maharashtra Public Conveyances Act.,,7,1920,1920-06-17,,Maharashtra,Govt of Maharashtra,Home Department,41,1,section
maharashtra-public-libraries-act-1967,"The Maharashtra Public Libraries Act, 1967.","An Act to provide for the establishment, maintenance, organisation and development of public libraries in the State of Maharashtra.",34,1967,1967-12-20,,Maharashtra,Govt of Maharashtra,Higher and Technical Education Department,26,1,section
maharashtra-public-records-act-2005,"The Maharashtra Public Records Act, 2005.",,4,2006,2006-01-17,,Maharashtra,Govt of Maharashtra,Tourism And Cultural Department,18,1,section
maharashtra-public-services-subordinate-selection-boards-repeal-act,"The Maharashtra Public Services (Subordinate) Selection Boards (Repeal) Act, 1983.",,34,1983,1983-08-08,,Maharashtra,Govt of Maharashtra,General Administration Department,6,1,section
maharashtra-public-trusts-act,Maharashtra Public Trusts Act.,,29,1950,1950-08-14,,Maharashtra,Govt of Maharashtra,Law and Judiciary Department,144,1,section
maharashtra-public-universities-act-2016,"The Maharashtra Public Universities Act, 2016.","An Act to provide for academic autonomy and excellence, adequate representation through democratic process, transformation, strengthening and regulating higher education and for matters connected therewith or incidental thereto.",6,2017,2017-01-11,,Maharashtra,Govt of Maharashtra,Higher and Technical Education Department,149,1,section
maharashtra-recognition-trade-unions-prevention-unfair-labour-practices,"The Maharashtra Recognition of Trade Unions and Prevention of Unfair Labour Practices Act, 1971",An Act to provide for the recognition of trade unions for facilitating collective bargaining for certain undertakings ; to state their rights and obligations; to confer certain powers on unrecognized unions; to provide for declaring certain strikes and lock-outs as illegal strikes and lock-outs; to define and provide for the prevention of certain unfair labour practices; to constitute courts (as independent machinery) for carrying out the purposes of according recognition to trade unions and for enforcing the provisions relating to unfair practices; and to provide for matters connected with the purposes aforesaid.,1,1972,1972-02-01,,Maharashtra,Govt of Maharashtra,"Industries, Energy and Labour Department",61,1,section
maharashtra-regional-town-planning-act-1966,"The Maharashtra Regional and Town Planning Act, 1966.",An Act to make provision for planning the development and use of land in Regions established for that purpose and for the constitution of Regional Planning Boards therefor; to make better provisions for the preparation of Development plans with a view to ensuring that town planning schemes are made in a proper manner and their execution is made effective; to provide for the creation of new towns by means of Development Authorities; to make provisions for the compulsory acquisition of land required for public purposes in respect of the plans; and for purposes connected with the matters aforesaid.,37,1966,1967-01-11,,Maharashtra,Govt of Maharashtra,Urban Development Department,196,1,section
maharashtra-regulation-marriage-bureaus-registration-marriages-act-1998,"The Maharashtra Regulation of Marriage Bureaus and Registration of Marriages Act, 1998",An Act to provide for a comprehensive and stringent law for regulation of marriage bureaus for prevention of malpractices and misuse of marriage registration facility and for compulsory registration of marriages in the State of Maharashtra; and for matters connected therewith or incidental thereto.,20,1999,1999-04-15,,Maharashtra,Govt of Maharashtra,Public Health Department,23,1,section
maharashtra-regulation-sugarcane-price-supplied-factories-act-2013,"The Maharashtra Regulation of Sugarcane Price (Supplied to Factories) Act, 2013",An Act to regulate the Price of Sugarcane supplied to sugar factories in the State of Maharashtra.,33,2013,2013-12-24,,Maharashtra,Govt of Maharashtra,"Co-operation, Marketing and Textiles Department",12,1,section
maharashtra-relief-undertakings-special-provisions-act,The Maharashtra Relief Undertakings (Special Provisions) Act.,,96,1958,1958-02-12,,Maharashtra,Govt of Maharashtra,"Industries, Energy and Labour Department",4,1,section
maharashtra-religious-endowments-reconstruction-on-resettlement-sites-act,"The Maharashtra Religious Endowments (Reconstruction on Resettlement Sites) Act, 1970.",,30,1970,1970-07-15,,Maharashtra,Govt of Maharashtra,General Administration Department,14,1,section
maharashtra-rent-control-act-1999,"The Maharashtra Rent Control Act, 1999","An Act to unify, consolidate and amend the law relating to the control of rent and repairs of certain premises and of eviction and for encouraging the construction of new houses by assuring a fair return on the investment by landlords and to provide for the matters connected with the purposes aforesaid.",18,2000,2000-03-10,,Maharashtra,Govt of Maharashtra,Housing Department,60,1,section
maharashtra-repealing-act-2016,"The Maharashtra Repealing Act, 2016.",,31,2016,2016-08-24,,Maharashtra,Govt of Maharashtra,Law and Judiciary Department,3,1,section
maharashtra-repealing-amending-act-1991,"The Maharashtra Repealing and Amending Act, 1991.",,22,1991,1991-09-09,,Maharashtra,Govt of Maharashtra,Law and Judiciary Department,4,1,section
maharashtra-repealing-second-act-2016,"The Maharashtra Repealing (Second) Act, 2016.",,15,2017,2017-01-16,,Maharashtra,Govt of Maharashtra,Law and Judiciary Department,3,1,section
maharashtra-requisitioning-control-motor-vehicles-act-1965,"The Maharashtra (Requisitioning and Control) of Motor Vehicles Act, 1965.",An Act to provide for the requisitioning and control of motor vehicles in certain emergent circumstances.,2,1966,1966-02-05,,Maharashtra,Govt of Maharashtra,Home Department,13,1,section
maharashtra-restoration-lands-scheduled-tribes-act-1974,"The Maharashtra Restoration of Lands to Scheduled Tribes Act, 1974",An Act to provide for the restoration of certain lands to persons belonging to the Scheduled Tribes.,14,1975,1975-05-28,,Maharashtra,Govt of Maharashtra,Revenue & Forest Department,14,1,section
maharashtra-restoration-name-mumbai-bombay-act-1996,"The Maharashtra Restoration of name Mumbai for Bombay Act, 1996.",An Act to provide for restoration of the original name Mumbai for Bombay in certain State enactments.,25,1996,1996-09-04,,Maharashtra,Govt of Maharashtra,General Administration Department,4,1,section
maharashtra-revenue-patels-abolition-office-act-1962,"The Maharashtra Revenue Patels (Abolition of Office) Act, 1962.",,35,1962,1962-09-04,,Maharashtra,Govt of Maharashtra,Revenue & Forest Department,27,1,section
maharashtra-right-information-repeal-act-2005,"The Maharashtra Right to Information (Repeal) Act, 2005.",,1,2006,2006-01-09,,Maharashtra,Govt of Maharashtra,General Administration Department,3,1,section
maharashtra-right-public-services-act-2015-maharashtra,"The Maharashtra Right to Public Services Act, 2015.","An Act to provide for delivery of transparent, efficient and timely public services to the eligible persons in the State of Maharashtra and for matters connected therewith or incidental thereto.",31,2015,2015-08-21,,Maharashtra,Govt of Maharashtra,General Administration Department,30,1,section
maharashtra-sale-trees-by-occupants-belonging-scheduled-tribes,"The Maharashtra Sale of Trees by Occupants belonging to Scheduled Tribes (Regulation) Act, 1969.",An Act to regulate the disposal of trees standing in the holdings of persons belonging to Scheduled Tribes in the State of Maharashtra.,23,1969,1969-04-18,,Maharashtra,Govt of Maharashtra,Revenue & Forest Department,16,1,section
maharashtra-scheduled-castes-scheduled-tribes-de-notified-tribes-vimukta,"The Maharashtra Scheduled Castes, Scheduled Tribes, De-notified Tribes (Vimukta Jatis), Nomadic Tribes, Other Backward Classes and Special Backward Category (Regulation of Issuance and Verification of) Caste Certificate Act, 2000.","An act to provide for the regulation of the issuance and verification of the Caste Certificates to the persons belonging to the Scheduled Castes, Scheduled Tribes, De-notified Tribes (Vimukta Jatis), Nomadic Tribes, Other Backward classes and Special Backward Category and for matters connected therewith or incidental thereto.",23,2001,2001-05-23,,Maharashtra,Govt of Maharashtra,Tribal Development Department,20,1,section
maharashtra-secondary-higher-secondary-education-boards-act-1965,"The Maharashtra Secondary and Higher Secondary Education Boards Act, 1965",An Act to provide for the establishment of a State Board and Divisional Boards to regulate certain matters pertaining to secondary (and higher secondary) education in the State of Maharashtra.,41,1965,1965-09-13,,Maharashtra,Govt of Maharashtra,School Education and Sports Department,44,1,section
maharashtra-self-financed-schools-establishment-regulation-act-2012,"The Maharashtra Self-financed Schools (Establishment and Regulation) Act, 2012","An Act to make provisions to establish a new school including provision for up gradation of existing school on self-financed basis, to make suitable provisions with regard to requirements and norms for establishing such new school or up-gradation of existing school, for creating an endowment fund and to provide for matters connected therewith or incidental thereto.",1,2013,2013-01-04,,Maharashtra,Govt of Maharashtra,School Education and Sports Department,24,1,section
maharashtra-service-inams-useful-community-abolition-act,The Maharashtra Service Inams (Useful to Community) Abolition Act.,,70,1953,1953-12-22,,Maharashtra,Govt of Maharashtra,Revenue & Forest Department,15,1,section
maharashtra-settlement-arrears-disputes-act-2016,"The Maharashtra Settlement of Arrears in Disputes Act, 2016",An Act to provide for settlement of arrears in dispute under various Acts administered by the Sales Tax Department and the matters connected therewith or incidental thereto.,16,2016,2016-04-26,,Maharashtra,Govt of Maharashtra,Finance Department,1,1,section
maharashtra-settlement-arrears-tax-interest-penalty-or-late,"The Maharashtra Settlement of Arrears of Tax, Interest, Penalty or Late Fee Act, 2022.","An Act to provide for settlement of arrears of tax, interest, penalty or late fee which were levied, payable or imposed, spectively, under various Acts administered by the Goods and Services Tax Department and for the matters connected therewith or incidental thereto.",29,2022,2022-03-28,,Maharashtra,Govt of Maharashtra,Finance Department,20,1,section
maharashtra-settlement-arrears-tax-interest-penalty-or-late-maharashtra,"The Maharashtra Settlement of Arrears of Tax, Interest, Penalty or Late Fee Act, 2023.",,18,2023,2023-04-06,,Maharashtra,Govt of Maharashtra,Finance Department,20,1,section
maharashtra-settlement-arrears-tax-interest-penalty-or-late-maharashtra-2019,"The Maharashtra Settlement of Arrears of Tax, Interest, Penalty or Late Fee Act, 2019",,15,2019,2019-07-09,,Maharashtra,Govt of Maharashtra,Finance Department,21,1,section
maharashtra-settlement-arrears-tax-interest-penalty-or-late-maharashtra-2025,"The Maharashtra Settlement of Arrears of Tax, Interest, Penalty or Late Fee (Payable by Public Sector Undertaking Companies) Act, 2025.",,17,2025,2025-03-21,,Maharashtra,Govt of Maharashtra,Finance Department,20,1,section
maharashtra-shetgi-watan-rights-ratnagiri-abolition-act,The Maharashtra Shetgi Watan Rights (Ratnagiri) Abolition Act.,,2,1957,1957-01-09,,Maharashtra,Govt of Maharashtra,Revenue & Forest Department,10,1,section
maharashtra-shilotri-rights-kolaba-abolition-act,The Maharashtra Shilotri Rights (Kolaba) Abolition Act.,,47,1955,1955-12-02,,Maharashtra,Govt of Maharashtra,Revenue & Forest Department,8,1,section
maharashtra-shops-establishments-regulation-employment-conditions-service-act,"The Maharashtra Shops and Establishments (Regulation of Employment and Conditions of Service) Act, 2017","An Act to provide for the regulation of conditions of employment and other conditions of service of workers employed in shops, residential hotels, restaurants, eating houses, theatres, other places of public amusement or entertainment and other establishments and for matters connected therewith or incidental thereto.",61,2017,2017-09-07,,Maharashtra,Govt of Maharashtra,"Industries, Energy and Labour Department",40,1,section
maharashtra-slum-areas-improvement-clearance-redevelopment-act-1971,"The Maharashtra Slum Areas (Improvement, Clearance and Redevelopment) Act, 1971",An Act to make better provision for the improvement and clearance of slum areas in the State and their redevelopment and for the protection of occupiers from eviction and distress warrants.,28,1971,1971-08-11,,Maharashtra,Govt of Maharashtra,Housing Department,93,1,section
maharashtra-special-provision-payment-stamp-duty-no-2,"The Maharashtra Special Provision for Payment of Stamp Duty (No. 2) Act, 1974.","An Act to make temporary provision for the collection of the stamp duty charged or chargeable under the Indian Stamp Act, 1899 and the Hyderabad Stamp Act, 1331 F, otherwise than by stamp.",52,1974,1974-10-16,,Maharashtra,Govt of Maharashtra,Revenue & Forest Department,2,1,section
maharashtra-state-aid-industries-act-1960,"The Maharashtra State-aid to Industries Act, 1960.",,17,1960,1960-10-07,,Maharashtra,Govt of Maharashtra,"Industries, Energy and Labour Department",7,1,section
maharashtra-state-board-art-education-act-2023,"The Maharashtra State Board of Art Education Act, 2023.",,12,2024,2024-01-19,,Maharashtra,Govt of Maharashtra,Higher and Technical Education Department,58,1,section
maharashtra-state-board-nursing-paramedical-education-act-2013,"The Maharashtra State Board of Nursing and Paramedical Education Act, 2013.",An Act to provide for the establishment of a State Board to regulate matters pertaining to the Diploma Level Nursing and Paramedical Education in the State of Maharashtra and for matters connected therewith or incidental thereto.,23,2013,2013-08-21,,Maharashtra,Govt of Maharashtra,Medical Education and Drugs Department,53,1,section
maharashtra-state-board-skill-vocational-education-training-act,"Maharashtra State Board of Skill, Vocational Education and Training Act, 2021","Maharashtra State Board of Skill, Vocational Education and Training Act, 2021",9,2022,2022-01-26,,Maharashtra,Govt of Maharashtra,Skill Development Department,59,1,section
maharashtra-state-board-technical-education-act-1997,"The Maharashtra State Board of Technical Education Act, 1997.",An Act to provide for establishment of a State Board to regulate matters pertaining to Diploma Level Technical Education in the State of Maharashtra.,38,1997,1997-08-06,,Maharashtra,Govt of Maharashtra,Higher and Technical Education Department,60,1,section
maharashtra-state-commission-safai-karmacharis-act-1997,"The Maharashtra State Commission for Safai Karmacharis Act, 1997.",,44,1997,1997-12-08,,Maharashtra,Govt of Maharashtra,Social Justice and Special Assistance Department,17,1,section
maharashtra-state-commission-women-act-1993,"The Maharashtra State Commission For Women Act, 1993.",An act to provide for Constitution of a State Level Commission for women in the State of Maharashtra,15,1993,1993-04-25,,Maharashtra,Govt of Maharashtra,Women and Child Development Department,23,1,section
maharashtra-state-commissioners-police-act,The Maharashtra State Commissioners of Police Act,,56,1959,1959-10-14,,Maharashtra,Govt of Maharashtra,Home Department,9,1,section
maharashtra-state-council-examinations-act-1998,"The Maharashtra State Council of Examinations Act, 1998","An Act to provide for the establishment of a State Council to regulate certain matters pertaining to the scholastic, professional and certain other examinations in the State of Maharashtra and for other matters connected therewith or incidental thereto.",1,1999,1999-01-06,,Maharashtra,Govt of Maharashtra,School Education and Sports Department,44,1,section
maharashtra-state-council-occupational-therapy-physiotherapy-act-2002,"The Maharashtra State Council for Occupational Therapy and Physiotherapy Act, 2002.",An Act to provide for the constitution of the Maharashtra State Council for Occupational Therapy and Physiotherapy for the purpose of co-ordination and determination of standards of education in the field of Occupational Therapy and Physiotherapy and for the maintenance of a Register of Occupational Therapists and Physiotherapists for the State of Maharashtra and for matters connected therewith or incidental thereto.,2,2004,2004-01-12,,Maharashtra,Govt of Maharashtra,Medical Education and Drugs Department,42,1,section
maharashtra-state-enterprises-restructuring-other-special-provisions-repeal,"The Maharashtra State Enterprises (Restructuring And Other Special Provisions) (Repeal) Act, 2007.",,9,2007,2007-04-16,,Maharashtra,Govt of Maharashtra,Finance Department,2,1,section
maharashtra-state-minorities-commission-act-2004,"The Maharashtra State Minorities Commission Act, 2004",An Act to constitute a State Commission for Minorities and to provide for matters connected therewith or incidental thereto.,31,2005,2005-08-08,,Maharashtra,Govt of Maharashtra,Minorities Department,20,1,section
maharashtra-state-public-services-reservation-scheduled-castes-scheduled,"The Maharashtra State Public Services (Reservation for Scheduled Castes, Scheduled Tribes, De-notified Tribes (Vimukta Jatis), Nomadic Tribes, Special Backward Category and Other Backward Classes) Act, 2001.","An Act to provide for the reservation of vacancies in a public services and posts in favour of the persons belonging to the Scheduled Castes, Scheduled Tribes, De-notifed Tribes (Vimukta Jatis), Nomadic Tribes, Special Backward Category and Other Backward Classes of Citizens and for matters connected therewith or incidental thereto.",8,2004,2004-01-22,,Maharashtra,Govt of Maharashtra,General Administration Department,16,1,section
maharashtra-state-reservation-socially-educationally-backward-classes-act,"The Maharashtra State Reservation for Socially and Educationally Backward Classes Act, 2024.","The Maharashtra State Reservation for Socially and Educationally Backward Classes Act, 2024.",16,2024,2024-02-26,,Maharashtra,Govt of Maharashtra,General Administration Department,20,1,section
maharashtra-state-reserve-police-force-act,The Maharashtra State Reserve Police Force Act.,,38,1951,1951-10-23,,Maharashtra,Govt of Maharashtra,Home Department,23,1,section
maharashtra-state-security-corporation-act-2010,"The Maharashtra State Security Corporation Act, 2010.",,6,2010,2010-04-19,,Maharashtra,Govt of Maharashtra,Home Department,26,1,section
maharashtra-state-skills-university-act-2021,"The Maharashtra State Skills University Act, 2021.","An Act to establish and incorporate the Maharashtra State Skills University, in the State of Maharashtra, a specialized University first of its kind, to create highly skilled and employable youth, to encourage job creation and to promote delivery of high quality skill education, startups, incubation, employability, training, counselling, apprenticeship, on-job training, and placements in an integrated mannerx with industry partnership, to promote inclusive growth by facilitating employment and providing self-employment guidance for the youth to enhance their incomes, to support the economically backward communities in terms of providing skill development, employment, entrepreneurship and self employment opportunities and to provide a job-ready workforce to the industry thus reducing unemployment and ultimately propelling the economic growth of the State and for matters connected therewith or incidental thereto.",7,2021,2021-03-23,,Maharashtra,Govt of Maharashtra,Skill Development Department,82,1,section
maharashtra-state-tax-on-professions-trades-callings-employments,"The Maharashtra State Tax on Professions, Trades, Callings and Employments Act, 1975.",,16,1975,1975-06-10,,Maharashtra,Govt of Maharashtra,Finance Department,41,1,section
maharashtra-supply-forest-produce-by-government-revision-agreements-act,"The Maharashtra Supply of Forest-produce by Government (Revision of Agreements) Act, 1982.",An Act to take powers to revise certain agreements to get fair price for forest produce supplied by Government to purchasers for long term periods and for certain other matters.,16,1983,1983-03-23,,Maharashtra,Govt of Maharashtra,Revenue & Forest Department,7,1,section
maharashtra-suraksha-dal-act-1986,"The Maharashtra Suraksha Dal Act, 1986.","An Act to provide for the constitution and regulation of a Force called the Maharashtra Suraksha Dal for the better protection and security of the premises of the Government, public sector undertakings, local authorities and banks situated in the State of Maharashtra.",3,1987,1987-02-12,,Maharashtra,Govt of Maharashtra,Home Department,25,1,section
maharashtra-tapi-irrigation-development-corporation-act-1997,"The Maharashtra Tapi Irrigation Development Corporation Act, 1997","An Act to make special provisions for promotion and operation of irrigation projects, command area development and schemes for generation of hydroelectric energy to harness the water of Tapi River pertaining to the State of Maharashtra and other allied and incidental activities including flood control in the Tapi River Valley by establishing the Tapi Irrigation Development Corporation.",4,1998,1998-01-06,,Maharashtra,Govt of Maharashtra,Water Resources Department,71,1,section
maharashtra-tax-on-buildings-with-larger-residential-premises,"The Maharashtra Tax on Buildings (with larger Residential Premises) (Re-enacted) Act, 1979.","An Act to provide for levy of tax on buildings in Corporation areas in the State of Maharashtra, which contain larger residential premises.",29,1979,1979-09-12,,Maharashtra,Govt of Maharashtra,Urban Development Department,30,1,section
maharashtra-tax-on-sale-electricity-act-1963,"The Maharashtra Tax on Sale of Electricity Act, 1963.","The Maharashtra Tax on Sale of Electricity Act, 1963.",21,1963,1963-04-24,,Maharashtra,Govt of Maharashtra,"Industries, Energy and Labour Department",13,1,section
maharashtra-taxation-laws-amendment-inapplicability-limitation-act-1976,"The Maharashtra Taxation Laws Amendment (Inapplicability of Limitation) Act, 1976.",,24,1976,1976-06-15,,Maharashtra,Govt of Maharashtra,Finance Department,2,1,section
maharashtra-temporary-increase-entertainments-duty-education-cess-act,"The Maharashtra Temporary Increase in Entertainments Duty and Education Cess Act, 1972.",,7,1972,1972-04-20,,Maharashtra,Govt of Maharashtra,Finance Department,7,1,section
maharashtra-tenancy-agricultural-lands-act,The Maharashtra Tenancy and Agricultural Lands Act.,The Maharashtra Tenancy and Agricultural Lands Act.,67,1948,1948-12-28,,Maharashtra,Govt of Maharashtra,Revenue & Forest Department,167,1,section
maharashtra-tenancy-agricultural-lands-vidarbha-region-act,The Maharashtra Tenancy and Agricultural Lands (Vidarbha Region) Act.,,99,1958,1958-12-26,,Maharashtra,Govt of Maharashtra,Revenue & Forest Department,152,1,section
maharashtra-textile-companies-acquisition-transfer-undertakings-act-1982,"The Maharashtra Textile Companies (Acquisition and Transfer of Undertakings) Act, 1982.",An Act to provide for the acquisition of undertakings of two textile companies for the purpose of ensuring continued and increased production of goods essential to the needs of the country and for matters connected therewith or incidental thereto.,33,1982,1982-10-14,,Maharashtra,Govt of Maharashtra,"Co-operation, Marketing and Textiles Department",15,1,section
maharashtra-truck-terminal-regulation-location-act-1995,"The Maharashtra Truck Terminal (Regulation of Location) Act, 1995","An Act to regulate the movement of goods carriages and transport vehicles in respect of loading and unloading of goods in urban areas, to regulate the location of the offices and godowns of transport companies, booking agents and others engaged in the business of collecting, forwarding or distribution of goods carried by goods carriages or transport vehicles, to establish Truck Terminal Authority to manage and control the truck terminal and to provide for matters connected therewith or supplemental or incidental thereto.",31,1997,1997-05-12,,Maharashtra,Govt of Maharashtra,Home Department,61,1,section
maharashtra-unaided-private-professional-educational-institutions-regulation-admissions,"The Maharashtra Unaided Private Professional Educational Institutions (Regulation of Admissions and Fees) Act, 2015.",An Act to provide for regulation of admissions and fees by Unaided Private Professional Educational Institutions in the State of Maharashtra and for matters connected therewith or incidental thereto.,28,2015,2015-08-17,,Maharashtra,Govt of Maharashtra,Higher and Technical Education Department,26,1,section
maharashtra-unauthorized-institutions-unauthorized-courses-study-agriculture-animal,"The Maharashtra Unauthorized Institutions and Unauthorized Courses of Study in Agriculture, Animal and Fishery Sciences, Health Sciences, Higher, Technical and Vocational Education (Prohibition) Act, 2013.","An Act to provide for prohibition of establishment of unauthorized institutions and introduction of unauthorized courses of study in Agriculture, Animal and Fishery Sciences, Health Sciences, Higher, Technical and Vocational Education in the State of Maharashtra and for matters connected therewith or incidental thereto.",20,2013,2013-08-21,,Maharashtra,Govt of Maharashtra,Higher and Technical Education Department,21,1,section
maharashtra-underground-pipelines-underground-ducts-acquisition-right-user,"The Maharashtra Underground Pipelines and Underground Ducts (Acquisition of Right of User in Land) Act, 2018.",An Act to provide for the acquisition of right of user in land for laying underground pipelines and to create underground ducts for carrying utilities and services (except electricity cables) in the State of Maharashtra and for matters connected therewith or incidental thereto.,49,2018,2018-08-09,,Maharashtra,Govt of Maharashtra,Revenue & Forest Department,19,1,section
maharashtra-university-health-sciences-act-1998,"The Maharashtra University of Health Sciences Act, 1998.",An Act to establish and incorporates a University of Health Science in the State of Maharashtra and to provide for matters connected therewith and incidental thereto.,10,1999,1999-01-21,,Maharashtra,Govt of Maharashtra,Medical Education and Drugs Department,98,1,section
maharashtra-urban-areas-protection-preservation-trees-act-1975,"The Maharashtra (Urban Areas) Protection and Preservation of Trees Act, 1975.",An Act to make better provision for trees in urban areas in the State by regulating felling of trees and providing for planting of adequate number of new trees in those areas.,44,1975,1975-09-16,,Maharashtra,Govt of Maharashtra,Environment Department,25,1,section
maharashtra-value-added-tax-act-2002,"The Maharashtra Value Added Tax Act, 2002.",,9,2005,2005-03-09,,Maharashtra,Govt of Maharashtra,Finance Department,103,1,section
maharashtra-vexatious-litigation-prevention-act-1971,"The Maharashtra Vexatious Litigation (Prevention) Act, 1971",,48,1971,1971-12-13,,Maharashtra,Govt of Maharashtra,Law and Judiciary Department,4,1,section
maharashtra-vidarbha-region-agricultural-debtors-relief-act-1969,"The Maharashtra (Vidarbha Region) Agricultural Debtors Relief Act, 1969",,22,1969,1969-04-18,,Maharashtra,Govt of Maharashtra,"Agriculture, Animal Husbandry, Dairy Development and Fisheries Department",57,1,section
maharashtra-village-panchayats-act,The Maharashtra Village Panchayats Act.,,3,1959,1959-01-23,,Maharashtra,Govt of Maharashtra,Rural Development and Water conservation Department,161,1,section
maharashtra-village-police-act-1967,"The Maharashtra Village Police Act, 1967.",,46,1967,1967-12-22,,Maharashtra,Govt of Maharashtra,Home Department,18,1,section
maharashtra-warehouses-act,The Maharashtra Warehouses Act.,,5,1960,1960-01-28,,Maharashtra,Govt of Maharashtra,"Co-operation, Marketing and Textiles Department",43,1,section
maharashtra-water-conservation-corporation-act-2000,"The Maharashtra Water Conservation Corporation Act, 2000.","An Act to make special provisions for promotion, operation and rapid development and regulation of watershed and water conservation works, including social forestry and irrigation projects in the State of Maharashtra by establishing the Water Conservation Corporation.",3,2001,2001-01-02,,Maharashtra,Govt of Maharashtra,Soil and Water Conservation Department,61,1,section
maharashtra-water-resources-regulatory-authority-act-2005,"The Maharashtra Water Resources Regulatory Authority Act, 2005","An Act to provide for the establishment of the Maharashtra Water Resources Regulatory Authority to regulate water resources within the State of Maharashtra, facilitate and ensure judicious, equitable and sustainable management, allocation and utilisation of water resources, fix the rates for use of water for agriculture, industrial, drinking and other purposes, and matters connected therewith or incidental thereto.",18,2005,2005-05-04,,Maharashtra,Govt of Maharashtra,Water Resources Department,37,1,section
maharashtra-witness-protection-security-act-2017,"The Maharashtra Witness Protection and Security Act, 2017",,9,2018,2018-01-16,,Maharashtra,Govt of Maharashtra,Home Department,19,1,section
maharashtra-workmens-minimum-house-rent-allowance-act-1983,"The Maharashtra Workmen’s Minimum House-rent Allowance Act, 1983.",An Act to provide for payment of minimum house-rent allowance to workmen employed in industries in Maharashtra.,23,1988,1988-10-17,,Maharashtra,Govt of Maharashtra,"Industries, Energy and Labour Department",15,1,section
mahatma-gandhi-antarrashtriya-hindi-vishwavidyalaya-act-1996,"The Mahatma Gandhi Antarrashtriya Hindi Vishwavidyalaya Act, 1996","An Act to establish and incorporate a teaching University for the promotion and development of Hindi language and literature, through teaching and research, with a view to enabling Hindi to achieve greater functional efficiency and recognition as a major international language and to provide for matters connected therewith or incidental thereto.",3,1997,1997-01-08,1997-12-29,CENTRAL,Ministry of Education,Department of Higher Education,44,1,section
mahatma-gandhi-divyang-university-jodhpur-act-2023,"The Mahatma Gandhi Divyang University, Jodhpur Act, 2023",An Act to establish and incorporate Mahatma Gandhi Divyang University at Jodhpur in the State of Rajasthan and to provide for the matters connected therewith or incidental thereto.,26,2023,2023-09-02,,Rajasthan,,Social Justice Empowerment Department,52,1,section
mahatma-gandhi-university-act-2010-act-no-6,"The Mahatma Gandhi University Act, 2010 (Act No. 6 of 2011)","An Act to establish and incorporate a University in the State, with emphasis on providing high quality and industry relevant education in the areas of Engineering, Physical Sciences,Life Sciences, Technology, Medical Science and Paramedical, Management, Technical, Finance & Accounting, Commerce, Humanities, Languages & Communication. Applied and Performing Arts, Education, Law, Social Science and related areas sponsored by Layman Education Society through regular and distance education mode and to provide for matters connected therewith or incidental thereto.",6,2011,2010-12-30,,Meghalaya,Meghalaya Law Department,Law Department,51,1,section
mahatma-phule-vastu-sangrahalaya-poona-act-1968,"The Mahatma Phule Vastu Sangrahalaya, Poona, Act, 1968.",,18,1968,1968-06-11,,Maharashtra,Govt of Maharashtra,Social Justice and Special Assistance Department,23,1,section
mahul-creek-extinguishment-rights-act-1922,"The Mahul Creek (Extinguishment of Rights) Act, 1922.",,4,1922,1922-05-20,,Maharashtra,Govt of Maharashtra,Revenue & Forest Department,3,1,section
maintenance-orders-enforcement-act-1921,"The Maintenance Orders Enforcement Act, 1921",An Act to facilitate the enforcement in India of Maintenance Orders made in reciprocating territories and vice versa.,18,1921,1921-10-05,1921-10-05,CENTRAL,Ministry of Law and Justice,Department of Legal Affairs,12,1,section
maintenance-welfare-parents-senior-citizens-act-2007,"The Maintenance and Welfare of Parents and Senior Citizens Act, 2007",,56,2007,2007-12-29,,Chandigarh,,Social Welfare,1,1,section
major-port-authorities-act-2021,"The Major Port Authorities Act, 2021","An Act to provide for regulation, operation and planning of Major Ports in India and to vest the administration, control and management of such ports upon the Boards of Major Port Authorities and for matters connected therewith or incidental thereto",1,2021,2021-02-17,2021-11-03,CENTRAL,"Ministry of Ports, Shipping and Waterways",,76,1,section
majority-act-1875,"The Majority Act, 1875",An Act to amend the law respecting the age of majority.,9,1875,1875-03-02,1875-03-02,CENTRAL,Ministry of Law and Justice,Legislative Department,3,1,section
mamlatdars-courts-act-1906-maharashtra,"The Mamlatdar’s Courts Act, 1906.","The Mamlatdar’s Courts Act, 1906.",2,1906,1906-10-29,,Maharashtra,Govt of Maharashtra,Revenue & Forest Department,27,1,section
mangrol-manavadar-administration-property-act-1949,"The Mangrol and Manavadar (Administration of Property) Act, 1949",An Act to provide for the vesting of certain properties belonging to the States of Mangrol and Manavadar in Kathiawar in the Managers of the said States.,2,1949,1949-02-14,1949-02-14,CENTRAL,Ministry of Home Affairs,Department of States,12,1,section
manipur-courts-act-1955,"The Manipur (Courts) Act, 1955",An Act to provide for the establishment of a Judicial Commissioner s Court and other Courts in Manipur.,56,1955,1955-12-30,1956-03-01,CENTRAL,Ministry of Law and Justice,Department of Justice,46,1,section
manipur-hill-areas-district-councils-act-1971,"The Manipur (Hill Areas) District Councils Act, 1971",An Act to provide for the establishment of District Councils in the Hill Areas in the Union territory of Manipur.,76,1971,1971-12-26,1971-12-26,CENTRAL,Ministry of Home Affairs,Department of States,53,1,section
manipur-land-revenue-land-reforms-act-1960,"The Manipur Land Revenue and Land Reforms Act, 1960",An Act to consolidate and amend the law relating to land revenue in the Union territory of Manipur and to provide for certain measures of land reform.,33,1960,1960-09-13,1960-09-13,CENTRAL,Ministry of Home Affairs,Department of States,170,1,section
manipur-municipalities-act-1994,"The Manipur Municipalities Act, 1994",An Act to provide for constitution and organisation of municipalities in the Urban areas of Manipur and for matters connected therewith and incidental thereto.,43,1994,1994-07-08,1994-05-24,CENTRAL,Ministry of Home Affairs,Department of States,231,1,section
manipur-panchayati-raj-act-1994,"The Manipur Panchayati Raj Act, 1994",An Act to provide for the constitution and organisation of Panchayats as units of local self-Government in the rural areas of Manipur and for matters connected therewith and incidental thereto.,26,1994,1994-04-23,1994-04-23,CENTRAL,Ministry of Panchayati Raj,,109,1,section
manipur-sales-motor-spirit-lubricants-taxation-act-1962,"The Manipur (Sales of Motor Spirit and Lubricants) Taxation Act, 1962",An Act to consolidate and amend the law relating to the levy of a tax on sales of motor spirit and lubricants in the Union territory of Manipur.,55,1962,1962-12-13,1962-12-13,CENTRAL,Ministry of Finance,Department of Revenue,37,1,section
manipur-university-act-2005,"The Manipur University Act, 2005",An Act to establish and incorporate a teaching and affiliating University in the State of Manipur and to provide for matters connected therewith or incidental thereto.,54,2005,2005-12-28,2005-10-13,CENTRAL,Ministry of Education,Department of Higher Education,48,1,section
manipur-village-authorities-hill-areas-act-1956,"The Manipur (Village Authorities in Hill Areas) Act, 1956",An Act to consolidate and amend the law relating to the constitution and functions of Village Authorities in the hill areas of the Union territory of Manipur.,80,1956,1956-12-22,1957-04-18,CENTRAL,Ministry of Home Affairs,Department of States,58,1,section
manoeuvres-field-firing-artillery-practice-act-1938,"The Manoeuvres, Field Firing and Artillery Practice Act, 1938",An Act to provide facilities for military manoeuvres and for field firing and artillery practice.,5,1938,1938-03-12,1938-03-12,CENTRAL,Ministry of Defence,Department of Military Affairs,13,1,section
marine-aids-navigation-act-2021,"The Marine Aids to Navigation Act, 2021.","An Act to provide for the development, maintenance and management of aids to navigation in India; for training and certification of operator of aids to navigation, development of its historical, educational and cultural value; to ensure compliance with the obligation under the maritime treaties and international instruments to which India is a party and for matters connected therewith or incidental thereto.",20,2021,2020-07-31,2022-03-31,CENTRAL,"Ministry of Ports, Shipping and Waterways",,53,1,section
marine-insurance-act-1963,"The Marine Insurance Act, 1963",An Act to codify the law relating to marine insurance.,11,1963,1963-04-18,1963-08-01,CENTRAL,Ministry of Finance,Department of Financial Services,92,1,section
marine-products-export-development-authority-act-1972,"The Marine Products Export Development Authority Act, 1972",An Act to provide for the establishment of an Authority for the development of the marine products industry under the control of the Union and for matters connected therewith.,13,1972,1972-04-20,1972-07-12,CENTRAL,Ministry of Commerce and Industry,Department of Commerce,35,1,section
maritime-anti-piracy-act-2022,"The Maritime Anti-Piracy Act, 2022.",An Act to give effect to the United Nations Convention on the Law of the Sea relating to repression of piracy on high seas and for matters connected therewith or incidental thereto.,3,2023,2023-01-31,2023-02-22,CENTRAL,Ministry of External Affairs,,15,1,section
maritime-zones-india-regulation-fishing-by-foreign-vessels,"The Maritime Zones of India (Regulation of Fishing by Foreign Vessels) Act, 1981",An Act to provide for the regulation of fishing by foreign vessels in certain maritime zones of India and for matters connected therewith.,42,1981,1981-09-28,1981-11-02,CENTRAL,Ministry of Agriculture and Farmers Welfare,Department of Fisheries,26,1,section
marking-heavy-packages-act-1951,"The Marking of Heavy Packages Act, 1951","An Act to give effect to the International Convention drawn up in Geneva on the 30th day of May, 1929, for the marking of weight on heavy packages transported by sea or inland waterways.",39,1951,1951-06-25,1951-11-01,CENTRAL,Ministry of Labour and Employment,,10,1,section
married-women-s-property-act-1874,"The Married Women's Property Act, 1874","An Act to explain and amend the law relating to certain married women, for other purposes.",3,1874,1874-02-24,1874-02-24,CENTRAL,Ministry of Law and Justice,Legislative Department,10,1,section
martin-luther-christian-university-act-2005-act-no,"Martin Luther Christian University Act, 2005(Act No. 11 of 2005)","An Act to establish and incorporate an University in the State with emphasis on providing instruction, teaching and training in the field of professional courses of Science, Health Sciences, Bio-Technology, Information Technology, Commerce, Management and other allied areas sponsored jointly by the Khasi Jaintia Presbyterian Assembly and the National Lutheran Health and Medical Board of the Union Evangelical Lutheran church in India and to provide for matters connected therewith or incidental thereto.",11,2005,2005-07-06,,Meghalaya,Meghalaya Law Department,Law Department,51,1,section
marwar-marriage-fund-administration-act-1961,"Marwar Marriage Fund Administration Act, 1961",,18,1961,1961-05-30,,Rajasthan,,Law and Legal Affairs Department,7,1,section
marwar-medical-university-act---2023,Marwar Medical University Act - 2023,,25,2023,2023-09-05,,Rajasthan,,Medical Education Department,50,1,section
maternity-benefit-act-1961-with-amendment-act-2017,"MATERNITY BENEFIT ACT, 1961 with Amendment Act 2017",,53,1961,1961-12-12,,Chandigarh,,Labour Department,1,1,section
maulana-azad-national-urdu-university-act-1996,"The Maulana Azad National Urdu University Act, 1996",An Act to establish and incorporate in University at the national level mainly to promote and develop Urdu language and to import vocational and technical education in Urdu medium through conventional teaching and distance education system and to provide for matters connected therewith or incidental thereto.,2,1997,1997-01-08,1998-01-09,CENTRAL,Ministry of Education,Department of Higher Education,43,1,section
mediation-act-2023,"The Mediation Act, 2023","An Act to promote and facilitate mediation, especially institutional mediation, for resolution of disputes, commercial or otherwise, enforce mediated settlement agreements, provide for a body for registration of mediators, to encourage community mediation and to make online mediation as acceptable and cost effective process and for matters connected therewith or incidental thereto.",32,2023,2023-09-14,2023-10-09,CENTRAL,Ministry of Law and Justice,Department of Legal Affairs,65,1,section
medical-termination-pregnancy-act-1971,"The Medical Termination of Pregnancy Act, 1971",An Act to provide for the termination of certain gnancies by registered medical practitioners and for matters connected therewith or incidental thereto.,34,1971,1971-08-10,1972-04-01,CENTRAL,Ministry of Health and Family Welfare,Department of Health and Family Welfare,9,1,section
medical-termination-pregnancy-act-1971-chandigarh-1971,"The Medical Termination of Pregnancy Act, 1971",,34,1971,1971-08-10,,Chandigarh,,"Director Health & Family Welfare-cum-Mission, National Health Mission",2,1,section
meghalaya-agricultural-produce-market-act-1980-act-no,"The Meghalaya Agricultural Produce Market Act, 1980 (Act No.1 of 1981)",An Act to provide for better regulation of buying and selling of certain agricultural produce and the establishment of markets therefore in the State of Meghalaya and for matters connected therewith.,1,1981,1981-01-31,,Meghalaya,Meghalaya Law Department,Law Department,56,1,section
meghalaya-anatomy-act-2017-act-no-13-2017,"The Meghalaya Anatomy Act, 2017 (Act No. 13 of 2017)",An Act to provide for the supply of unclaimed bodies of deceased persons or donated bodies or any part thereof of deceased persons to hospitals and medical and teaching institutions for the purpose of anatomical examination and dissection and other similar purposes.,13,2017,2017-12-21,,Meghalaya,Meghalaya Law Department,Law Department,12,1,section
meghalaya-apartment-ownership-act-2016-meghalaya-act-no,"The Meghalaya Apartment Ownership Act, 2016 (Meghalaya Act NO.5 of 2016)","An Act to provide for the ownership of an individual apartment in a building together with an undivided interest in the common areas and facilities appurtenant to such apartment and to make such apartment and interest heritable and transferable. Whereas it is expedient to provide in the State of Meghalaya for the ownership of an individual apartment in a building together with an undivided interest in the common areas facilities appurtenant to such apartment, and to make such apartment and interest heritable and transferable and for enforcement of obligations on promoters and apartment owners and to provide for matters connected therewith or incidental thereto; Be it enacted by the Legislature of the State of Meghalaya in the Sixty seventh Year of the Republic of India as follows:-",5,2016,2016-07-23,2016-07-25,Meghalaya,Meghalaya Law Department,Law Department,38,1,section
meghalaya-assembly-proceedings-protection-publication-act-1977-act,"The Meghalaya Assembly Proceedings (Protection of Publication) Act, 1977 (Act No.7 of 1977).",An Act to provide for protection of publication of reports of the proceedings of the Assembly.,7,1977,1977-12-02,,Meghalaya,Meghalaya Law Department,Law Department,4,1,section
meghalaya-benami-transactions-prohibition-act-1980-act-no,"The Meghalaya (Benami Transactions Prohibition) Act, 1980 (Act No.24 of 1980)",An Act to prohibit benami transactions between a tribal and non-tribal.,24,1980,1980-10-13,,Meghalaya,Meghalaya Law Department,Law Department,9,1,section
meghalaya-board-primary-school-education-act-1988-act,"The Meghalaya Board of Primary School Education Act, 1988, Act No.13 of 1988.","An Act to provide for the establishment of a Board of Primary School Education to supervise, regulate and develop primary education in the State.",13,1988,1988-12-25,,Meghalaya,Meghalaya Law Department,Law Department,19,1,section
meghalaya-board-school-education-act-1973-act-10,"The Meghalaya Board of School Education Act, 1973, (Act 10 of 1973)","to provide for the establishment of a Board of School Education to regulate, supervise and develop School Education in Meghalaya.",10,1973,1973-04-21,,Meghalaya,Meghalaya Law Department,Law Department,29,1,section
meghalaya-building-other-construction-workers-welfare-board-act,"The Meghalaya Building and Other Construction Workers Welfare Board Act, 2019 (Act No. 23 of 2019)",An Act Be it enacted by Legislature of the State of Meghalaya in the Seventieth Year of the Republic of India,23,2019,2019-10-09,2019-10-16,Meghalaya,Meghalaya Law Department,Law Department,43,1,section
meghalaya-ceiling-on-government-guarantees-act-2025-act,"The Meghalaya Ceiling on Government Guarantees Act, 2025 (Act No. 5 of 2025)","An Act to provide for regulation of Government guarantees and other matters connected therewith or incidental thereto. Preamble: WHEREAS it is expedient to provide for regulation of Government guarantees issued on behalf of the Government Departments, Public Sector Undertakings, Local Authorities, Statutory Boards & Corporations and Cooperative Institutions and for promoting fiscal discipline of the State;",5,2025,2025-03-20,2025-03-24,Meghalaya,Meghalaya Law Department,Law Department,9,1,section
meghalaya-cement-cess-act-2010-act-no-5,"The Meghalaya Cement Cess Act, 2010 (Act No. 5 of 2011)",An Act to provide for the levy and collection of cess on cement manufactured ~md produced within the State of Meghalaya for development of education' and sports. and for the matters connected therewith.,5,2011,2010-12-30,,Meghalaya,Meghalaya Law Department,Law Department,15,1,section
meghalaya-civil-task-force-act-act-no-1,"The Meghalaya Civil Task Force Act, Act No.1 of 1974",An Act to provide for the constitution of a Force to be called the Meghalaya Civil Task Force.,1,1974,1974-01-10,,Meghalaya,Meghalaya Law Department,Law Department,12,1,section
meghalaya-clinker-cess-act-2015-act-no-4,"The Meghalaya Clinker Cess Act, 2015(Act No.4 of 2015)",An Act to provide for the levy and collection of Cess on Clinker within the State of Meghalaya for promotion of education and for the matters connected therewith.,4,2015,2015-03-29,,Meghalaya,Meghalaya Law Department,Law Department,15,1,section
meghalaya-co-operative-societies-act-2015-act-no-11,"The Meghalaya Co-operative Societies Act, 2015 (Act No. 11 of 2015)","An Act to facilitate the formation and working of Co-operative Societies as accountable, competitive, self reliant, business enterprises based on thrift, self-help and mutual aid and owned, managed and controlled by members for their economic and social betterment and in accordance with the relevant Directive Principles of State Policy of the Constitution of India and for matters connected therewith and incidental thereto.",11,2015,2015-10-07,,Meghalaya,Meghalaya Law Department,Law Department,104,1,section
meghalaya-commercial-crops-development-board-act-no-6,"The Meghalaya Commercial Crops Development Board Act No.6, 1997",An Act to provide for setting up a Board for promoting the cultivation and processing And marketing of commercial crops in this State and for matters connected therewith.,6,1997,1997-05-03,,Meghalaya,Meghalaya Law Department,Law Department,15,1,section
meghalaya-community-participation-public-services-social-audit-act,"The Meghalaya Community Participation and Public Services Social Audit Act, 2017 (Act No. 7 of 2017)","An Act to review delivery of public services and implementation of government schemes and programmes through a participatory social audit by government and the stakeholders; by ensuring timely review and concurrent course-correction in the delivery of schemes and programmes, to achieve realization of desired development outcomes.",7,2017,2017-04-01,,Meghalaya,Meghalaya Law Department,Law Department,20,1,section
meghalaya-compulsory-registration-marriage-act-2012-act-no,"The Meghalaya Compulsory Registration of Marriage Act, 2012 (Act No. 13 of 2012)","The Meghalaya Compulsory Registration of Marriage Act, 2012 (Act No. 13 of 2012)",13,2012,2012-09-14,,Meghalaya,Meghalaya Law Department,Law Department,23,1,section
meghalaya-credit-operation-miscellaneous-provisions-act-1976-act,"The Meghalaya Credit Operation and Miscellaneous Provisions Act, 1976 (Act 10 of 1976)",An Act to make provisions to facilitate adequate flow of credit for agricultural production and development through Banks and other institutional credit agencies and for matters connected therewith and incidental thereto.,10,1976,1976-06-17,,Meghalaya,Meghalaya Law Department,Law Department,25,1,section
meghalaya-fire-emergency-services-act-2012-act-no,"The Meghalaya Fire and Emergency Services Act, 2012 (Act No. 5 of 2012)",An Act to provide to the maintenance of Fire and Emergency Service in the State of Meghalaya.,5,2012,2012-03-29,,Meghalaya,Meghalaya Law Department,Law Department,42,1,section
meghalaya-fiscal-responsibility-budget-management-act-2006-act,"The Meghalaya Fiscal Responsibility and Budget Management Act, 2006 (Act No. 4 of 2006)","An Act to provide for the responsibility of the State Government to ensure fiscal prudence, stability and efficiency and also to achieve fiscal consolidation so as to facilitate the generation of revenue surplus to enhance the scope for improvement of investment in the social and economic sector/infrastructures of the State and to ensure fiscal and debt sustainability through progressive reduction of the fiscal deficit and proper debt management system and also to provide for a more transparent and accountable system of budgeting that will ensure an efficient and effective system of governance.",4,2006,2006-04-05,,Meghalaya,Meghalaya Law Department,Law Department,13,1,section
meghalaya-forest-authority-act-1991-act-no-3,"The Meghalaya Forest Authority Act, 1991 Act No. 3 of 1991",To provide for the constitution of an Authority for the unified control of forests in the State,3,1991,1991-03-02,,Meghalaya,Meghalaya Law Department,Law Department,9,1,section
meghalaya-forest-removal-timber-regulation-act-act-no,"The Meghalaya Forest (Removal of Timber) (Regulation) Act (Act No.12 of 1981), 1981",An Act to regulate and control removal of timber outside the State for the preservation of forests and to prevent their indiscriminate destruction and for matters connected therewith and incidental thereto.,12,1981,1981-05-29,,Meghalaya,Meghalaya Law Department,Law Department,22,1,section
meghalaya-goods-services-tax-act-2017-act-no,"The Meghalaya Goods and Services Tax Act, 2017 (Act No. 10 of 2017)",to make a provision for levy and collection of tax on intra-State supply of goods or services or both by the State of Meghalaya.,10,2017,2017-06-15,2017-06-19,Meghalaya,Meghalaya Law Department,Law Department,174,1,section
meghalaya-heritage-act-2012-act-no-9-2012,"The Meghalaya Heritage Act, 2012 (Act No. 9 of 2012)","An Act to provide for conservation and protection of heritage sites which shall include buildings, artefacts, structures,areas, streets and precincts of historic or cultural or environmental significance (heritage buildings and heritage precincts) and natural features of environmental significance and sites of scenic beauty and also to provide for conservation and protection of areas of environmental sensitivity.",9,2012,2012-04-03,,Meghalaya,Meghalaya Law Department,Law Department,20,1,section
meghalaya-higher-education-council-act-2018-act-no,"The Meghalaya Higher Education Council Act, 2018 (Act No. 3 of 2018)","An Act to provide for the establishing a State Higher Education Council as a collective of the Government Universities, Colleges, Academics and Experts in order to forge a synergic relationship among them by occupying an operational space in between the Government Universities and apex level regulatory bodies and for matters connected therewith or incidental thereto.",3,2018,2018-04-26,2018-04-27,Meghalaya,Meghalaya Law Department,Law Department,25,1,section
meghalaya-identification-registration-safety-security-migrant-workers-act,"The Meghalaya Identification, Registration (Safety & Security) of Migrant Workers Act, 2020 (Act No. 14 of 2020)","An Act to provide for the maintenance of public order and for the protection and safety of Migrant Workers in the State of Meghalaya, by identification and mandatory registration of all such workers in the State. And to prevent the commission of offences of harassment, intimidation, discrimination and such other act or omission that may affect the safety and security of Migrant Workers, and to further ensure the safety and security of all Migrant Workers during the course of employment within the State of Meghalaya and for matters connected therewith.",14,2020,2020-09-15,2020-09-10,Meghalaya,Meghalaya Law Department,Law Department,16,1,section
meghalaya-infrastructure-development-finance-board-act-2011-act,"The Meghalaya Infrastructure Development Finance Board Act, 2011 (Act No. 11 of 2011)","An Act to provide for constitution, establishment, and sustained operation of a Board for financing of all types of infrastructure in the State and to provide for matters connected therewith or incidental thereto.",11,2011,2011-04-06,,Meghalaya,Meghalaya Law Department,Law Department,34,1,section
meghalaya-interpretation-general-clauses-act-1970-act-no,"The Meghalaya Interpretation and General Clauses Act , 1970 Act No.7 of 1970",An Act to provide for the interpretation of Meghalaya enactments and for shortening the language thereof.,7,1970,1970-10-25,,Meghalaya,Meghalaya Law Department,Law Department,43,1,section
meghalaya-interpretation-general-clauses-act-no-7-1972,The Meghalaya Interpretation and General Clauses Act No. 7 of 1972,to provide for the interpretation of Meghalaya enactment and for shortening the language thereof,7,1972,1972-05-15,1972-01-21,Meghalaya,Meghalaya Law Department,Law Department,43,1,section
meghalaya-intoxicating-liquor-prohibition-publication-advertisement-act-1976,"The Meghalaya Intoxicating Liquor (Prohibition of Publication of Advertisement) Act, 1976 (Act 14 of 1976)","An Act to prohibit the advertisement of liquor by cinematographic exhibition and on walls, buildings and hoardings in public places, and to provide for matters connected therewith.",14,1976,1976-10-05,,Meghalaya,Meghalaya Law Department,Law Department,10,1,section
meghalaya-khadi-village-industries-board-act-1980-act,"The Meghalaya Khadi and Village Industries Board Act, 1980 (Act No.27 of 1980)","An Act to provide for the better organisation, development and regulation of Khadi and Village Industries in the State and for establishment and constitution of Khadi and Village Industries Board for the State by consolidating and amending the existing law on the subject and for matters, connected therewith and incidental thereto.",27,1980,1980-12-17,,Meghalaya,Meghalaya Law Department,Law Department,41,1,section
meghalaya-land-survey-records-preparation-act-1980-act,"The Meghalaya Land Survey and Records Preparation Act, 1980 (Act No.11 of 1980)","An Act to provide for the Survey of lands in the State and the preparation of preliminary records thereof and for matters, connected therewith or incidental thereto Act, 1972.",11,1980,1980-07-07,,Meghalaya,Meghalaya Law Department,Law Department,31,1,section
meghalaya-legislative-assembly-fixation-quorum-act-act-no,"The Meghalaya Legislative Assembly (Fixation Of Quorum) Act, Act No.7 of 1989",An Act to provide for fixation of quorum for meetings of the Meghalaya Legislative Assembly,7,1989,1989-09-12,,Meghalaya,Meghalaya Law Department,Law Department,2,1,section
meghalaya-local-fund-audit-act-2021-act-no,"The Meghalaya Local Fund (Audit) Act, 2021 (Act No. 5 of 2021)",An Act to provide for and to regulate the Audit of the Local Funds under the management or control of certain Local authorities in the State of Meghalaya.,5,2021,2021-03-23,2021-03-26,Meghalaya,Meghalaya Law Department,Law Department,30,1,section
meghalaya-lokayukta-act-2014-act-no-4-2014,"The Meghalaya Lokayukta Act, 2014 (Act No. 4 of 2014)",An Act to provide for the establishment of a body of Lokayukta for the State of Meghalaya to inquire into allegations of corruption against certain public functionaries and for matters connected therewith or incidental thereto.,4,2014,2014-03-26,,Meghalaya,Meghalaya Law Department,Law Department,62,1,section
meghalaya-medical-council-act-1987-act-no-9,"The Meghalaya Medical Council Act , 1987(Act No.9 of 1994)",An Act to provide for the registration of medical (allopathic) practitioners in the State of Meghalaya and for matters connected therewith.,9,1994,1994-11-26,,Meghalaya,Meghalaya Law Department,Law Department,29,1,section
meghalaya-minerals-cess-act-act-no-7-1988,"The Meghalaya Minerals Cess Act, Act No. 7 of 1988 (Act No. 7 of 1988)",An Act to provide for the levy and collection of Cess on some minerals of the State for the development of Primary education and for development and improvement of mining areas and for matters connected therewith.,7,1988,1988-04-29,,Meghalaya,Meghalaya Law Department,Law Department,12,1,section
meghalaya-ministers-salaries-amp-allowances-act-no-4,The Meghalaya (Ministers Salaries &amp; Allowances) Act No. 4 of 1972,An Act to determine the salaries and allowances of the Chief Minister and other Ministers of Meghalaya.,4,1972,1972-04-23,1972-01-21,Meghalaya,Meghalaya Law Department,Law Department,11,1,section
meghalaya-mobile-phone-connection-cess-act-2002-act,"The Meghalaya (Mobile Phone Connection ) Cess, Act, 2002 (Act No.5 of 2002)",An Act to provide for levy of Cess on Mobile Phone Connection,5,2002,2002-05-07,2002-01-18,Meghalaya,Meghalaya Law Department,Law Department,19,1,section
meghalaya-municipal-disclosure-act-2010-act-no-2,"The Meghalaya Municipal Disclosure Act, 2010 (Act No. 2 of 2011)",An Act to provide for transparency and accountability in the functioning of municipalities.,2,2011,2010-12-30,2010-06-30,Meghalaya,Meghalaya Law Department,Law Department,7,1,section
meghalaya-municipal-garo-hills-autonomous-district-act-1978,"The Meghalaya Municipal (Garo Hills Autonomous District) Act, 1978 (Act No.7 of 1978)",An Act to provide for the constitution and establishment of municipalities and town committees in the Garo Hills Autonomous District and extension and application of the Meghalaya Municipal Act to the said District and for matters connected thereto.,7,1978,1978-04-08,1978-01-07,Meghalaya,Meghalaya Law Department,Law Department,2,1,section
meghalaya-natural-calamities-relief-fund-act-1980-act,"The Meghalaya Natural Calamities Relief Fund Act, 1980 (Act No.25 of 1980)",An Act to provide for the establishment and maintenance in the State Meghalaya of a fund called the Meghalaya Natural Calamities Relief Fund.,25,1980,1980-12-12,,Meghalaya,Meghalaya Law Department,Law Department,9,1,section
meghalaya-nursing-council-act-no-5-1992,"The Meghalaya Nursing Council Act No.5, 1992","An Act To provide for the establishment of a Nursing Council for the State of Meghalaya, registration of nurses with the Council and for matters ancillary thereto",5,1992,1992-05-03,,Meghalaya,Meghalaya Law Department,Law Department,24,1,section
meghalaya-nursing-home-licensing-amp-registration-1993-act,"The Meghalaya Nursing Home (Licensing &amp; Registration) , 1993 (Act No. 1 of 1994)","An Act to regulate the setting up of private Hospitals, Nursing Homes and other centres catering to diagnostic, investigative and other health care services.",1,1994,1994-01-29,,Meghalaya,Meghalaya Law Department,Law Department,21,1,section
meghalaya-parliamentary-secretaries-appointment-salaries-allowances-miscellaneous-provisions,"The Meghalaya Parliamentary Secretaries (Appointment, Salaries,Allowances and Miscellaneous Provisions) Act, 2005 (Act No. 9 of 2005)","An Act to provide for the appointment, salaries, allowances and other miscellaneous provisions of the Parliamentary Secretaries in the State of Meghalaya.",9,2005,2005-04-30,2005-01-11,Meghalaya,Meghalaya Law Department,Law Department,12,1,section
meghalaya-police-act-2010-act-no-7-2011,"The Meghalaya Police Act, 2010 (Act No. 7 of 2011)","An Act to regulate the role, functions and management of police establishments and for matters relating thereto.",7,2011,2011-02-04,,Meghalaya,Meghalaya Law Department,Law Department,136,1,section
meghalaya-prevention-gambling-act-1970-act-no-8,"The Meghalaya Prevention of Gambling Act, 1970 Act No.8 of 1970",An Act to provide for the prevention of gambling and for matters connected therewith,8,1970,1970-10-25,,Meghalaya,Meghalaya Law Department,Law Department,22,1,section
meghalaya-preventive-detention-act-1995-act-no-5,"The Meghalaya Preventive Detention Act, 1995, Act No. 5 of 1995",To provide for preventive detention in certain cases and for matters connected therewith.,5,1995,1994-10-06,,Meghalaya,Meghalaya Law Department,Law Department,18,1,section
meghalaya-private-universities-regulation-establishment-maintenance-standards-act,"The Meghalaya Private Universities (Regulation of Establishment and Maintenance of Standards) Act, 2019 (Act No. 13 of 2019)","An Act to provide for regulation of Private Universities in the State and for matters connected therewith. Whereas the Meghalaya Private Universities (Regulation of Establishment and Maintenance of Standard) Act, 2012 (Act No.8 of 2012), though in place, requires to be repealed and a new law be put in place for regulating the Private Universities and to ensure conformity with the observations of the Supreme Court in Prof. Yashpal versus State of Chhattisgarh and others.",13,2019,2019-10-09,,Meghalaya,Meghalaya Law Department,Law Department,13,1,section
meghalaya-private-universities-regulation-establishment-maintenance-standards-act-meghalaya,"Meghalaya Private Universities (Regulation of Establishment and Maintenance of Standards) Act, 2012 (Act No. 8 of 2012)","An Act to provide for regulation of private Universities in the State and for matters connected therewith. Whereas it is necessary to ensure that private universities maintain the standards of infrastructures, teaching, research, examination and extension of services, fee structure, safeguarding the interest of the state as a whole and in particular of the student community by emphasizing on quality education and avoiding commercialization of higher education.",8,2012,2012-03-29,,Meghalaya,Meghalaya Law Department,Law Department,11,1,section
meghalaya-prohibition-manufacture-sale-use-throwing-low-density,"The Meghalaya Prohibition of Manufacture, Sale,Use and Throwing of Low Density Plastic Bags Act, 2001, Act, No. 4 of 2001","An Act to provide for prohibition manufacture, sale, use and throwing of low density plastic bags in Meghalaya and to make provisions for those matters connected therewith.",4,2001,2001-04-19,,Meghalaya,Meghalaya Law Department,Law Department,10,1,section
meghalaya-prohibition-smoking-non-smokers-health-protection-act-no,"The Meghalaya Prohibition of Smoking and Non-Smokers Health Protection Act No.6, 1998",An Act to provide for prohibiting of Smoking in places of public work or use and in public services vehicles in the state of Meghalaya and to make provision for other matters connected therewith.,6,1998,1998-06-10,,Meghalaya,Meghalaya Law Department,Law Department,19,1,section
meghalaya-protection-catchment-areas-act-1990-act-no,"The Meghalaya Protection of Catchment Areas Act , 1990 Act No.4 1992",An Act to provide for the protection of catchment areas with a view to preserve water sources and to make provisions for matter connected therewith.,4,1992,1992-04-27,,Meghalaya,Meghalaya Law Department,Law Department,17,1,section
meghalaya-protection-interest-depositors-financial-establishments-act-2018,"The Meghalaya Protection of Interest of Depositors (in Financial Establishments) Act, 2018 (Act No. 8 of 2018)",An Act to protect the deposits made by the public in the financial establishments and matters relating thereto.,8,2018,2018-10-07,,Meghalaya,Meghalaya Law Department,Law Department,22,1,section
meghalaya-provisional-collection-taxes-act-1979-act-6,"The Meghalaya Provisional Collection of Taxes Act, 1979 (Act 6 of 1980)",An Act to provide for the immediate effect for a limited period of provisions in Bills relating to the imposition or increase of State taxes or duties on instruments.,6,1980,1980-04-25,,Meghalaya,Meghalaya Law Department,Law Department,5,1,section
meghalaya-public-premises-eviction-unauthorised-occupants-act-no,The Meghalaya Public Premises (Eviction of Unauthorised Occupants) (Act No.15 of 1980),to provide for the eviction of unauthorised occupants from public premises and for certain incidental matters.,15,1980,1980-07-07,,Meghalaya,Meghalaya Law Department,Law Department,16,1,section
meghalaya-regulation-game-arrow-shooting-sale-teer-tickets,"The Meghalaya Regulation of the Game of Arrow Shooting and the Sale of Teer Tickets Act, 2018 (Act No. 12 of 2018)",An Act to regulate the game of arrow shooting and the sale of teer tickets and to provide for matters connected therewith or incidental thereto.,12,2018,2018-10-07,2017-06-01,Meghalaya,Meghalaya Law Department,Law Department,19,1,section
meghalaya-regulation-gaming-act-2021-act-no-9,"The Meghalaya Regulation of Gaming Act, 2021 (Act No. 9 of 2021)",An Act to regulate gaming within the State like the games of Skill and games of Chance and to provide for matters connected therewith or indicated thereto;,9,2021,2021-03-23,2021-03-26,Meghalaya,Meghalaya Law Department,Law Department,31,1,section
meghalaya-removal-restrictions-on-use-enjoyment-land-act,The Meghalaya Removal of Restrictions on Use and Enjoyment of Land Act (Act No. 11 of 1981) of 1980,An Act to remove restrictions on the use occupation and enjoyment of land by a purchaser and for matters connected therewith.,11,1981,1981-04-12,,Meghalaya,Meghalaya Law Department,Law Department,7,1,section
meghalaya-repealing-act-1973-act-14-1973,"The Meghalaya Repealing Act, 1973 (Act 14 of 1973)",An Act to repeal certain enactments,14,1973,1973-05-08,,Meghalaya,Meghalaya Law Department,Law Department,2,1,section
meghalaya-residents-safety-security-act-2016-act-no,"The Meghalaya Residents Safety and Security Act, 2016,(Act No. 6 of 2016)","An Act to ensure enhanced security vetting of the tenants and to ensure the safety and security of the citizens of the State by preventing anti-social elements from gaining shelter in the State which might be detrimental to peace and tranquillity, to maintain public order and peace, to verify and regulate the tenants residing in rented houses in the State, to establish District Task Force and facilitation centres, to facilitate effective enforcement of various laws for safety and security of the citizens and for matters connected therewith or incidental thereto.",6,2016,2017-09-26,,Meghalaya,Meghalaya Law Department,Law Department,21,1,section
meghalaya-right-public-services-act-2020-act-no,"The Meghalaya Right to Public Services Act, 2020 (Act No. 18 of 2020)","to provide for the delivery of notified public services to the citizens in the State of Meghalaya within the stipulated time limit including liabilities of the government servants, in case of default and for matters connected therewith or incidental thereto.",18,2020,2020-11-20,,Meghalaya,Meghalaya Law Department,Law Department,20,1,section
meghalaya-ropeway-act-2022-act-no-14-2022,"The Meghalaya Ropeway Act, 2022 (Act No. 14 of 2022)","An Act to authorise, facilitate and regulate the construction, operations and maintenance of ropeways in the State.",14,2022,2022-09-27,2022-09-23,Meghalaya,Meghalaya Law Department,Law Department,65,1,section
meghalaya-rural-indebtedness-relief-act-1976-act-no,"The Meghalaya Rural Indebtedness Relief Act, 1976 (Act No.5 of 1976)",An Act to provide for relief of rural indebtedness in Meghalaya.,5,1976,1976-03-18,,Meghalaya,Meghalaya Law Department,Law Department,5,1,section
meghalaya-school-education-act-1981-act-no-16,The Meghalaya School Education Act 1981 (Act No.16 of 1981),"An Act to provide for better organisation, management and development of School Education in the State of Meghalaya and for matters connected therewith or incidental thereto.",16,1981,1981-10-21,,Meghalaya,Meghalaya Law Department,Law Department,33,1,section
meghalaya-settlement-arrears-under-state-taxation-acts-act,"The Meghalaya Settlement of Arrears (Under the State Taxation Acts) Act, 2020 (Act No. 16 of 2020)","to provide for securing the interest of Revenue Collection by the Government of Meghalaya, and to reduce the arrears arising out of the enactments administered by the Commercial Taxes Department and matters incidental thereto.",16,2020,2020-11-20,,Meghalaya,Meghalaya Law Department,Law Department,20,1,section
meghalaya-shops-establishment-act-2004-act-no-4,"The Meghalaya Shops and Establishment Act, 2004 (Act No. 4 of 2004)",An Act to provide for regulation of conditions of work and employment in shops and commercial establishments and establishments for public entertainment or amusement in the State of Meghalaya and for matters connected therewith.,4,2004,2004-04-02,,Meghalaya,Meghalaya Law Department,Law Department,31,1,section
meghalaya-societies-registration-act-no-12-1983,The Meghalaya Societies Registration Act No.12 of 1983,"An Act to provide for the registration of literary, cultural, scientific charitable and other kinds of societies and for matters connected therewith.",12,1983,1983-12-08,,Meghalaya,Meghalaya Law Department,Law Department,37,1,section
meghalaya-special-courts-act-2014-act-no-7,"The Meghalaya Special Courts Act, 2014 (Act No. 7 of 2014)",An Act to provide for the constitution of special courts for speedy trial of any offences which are perpetrated against any person.,7,2014,2014-06-23,,Meghalaya,Meghalaya Law Department,Law Department,18,1,section
meghalaya-state-agricultural-produce-livestock-marketing-promotion-facilitation,"The Meghalaya State Agricultural Produce and Livestock Marketing (Promotion and Facilitation) Act, 2020 (Act No. 9 of 2020)","An Act To provide for geographically restriction‐free trade transaction of agricultural produce including livestock across the State and country; to give freedom to the agriculturists to sell their produce across time and space; to enhance transparency in trade operations and price settlement mechanism through adoption of electronic and other innovative form of technology; to promote emergence of multiple channels for competitive marketing, agri‐processing and agricultural export; to encourage investments in development of markets and marketing infrastructure in the State of Meghalaya; and whereas it is expedient to put in place facilitative regulation, professional management and conducive policy frame work there of and purposes connected therewith and to lay down procedures and systems thereto.",9,2020,2020-05-29,,Meghalaya,Meghalaya Law Department,Law Department,139,1,section
meghalaya-state-commission-women-act-2005-act-no,"The Meghalaya State Commission for Women Act, 2005 (Act No.7 of 2005)",To provide for the constitution of a women’s Commission to improve the status of women in the State of Meghalaya and to inquire into unfair practices affecting women and for matters connected therewith or incidental thereto:,7,2005,2005-04-29,2004-10-15,Meghalaya,Meghalaya Law Department,Law Department,19,1,section
meghalaya-state-council-technical-education-act-1993-act,"The Meghalaya State Council for Technical Education Act, 1993, Act No.6 of 1993",To provide for the establishment of a State Council for Technical education for the promotion of technical at polytechnic level and for matters connected therewith.,6,1993,1992-06-10,,Meghalaya,Meghalaya Law Department,Law Department,25,1,section
meghalaya-state-finance-commission-act-2012-act-no,"The Meghalaya State Finance Commission Act, 2012(Act No. 4 of 2012)",An Act to constitute a State Finance Commission and to determine the qualifications requisite for appointment as members of the Finance Commission and the manner in which they shall be selected and to prescribe their powers and for matter connected therewith.,4,2012,2012-03-29,,Meghalaya,Meghalaya Law Department,Law Department,10,1,section
meghalaya-state-housing-board-act-1986-act-no,"The Meghalaya State Housing Board Act, 1986, Act No. 7 of 1986.",An Act to provide for the constitution and regulation of Housing Board for Meghalaya for the purpose of taking measures to deal with need for housing accommodation and to deal with the need for housing accommodation and for matters connected therewith.,7,1986,1986-05-27,1986-01-24,Meghalaya,Meghalaya Law Department,Law Department,60,1,section
meghalaya-state-investment-promotion-facilitation-act-2024-act,"Meghalaya State Investment Promotion and Facilitation Act, 2024 (Act No. 6 of 2024)",,6,2024,2024-03-14,2024-03-14,Meghalaya,Meghalaya Law Department,Law Department,39,1,section
meghalaya-state-language-act-2005-act-no-10,"The Meghalaya State Language Act, 2005 (Act No. 10 of 2005)","An Act to provide for the language (s) to be used for official purposes for the State of Meghalaya.Whereas,Art, 345 of the Constitution of India provides that the Legislature of a Statemay, by law, adopt anyone or more of the language in use in the State as the Language to be used for official purposes of the State and for matters connected therewith.",10,2005,2005-05-01,,Meghalaya,Meghalaya Law Department,Law Department,6,1,section
meghalaya-state-legislature-continuance-english-language-act-1980,"The Meghalaya State Legislature (Continuance of the English Language) Act, 1980 (Act No.8 of 1980)",An Act to provide for continuance of English Language for the transaction of business in the Legislature of the State of Meghalaya.,8,1980,1980-06-26,,Meghalaya,Meghalaya Law Department,Law Department,2,1,section
meghalaya-street-vendors-protection-livelihood-regulation-street-vending,"The Meghalaya Street Vendors (Protection of Livelihood and Regulation of Street Vending Act, 2014) (Act No. 11 of 2014)",An Act to provide for protection of livelihood of urban street vendors and to regulate street vending and for matters connected therewith or incidental thereto.,11,2014,2014-12-08,2014-11-10,Meghalaya,Meghalaya Law Department,Law Department,23,1,section
meghalaya-subsidiary-force-act-1971-act-no-8,"The Meghalaya Subsidiary Force Act, 1971 Act No.8 Of 1971",An Act to provide for the constitution of a force in Meghalaya to be known as the Meghalaya Subsidiary Force.,8,1971,1971-07-03,1971-06-04,Meghalaya,Meghalaya Law Department,Law Department,13,1,section
meghalaya-succession-self-acquired-property-khasi-jaintia-special,"The Meghalaya Succession to Self Acquired Property Khasi and Jaintia Special Provision Act, Act No. 8 of 1986",An Act to provide special provision enabling the Khasis and the Jaintias to dispose of self-acquired property by will.,8,1986,1986-05-23,,Meghalaya,Meghalaya Law Department,Law Department,10,1,section
meghalaya-taking-over-district-council-lower-primary-schools,"The Meghalaya (Taking over of the District Council Lower Primary Schools) Act No.6, 1994",An Act to provide for the taking over of Primary Schools of the District Councils in Meghalaya by the State Government and for matters connected therewith,6,1994,1994-05-02,,Meghalaya,Meghalaya Law Department,Law Department,8,1,section
meghalaya-tax-on-luxuries-act-2005-act-no,"The Meghalaya Tax (On Luxuries) Act, 2005 (Act No. 1 of 2005)","An Act to provided of tax on luxuries. Whereas, it is expedient to provide for the imposition of tax on luxuries and for matters connected therewith.",1,2005,2005-01-04,,Meghalaya,Meghalaya Law Department,Law Department,21,1,section
meghalaya-taxation-laws-modification-act-1972-act-i,"The Meghalaya Taxation Laws (Modification) Act, 1972 (Act I of 1973)",An Ac t to provide for modification of certain Assam Taxation Laws and for matters connected therewith or incidental thereto.,1,1973,1973-01-05,,Meghalaya,Meghalaya Law Department,Law Department,8,1,section
meghalaya-transfer-land-regulation-act-1971-act-no,"The Meghalaya Transfer Of Land Regulation Act, 1971 Act No.12 Of 1971",An Act to regulate transfer of land in Meghalaya for the protection of the interest of the Scheduled Tribes therein.,12,1971,1971-12-28,,Meghalaya,Meghalaya Law Department,Law Department,14,1,section
meghalaya-tree-preservation-act-1976-act-13-1976,"The Meghalaya Tree (Preservation) Act, 1976 (Act 13 of 1976)","An Act to make provisions for regulating the felling of trees for purpose of protection of catchment areas and soil from erosion and to preserve the special characteristics of the hilly areas as regards landscape, vegetal cover and climate and to provide for matters connected therewith and incidental thereto.",13,1976,1976-10-09,,Meghalaya,Meghalaya Law Department,Law Department,12,1,section
meghalaya-value-added-tax-act-2003-act-no,The Meghalaya Value Added Tax Act 2003 (Act No.2 of 2005).pdf,An Act to provided for and consolidate the Laws relating to lavy of Value Added Tax on Sales or Purchase of goods in the State of Meghalaya:,2,2005,2005-02-25,,Meghalaya,Meghalaya Law Department,Law Department,117,1,section
meghalaya-wild-animals-birds-protection-act-1971-act,"The Meghalaya Wild Animals And Birds Protection Act, 1971 Act No.9 Of 1971",An Act to provide for the better protection and preservation of certain wild animals and birds.,9,1971,1971-07-27,,Meghalaya,Meghalaya Law Department,Law Department,22,1,section
mental-healthcare-act-2017,"The Mental Healthcare Act, 2017","An Act to provide for mental healthcare and services for persons with mental illness and to protect, promote and fulfil the rights of such persons during delivery of mental healthcare and services and for matters connected therewith or incidental thereto.",10,2017,2017-04-07,2018-05-29,CENTRAL,Ministry of Health and Family Welfare,Department of Health and Family Welfare,126,1,section
merchant-shipping-act-2025,"The Merchant Shipping Act, 2025",An Act to consolidate and amend the law relating to merchant shipping to ensure compliance with India's obligation under the maritime treaties and international instruments to which India is a party and also to ensure the development of Indian shipping and efficient maintenance of Indian mercantile marine in a manner best suited to serve the national interest and for matters connected therewith or incidental thereto.,24,2025,2025-08-18,2026-03-15,CENTRAL,"Ministry of Ports, Shipping and Waterways",,325,1,section
metro-railways-construction-works-act-1978,"The Metro Railways (Construction of Works) Act, 1978",An Act to provide for the construction of works relating to metro railways in the metropolitan cities and for matters connected therewith.,33,1978,1978-08-21,1979-02-01,CENTRAL,Ministry of Housing and Urban Affairs,,49,1,section
metro-railways-operation-maintenance-act-2002,"The Metro Railways (Operation and Maintenance) Act, 2002","An Act to provide for the operation and maintenance and to regulate the working of the metro railway in the National Capital Region, metropolitan city and metropolitan area and for matters connected therewith and incidental thereto.",60,2002,2002-12-17,2002-10-29,CENTRAL,Ministry of Housing and Urban Affairs,,105,1,section
micro-small-medium-enterprises-development-act-2006,"The Micro, Small and Medium Enterprises Development Act, 2006","An Act to provide for facilitating the promotion and development and enhancing the competitiveness of micro, small and medium enterprises and for matters connected therewith or incidental thereto.",27,2006,2006-06-16,2006-10-02,CENTRAL,"Ministry of Micro, Small and Medium Enterprises",,32,1,section
micro-small-medium-enterprises-development-act-2006-chandigarh,"Micro, Small and Medium Enterprises Development Act, 2006",,27,2006,2006-06-16,,Chandigarh,,Director of Industries,3,1,section
mines-minerals-development-regulation-act-1957,"The Mines and Minerals (Development and Regulation) Act, 1957",An Act to provide for the development and regulation of mines and minerals under the control of the Union.,67,1957,1957-12-28,1958-06-01,CENTRAL,Ministry of Mines,,64,1,section
minimum-wages-act-1948-chandigarh-1948,"The Minimum Wages Act, 1948",,11,1948,1948-03-11,,Chandigarh,,Labour Department,1,1,section
mizoram-university-act-2000,"The Mizoram University Act, 2000",An Act to establish and incorporate a teaching and affiliating University in the State of Mizoram and to provide for matters connected therewith or incidental thereto.,8,2000,2001-04-25,2001-07-02,CENTRAL,Ministry of Education,Department of Higher Education,48,1,section
motor-transport-workers-act-1961-chandigarh,"The Motor Transport Workers Act, 1961",,27,1961,1961-05-20,,Chandigarh,,Labour Department,1,1,section
motor-vehicle-act-1988,Motor Vehicle Act 1988,,59,1988,1988-10-14,,Chandigarh,,Chandigarh Transport Undertaking,1,1,section
motor-vehicles-act-1988-chandigarh-1988,"The Motor Vehicles Act, 1988",,59,1988,1988-10-14,,Chandigarh,,Registering & Licensing Authority,1,1,section
motor-vehicles-act-1988-chandigarh-1988-2,"The Motor Vehicles Act, 1988",,59,1988,1988-10-14,,Chandigarh,,State Transport Authority,1,1,section
multi-state-co-operative-societies-act-2002,"The Multi-State Co-operative Societies Act, 2002","An Act to consolidate and amend the law relating to co-operative societies, with objects not confined to one State and serving the interests of members in more than one State, to facilitate the voluntary formation and democratic functioning of co-operative s as peoples institutions based on self-help and mutual aid and to enable them to promote their economic and social betterment and to provide functional autonomy and for matters connected therewith or incidental thereto.",39,2002,2002-07-03,2002-08-19,CENTRAL,Ministry of Cooperation,,148,1,section
multimodal-transportation-goods-act-1993,"The Multimodal Transportation of Goods Act, 1993","An Act to provide for the regulation of the multimodal transportation of goods, from any place in India to a place outside India, on the basis of a multimodal transport contract and for matters connected therewith or incidental thereto.",28,1993,1993-04-02,1992-10-16,CENTRAL,Ministry of Shipping,,33,1,section
mumbai-metropolitan-region-development-authority-act-1974,"The Mumbai Metropolitan Region Development Authority Act, 1974.","An Act for forming Brihan Mumbai and certain areas round about into a Mumbai Metropolitan Region, to provide for the establishment of an Authority for the purpose of planning, co-ordinating and supervising the proper, orderly and rapid development of the areas in that Region and of executing plans, projects and schemes for such development, and to provide for matters connected therewith.",4,1975,1975-01-22,,Maharashtra,Govt of Maharashtra,Urban Development Department,64,1,section
mumbai-metropolitan-region-specified-commodities-markets-regulation-location,"The Mumbai Metropolitan Region Specified Commodities Markets (Regulation of Location) (Enactment of bye-laws with retrospective effect to provide for levy and collection of the Registration fee and Market fee and Validation and Continuance) Act, 1997.",,24,1997,1997-04-25,,Maharashtra,Govt of Maharashtra,Urban Development Department,4,1,section
mumbai-metropolitan-region-specified-commodities-markets-regulation-location-maharashtra,"The Mumbai Metropolitan Region Specified Commodities Markets (Regulation of Location) Act, 1983",An Act to regulate location of market areas and wholesale markets in respect of specified commodities in the Mumbai Metropolitan Region and to established market committees to manage and control different markets established in different market areas for different commodities and to provide for matters connected therewith or supplemental or incidental thereto.,42,1983,1983-12-02,,Maharashtra,Govt of Maharashtra,Urban Development Department,76,1,section
murshidabad-act-1891,"The Murshidabad Act, 1891","An Act to confirm and give effect to an Indenture between the Secretary of State and the Nawab Bahadoor of Moorshedabad, Amir-ul-Omrah.",15,1891,1891-03-21,1891-03-21,CENTRAL,Ministry of Home Affairs,Department of States,6,1,section
murshidabad-estate-administration-act-1933,"The Murshidabad Estate Administration Act, 1933",An Act to provide for the appointment of a Manager on behalf of the Secretary of State of the properties of the Nawab Bahadur or Murshidabad and define the powers and duties of the Manager.,23,1933,1933-09-21,1933-09-21,CENTRAL,Ministry of Home Affairs,Department of States,28,1,section
muslim-personal-law-shariat-application-act-1937,"The Muslim Personal Law (Shariat) Application Act, 1937",An Act to make provision for the application of the Muslim Personal Law (Shariat) to Muslims.,26,1937,1937-10-07,1937-10-07,CENTRAL,Ministry of Law and Justice,Legislative Department,6,1,section
muslim-women-protection-rights-on-divorce-act-1986,"The Muslim Women (Protection of Rights on Divorce) Act, 1986","An Act to protect the rights of Muslim women who have been divorced by, or have obtained divorce from, their husbands and to provide for matters connected therewith or incidental thereto.",25,1986,1986-05-19,1986-05-19,CENTRAL,Ministry of Law and Justice,Legislative Department,7,1,section
muslim-women-protection-rights-on-marriage-act-2019,"The Muslim Women (Protection of Rights on Marriage) Act, 2019.",An Act to protect the rights of married Muslim women and to prohibit divorce by pronouncing talaq by their husbands and to provide for matters connected therewith or incidental thereto.,20,2019,2019-07-31,2018-09-19,CENTRAL,Ministry of Law and Justice,Legislative Department,8,1,section
mussalman-wakf-repeal-act-2025,"The Mussalman Wakf (Repeal) Act, 2025","An Act to repeal the Mussalman Wakf Act, 1923.",15,2025,2025-04-05,2025-04-09,CENTRAL,Ministry of Minority Affairs,,2,1,section
mv-act,"The Motor Vehicles Act, 1988",An Act to consolidate and amend the law relating to motor vehicles.,59,1988,1988-10-14,1989-07-01,CENTRAL,Ministry of Road Transport and Highways,,257,1,section
naga-hills-tuensang-area-act-1957,"The Naga Hills-Tuensang Area Act, 1957",An Act to provide for the formation of the Naga Hills-Tuensang Area of Assam as an administrative unit.,42,1957,1957-11-29,1957-12-01,CENTRAL,Ministry of Home Affairs,Department of States,7,1,section
nagaland-university-act-1989,"The Nagaland University Act, 1989",An Act to establish and incorporate a teaching and affiliating University in the State of Nagaland and to provide for matters connected therewith or incidental thereto.,35,1989,1989-10-20,1994-09-06,CENTRAL,Ministry of Education,Department of Higher Education,48,1,section
nagarjuna-sagar-project-acquisition-land-act-1956,"The Nagarjuna sagar Project (Acquisition of Land) Act, 1956.",An Act to provide for the acquisition of lands in the Nagarjunasagar Project area.,32,1956,1956-10-29,,Telangana,,Revenue,6,1,section
nalanda-university-act-2010,"The Nalanda University Act, 2010","An Act to implement the decisions arrived at the Second East Asia Summit held on the 15th January, 2007, at Philippines and subsequently at the Fourth East Asia Summit held on the 25th October, 2009, at Thailand for the establishment of the Nalanda University in the State of Bihar as an international institution for pursuit of intellectual, philosophical, historical and spiritual studies and for matters connected therewith or incidental thereto.",39,2010,2010-09-21,2010-11-25,CENTRAL,Ministry of External Affairs,,44,1,section
narcotic-drugs-psychotropic-substances-act-1985,"Narcotic Drugs and Psychotropic Substances, Act, 1985",,61,1985,1985-09-16,,Chandigarh,,Police Department,4,1,section
national-academy-legal-studies-research-university-act-1998-telangana,"The National Academy of Legal Studies and Research University Act, 1998.",An Act for the establishment of a University by the name of the National Academy of Legal Studies and Research University at Hyderabad in Telangana and for matters connected therewith and incidental thereto.,34,1998,1998-12-18,1998-06-15,Telangana,,Law,32,1,section
national-anti-doping-act-2022,"The National Anti-Doping Act, 2022","An Act to provide for the constitution of the National Anti-Doping Agency for regulating anti-doping activities in sports and to give effect to the United Nations Educational, Scientific and Cultural Organisation International Convention against doping in sport, and compliance of such other obligations and commitments thereunder and for matters connected therewith or incidental thereto.",15,2022,2022-08-12,,CENTRAL,Ministry of Youth Affairs and Sports,Department of Sports,35,1,section
national-bank-agriculture-rural-development-act-1981,"The National Bank for Agriculture and Rural Development Act, 1981","An Act to establish a development bank to be known as the National Bank for Agriculture and Rural Development for providing and regulating credit and other facilities for the promotion and development of agriculture, small-scale industries, cottage and village industries, handicrafts and other rural crafts and other allied economic activities in rural areas with a view to promoting integrated rural development and securing prosperity of rural areas and for matters connected therewith or incidental thereto.",61,1981,1981-12-30,1982-05-01,CENTRAL,Ministry of Finance,Department of Financial Services,69,1,section
national-bank-financing-infrastructure-development-act-2021,"The National Bank for Financing Infrastructure and Development Act, 2021",An Act to establish the National Bank for Financing Infrastructure and Development to support the development of longterm non-recourse infrastructure financing in India including development of the bonds and derivatives markets necessary for infrastructure financing and to carry on the business of financing infrastructure and for matters connected therewith or incidental thereto.,17,2021,2021-03-28,,CENTRAL,Ministry of Finance,Department of Financial Services,48,1,section
national-cadet-corps-act-1948,"The National Cadet Corps Act, 1948",An Act to provide for the constitution of a National Cadet Corps.,31,1948,1948-04-16,1948-04-16,CENTRAL,Ministry of Defence,Department of Defence,13,1,section
national-capital-region-planning-board-act-1985,"The National Capital Region Planning Board Act, 1985",An Act to provide for the constitution of a Planning Board for the preparation of a plan for the development of the National Capital Region and for co-ordinating and monitoring the implementation of such plan and for evolving harmonized policies for the control of land-uses and development of infrastructure in the National Capital Region so as to avoid any haphazard development of that region and for matters connected therewith or incidental thereto.,2,1985,1985-02-09,1984-10-19,CENTRAL,Ministry of Housing and Urban Affairs,,41,1,section
national-capital-territory-delhi-laws-special-provisions-second,"The National Capital Territory of Delhi Laws (Special Provisions) Second Act, 2011","An Act to make special provisions for the National Capital Territory of Delhi [for a further period up to the 31st day of December, 2017] and for matters connected therewith or incidental thereto.",20,2011,2011-12-23,2012-01-01,CENTRAL,Ministry of Housing and Urban Affairs,,6,1,section
national-capital-territory-delhi-recognition-property-rights-residents,"The National Capital Territory of Delhi (Recognition of Property Rights of Residents in Unauthorised Colonies) Act, 2019","An Act to provide special provisions for the National Capital Territory of Delhi for recognising the property rights of resident in unauthorised colonies by securing the rights of ownership or transfer or mortgage in favour of the residents of such colonies who are possessing properties on the basis of Power of Attorney, Agreement to Sale, Will, possession letter or any other documents including documents evidencing payment of consideration and for the matters connected therewith or incidental thereto.",45,2019,2019-11-12,2019-12-11,CENTRAL,Ministry of Housing and Urban Affairs,,3,1,section
national-co-operative-development-corporation-act-1962,"The National Co-operative Development Corporation Act, 1962","An Act to provide for the incorporation and regulation of a corporation for the purpose of planning and promoting programmes for the production, processing, marketing, storage, export and import of agricultural produce, foodstuffs industrial goods, livestock, certain other commodities and services on co-operative principles and for matters connected therewith or incidental thereto.",26,1962,1962-08-31,1963-03-14,CENTRAL,Ministry of Agriculture and Farmers Welfare,"Department of Agriculture, Cooperation and Farmers Welfare",27,1,section
national-commission-allied-healthcare-professions-act-2021,"The National Commission for Allied and Healthcare Professions Act, 2021","An Act to provide for regulation and maintenance of standards of education and services by allied and healthcare professionals, assessment of institutions, maintenance of a Central Register and State Register and creation of a system to improve access, research and development and adoption of latest scientific advancement and for matters connected therewith or incidental thereto",14,2021,2021-03-28,,CENTRAL,Ministry of Health and Family Welfare,Department of Health and Family Welfare,71,1,section
national-commission-backward-classes-repeal-act-2018,"The National Commission for Backward Classes (Repeal) Act, 2018","An Act to repeal the National Commission for Backward Classes Act, 1993.",24,2018,2018-08-14,2018-08-15,CENTRAL,Ministry of Social Justice and Empowerment,Department of Social Justice and Empowerment,2,1,section
national-commission-homoeopathy-act-2020,"The National Commission for Homoeopathy Act, 2020.","An Act to provide for a medical education system that improves access to quality and affordable medical education, ensures availability of adequate and high quality Homoeopathy medical professionals in all parts of the country; that promotes equitable and universal healthcare that encourages community health perspective and makes services of Homoeopathy medical professionals accessible and affordable to all the citizens; that promotes national health goals; that encourages Homoeopathy medical professionals to adopt latest medical research in their work and to contribute to research; that has an objective periodic and transparent assessment of medical institutions and facilitates maintenance of a Homoeopathy medical register for India and enforces high ethical standards in all aspects of medical services; that is flexible to adapt to the changing needs and has an effective grievance redressal mechanism and for matters connected therewith or incidental thereto.",15,2020,2020-09-20,,CENTRAL,Ministry of Ayush,,59,1,section
national-commission-indian-system-medicine-act-2020,"The National Commission for Indian System of Medicine Act, 2020","An Act to provide for a medical education system that improves access to quality and affordable medical education, ensures availability of adequate and high quality medical professionals of Indian System of Medicine in all parts of the country; that promotes equitable and universal healthcare that encourages community health perspective and makes services of such medical professionals accessible and affordable to all the citizens; that promotes national health goals; that encourages such medical professionals to adopt latest medical research in their work and to contribute to research; that has an objective periodic and transparent assessment of medical institutions and facilitates maintenance of a medical register of Indian System of Medicine for India and enforces high ethical standards in all aspects of medical services; that is flexible to adapt to the changing needs and has an effective grievance redressal mechanism and for matters connected therewith or incidental thereto.",14,2020,2020-09-20,,CENTRAL,Ministry of Ayush,,59,1,section
national-commission-minorities-act-1992,"The National Commission for Minorities Act, 1992",An Act to constitute a National Commission for Minorities and to provide for matters connected therewith or incidental thereto.,19,1992,1992-05-17,1993-05-17,CENTRAL,Ministry of Minority Affairs,,16,1,section
national-commission-minority-educational-institutes-act-2004,"The National Commission for Minority Educational Institutes Act, 2004",An Act to constitute a National Commission for Minority Educational Institutions and to provide for matters connected therewith or incidental thereto.,2,2005,2005-01-06,2004-11-11,CENTRAL,Ministry of Education,Department of Higher Education,33,1,section
national-commission-safai-karamcharis-act-1993,"The National Commission for Safai Karamcharis Act, 1993",An Act to constitute a National Commission for Safai Karamcharis and to provide for matters connected therewith or incidental thereto.,64,1993,1993-09-04,1994-08-12,CENTRAL,Ministry of Social Justice and Empowerment,Department of Social Justice and Empowerment,15,1,section
national-commission-women-act-1990,"The National Commission for Women Act, 1990",An Act to constitute a National Commission for Women and to provide for matters connected therewith or incidental thereto.,20,1990,1990-08-30,1992-01-31,CENTRAL,Ministry of Women and Child Development,,17,1,section
national-company-limited-acquisition-transfer-undertakings-act-1980,"The National Company Limited (Acquisition and Transfer of Undertakings) Act, 1980","An Act to provide for the acquisition and transfer of the undertakings of Messrs. National Company Limited with a view to securing the proper management of such undertakings so as to subserve the interests of the general public by ensuring the continued manufacture, production and distribution of articles made of jute, which are essential to the needs of the economy of the country and for matters connected therewith or incidental thereto.",42,1980,1980-07-19,1980-04-27,CENTRAL,Ministry of Textiles,,35,1,section
national-council-teacher-education-act-1993,"The National Council for Teacher Education Act, 1993","An Act to provide for the establishment of a National Council for Teacher Education with a view to achieving planned and co-ordinated development of the teacher education system throughout the country, the regulation and proper maintenance of norms and standards in the teacher education system including qualifications of school teachers and for matters connected therewith.",73,1993,1993-12-29,1995-07-01,CENTRAL,Ministry of Education,Department of School Education and Literacy,35,1,section
national-dairy-development-board-act-1987,"The National Dairy Development Board Act, 1987",An Act to declare the institution known as the National Dairy Development Board in the State of Gujarat to be an institution of national importance and to provide for its incorporation and for the vesting in that body corporate of the undertakings of the Indian Dairy Corporation with a view to provide for the administration and the carrying on of the functions to be performed by the body corporate more effectively throughout the country and for matters connected therewith and incidental thereto.,37,1987,1987-09-15,1987-10-12,CENTRAL,Ministry of Agriculture and Farmers Welfare,Department of Animal Husbandry and Dairying,50,1,section
national-defence-fund-donations-immovable-property-exemption-from,"The National Defence Fund Donations of Immovable Property (Exemption from Stamp Duty and Registration ) Act, 1963",An Act to provide for the exemption from stamp duty and registration of donation of immovable property made to the National Defence Fund.,5,1963,1963-03-16,1963-03-16,Jammu and Kashmir,,Finance,5,1,section
national-dental-commission-act-2023,"The National Dental Commission Act, 2023","An Act to regulate the profession of dentistry in the country, to provide for quality and affordable dental education, to make accessible high quality oral healthcare and for matters connected therewith or incidental thereto.",21,2023,2023-08-11,2024-02-29,CENTRAL,Ministry of Health and Family Welfare,Department of Health and Family Welfare,59,1,section
national-food-security-act-2013,"The National Food Security Act, 2013","An Act to provide for food and nutritional security in human life cycle approach, by ensuring access to adequate quantity of quality food at affordable prices to people to live a life with dignity and for matters connected therewith or incidental thereto.",20,2013,2013-09-10,2013-07-05,CENTRAL,"Ministry of Consumer Affairs, Food and Public Distribution",Department of Food and Public Distribution,45,1,section
national-food-security-act-2013-chandigarh,"The National Food Security Act, 2013",,20,2013,2013-09-10,,Chandigarh,,Food & Supply,3,1,section
national-forensic-sciences-university-act-2020,"The National Forensic Sciences University Act, 2020","An Act to establish and declare an institution to be known as the National Forensic Sciences University as an institution of national importance to facilitate and promote studies and research and to achieve excellence in the field of forensic science in conjunction with applied behavioural science studies, law, criminology and other allied areas and technology and other related fields, and to provide for matters connected therewith or incidental thereto.",32,2020,2020-09-28,2020-10-01,CENTRAL,Ministry of Home Affairs,Women Safety Division,56,1,section
national-green-tribunal-act-2010,"The National Green Tribunal Act, 2010",An Act to provide for the establishment of a National Green Tribunal for the effective and expeditious disposal of cases relating to environmental protection and conservation of forests and other natural resources including enforcement of any legal right relating to environment and giving relief and compensation for damages to persons and property and for matters connected therewith or incidental thereto.,19,2010,2010-06-02,2010-10-18,CENTRAL,"Ministry of Environment, Forest and Climate Change",,39,1,section
national-highways-act-1956,"The National Highways Act, 1956",An Act to provide for the declaration of certain highways to be national highways and for matters connected therewith.,48,1956,1956-09-11,1957-04-15,CENTRAL,Ministry of Road Transport and Highways,,22,1,section
national-highways-authority-india-act-1988,"The National Highways Authority of India Act, 1988","An Act to provide for the constitution of an Authority for the development, maintenance and management of national highways and for matters connected therewith or incidental thereto.",68,1988,1988-12-16,1989-06-15,CENTRAL,Ministry of Road Transport and Highways,,37,1,section
national-housing-bank-act-1987,"The National Housing Bank Act, 1987",An Act to establish a bank to be known as the National Housing Bank to operate as a principal agency to promote housing finance institutions both at local and regional levels and to provide financial and other support to such institutions and for matters connected therewith or incidental thereto.,53,1987,1987-12-23,1988-07-09,CENTRAL,Ministry of Finance,Department of Financial Services,101,1,section
national-institute-fashion-technology-act-2006,"The National Institute of Fashion Technology Act, 2006",An Act to establish and incorporate the National Institute of Fashion Technology for the promotion and development of education and research in fashion technology and for matters connected therewithand incidental thereto.,28,2006,2006-07-13,2007-04-01,CENTRAL,Ministry of Textiles,,34,1,section
national-institute-mental-health-neuro-sciences-bangalore-act-2012,"The National Institute of Mental Health and Neuro-Sciences, Bangalore Act, 2012","An Act to declare the institution known as the National Institute of Mental Health and NeuroSciences, Bangalore, to be an institution of national importance and to provide for its incorporation and for matters connected therewith.",38,2012,2012-09-13,2013-11-29,CENTRAL,Ministry of Health and Family Welfare,Department of Health and Family Welfare,33,1,section
national-institutes-design-act-2014,"The National Institutes of Design Act, 2014","An Act to declare the institution known as the National Institute of Design, hmedabad, to be an institution of national importance for the promotion of quality and excellence in education,research and training in all disciplines relating to Design and for matters connected therewith or incidental thereto.",18,2014,2014-07-17,2014-09-16,CENTRAL,Ministry of Commerce and Industry,Department of Promotion of Industry and Internal Trade,41,1,section
national-institutes-food-technology-entrepreneurship-management-act-2021,"The National Institutes of Food Technology, Entrepreneurship and Management Act, 2021.","An Act to declare certain institutions of Food Technology, Entrepreneurship and Management to be the institutions of national importance and to provide for instructions and research in food technology, entrepreneurship and management and for the advancement of learning and dissemination of knowledge in such branches and for matters connected therewith or incidental thereto.",19,2021,2021-07-30,,CENTRAL,Ministry of Food Processing Industries,Department of Food Processing Industries,41,1,section
national-institutes-pharmaceutical-education-research-act-1998,"The National Institutes of Pharmaceutical Education and Research Act, 1998",An Act to declare the institution known as the National Institute of Pharmaceutical Education and Research to be an institution of national importance and to provide for its incorporation and matters connected therewith.,13,1998,1998-06-26,1998-07-08,CENTRAL,Ministry of Chemicals and Fertilizers,Department of Pharmaceuticals,44,1,section
national-institutes-technology-science-education-research-act-2007,"The National Institutes of Technology, Science Education and Research Act, 2007","An Act to declare 1certain institutions of technology, science education and research to be Institutions of national importance and to provide for instructions and research in branches of engineering, technology, management, education, sciences and arts and for the advancement of learning and dissemination of knowledge in such branches and for certain other matters connected with such institutions.",29,2007,2007-06-05,2007-08-15,CENTRAL,Ministry of Education,Department of Higher Education,40,1,section
national-investigation-agency-act-2008,"The National Investigation Agency Act, 2008","An Act to constitute an investigation agency at the national level to investigate and prosecute offences affecting the sovereignty, security and integrity of India, security of State, friendly relations with foreign States and offences under Acts enacted to implement international treaties, agreements, conventions and resolutions of the United Nations, its agencies and other international organisations and for matters connected therewith or incidental thereto.",34,2008,2008-12-31,2008-12-31,CENTRAL,Ministry of Home Affairs,Department of Internal Security,26,1,section
national-judicial-appointments-commission-act-2014,"The National Judicial Appointments Commission Act, 2014",An Act to regulate the procedure to be followed by the National Judicial Appointments Commission for recommending persons for appointment as the Chief Justice of India and other Judges of the Supreme Court and Chief Justices and other Judges of High Courts and for their transfers and for matters connected therewith or incidental thereto.,40,2014,2014-12-31,2015-04-13,CENTRAL,Ministry of Law and Justice,Department of Justice,14,1,section
national-jute-board-act-2008,"The National Jute Board Act, 2008","An Act to provide for the establishment of a National Jute Board for the development of the cultivation, manufacture and marketing of jute and jute products and for matters connected therewith and incidental thereto.",12,2009,2009-02-12,,CENTRAL,Ministry of Textiles,,26,1,section
national-law-university-meghalaya-act-2022-act-no,"The National Law University of Meghalaya Act, 2022 (Act No. 10 of 2022)","An Act to provide for the establishment of a Law University by the name of the National Law University of Meghalaya at Shillong for imparting legal education for development of teaching and higher learning in law with powers to award degrees, diplomas, and other academic distinctions and also to impart legal education and training as mandated by the Ministry of Law and Justice, Government of India. And whereas in furtherance of the said objects, the Government has decided that teaching and research facilities available in the Law University can also be utilized to offer comprehensive legal training apart from development of teaching and higher learning in law with powers to award degrees, diplomas, and other academic distinctions and for matters connected therewith or incidental thereto;",10,2022,2022-09-27,2022-09-23,Meghalaya,Meghalaya Law Department,Law Department,35,1,section
national-medical-commission-act-2019,"The National Medical Commission Act, 2019","An Act to provide for a medical education system that improves access to quality and affordable medical education, ensures availability of adequate and high quality medical professionals in all parts of the country; that promotes equitable and universal healthcare that encourages community health perspective and makes services of medical professionals accessible to all the citizens; that promotes national health goals; that encourages medical professionals to adopt latest medical research in their work and to contribute to research; that has an objective periodic and transparent assessment of medical institutions and facilitates maintenance of a medical register for India and enforces high ethical standards in all aspects of medical services; that is flexible to adapt to changing needs and has an effective grievance redressal mechanism and for matters connected therewith or incidental thereto.",30,2019,2019-08-08,,CENTRAL,Ministry of Health and Family Welfare,Department of Health and Family Welfare,61,1,section
national-nursing-midwifery-commission-act-2023,"The National Nursing and Midwifery Commission Act, 2023","An Act to provide for regulation and maintenance of standards of education and services by nursing and midwifery professionals, assessment of institutions, maintenance of a National Register and State Registers and creation of a system to improve access, research and development and adoption of latest scientific advancement and for matters connected therewith or incidental thereto.",26,2023,2023-08-12,2024-02-29,CENTRAL,Ministry of Health and Family Welfare,Department of Health and Family Welfare,57,1,section
national-rural-employment-guarantee-extension-jammu-kashmir-act,"The National Rural Employment Guarantee (Extension to Jammu and Kashmir) Act, 2007","An Act to provide for the extension of the National Rural Employment Guarantee Act, 2005 to the State of Jammu and Kashmir.",23,2007,2007-05-11,2007-06-04,CENTRAL,Ministry of Rural Development,Department of Rural Development,3,1,section
national-security-act-1980,"The National Security Act, 1980",An Act to provide for preventive detention in certain cases and for matters connected therewith.,65,1980,1980-12-27,1980-12-27,CENTRAL,Ministry of Home Affairs,Department of Internal Security,20,1,section
national-security-act-1980-chandigarh,"National Security Act, 1980",,65,1980,1980-12-27,,Chandigarh,,Law & Prosecution Department Chandigarh Administration,1,1,section
national-security-guard-act-1986,"The National Security Guard Act, 1986",An Act to provide for the constitution and regulation of an armed force of the Union for combating terrorist activities with a view to protecting States against internal disturbances and for matters connected therewith.,47,1986,1986-09-22,1986-10-16,CENTRAL,Ministry of Home Affairs,Department of Internal Security,140,1,section
national-service-act-1972,"The National Service Act, 1972",An Act to provide for the registration of qualified persons and for the rendering of national service by such persons and for matters connected therewith.,28,1972,1972-06-09,1973-06-01,CENTRAL,Ministry of Youth Affairs and Sports,Department of Youth Affairs,38,1,section
national-sports-club-assam-taking-over-management-1978-act,The National Sports Club of Assam (Taking-Over Management) 1978 (Act No.9 of 1978),An Act to provide for the taking-over of the management of the National Sports Club of Assam within the State of Meghalaya from the present Executive Committee and other committees of the Club and from the holders of offices of the Club for a limited period in the public interest and in order to secure the proper management of the Club and for matters connected therewith or incidental thereto.,9,1978,1978-08-09,1978-06-02,Meghalaya,Meghalaya Law Department,Law Department,12,1,section
national-sports-governance-act-2025,"The National Sports Governance Act, 2025","An Act to provide for the development and promotion of sports, welfare measures for sportspersons, ethical practices based on basic universal principles of good governance, ethics and fair play of the Olympic and sports movement, the Olympic Charter, the Paralympic Charter, international best practices and established legal standards and to provide for the resolution of sports grievances and sports disputes in a unified, equitable and effective manner and for matters connected therewith or incidental thereto.",25,2025,2025-08-18,2026-01-01,CENTRAL,Ministry of Youth Affairs and Sports,Department of Sports,38,1,section
national-sports-university-act-2018,"The National Sports University Act, 2018","An Act to establish and incorporate a National Sports University in the State of Manipur, a specialised University first of its kind, to promote sports education in the areas of sports sciences, sports technology, sports management and sports coaching besides functioning as the national training centre for select sports disciplines by adopting best international practices and for matters connected therewith or incidental thereto.",25,2018,2018-08-17,2018-05-31,CENTRAL,Ministry of Youth Affairs and Sports,Department of Sports,44,1,section
national-tax-tribunal-act-2005,"The National Tax Tribunal Act, 2005","An Act to provide for the adjudication by the National Tax Tribunal of disputes with respect to levy, assessment, collection and enforcement of direct taxes and also to provide for the adjudication by that Tribunal of disputes with respect to the determination of the rates of duties of customs and central excise on goods and the valuation of goods for the purposes of assessment of such duties as well as in matters relating to levy of tax on service, in pursuance of article 323B of the Constitution and for matters connected therewith or incidental thereto.",49,2005,2005-12-20,2005-12-28,CENTRAL,Ministry of Law and Justice,Department of Legal Affairs,30,1,section
national-trust-welfare-persons-with-autism-cerebral-palsy,"The National Trust for Welfare of Persons with Autism, Cerebral Palsy, Mental Retardation and Multiple Disabilities Act, 1999","An Act to provide for the constitution of a body at the National level for the Welfare of Persons with Autism, Cerebral Palsy, Mental Retardation and Multiple Disabilities and for matters connected therewith or incidental thereto.",44,1999,1999-12-30,1999-12-30,CENTRAL,Ministry of Social Justice and Empowerment,Department of Empowerment of Persons with Disabilities,36,1,section
national-waterways-act-2016,"The National Waterways Act, 2016.",An Act to make provisions for existing national waterways and to provide for the declaration of certain inland waterways to be national waterways and also to provide for the regulation and development of the said waterways for the purposes of shipping and navigation and for matters connected therewith or incidental thereto.,17,2016,2016-03-25,2016-04-12,CENTRAL,Ministry of Shipping,,5,1,section
naval-aircraft-prize-act-1971,"The Naval and Aircraft Prize Act, 1971",An Act to provide for the establishment and procedure of Prize Courts and for matters connected therewith or incidental thereto.,59,1971,1971-12-16,1971-12-16,CENTRAL,Ministry of Defence,Department of Military Affairs,20,1,section
navy-act-1957,"The Navy Act, 1957",An Act to consolidate and amend the law relating to the Government of the Indian Navy.,62,1957,1957-12-27,1958-01-01,CENTRAL,Ministry of Defence,Department of Military Affairs,194,1,section
ndps-act,"The Narcotic Drugs and Psychotropic Substances Act, 1985","An Act to consolidate and amend the law relating to narcotic drugs, to make stringent provisions for the control and regulation of operations relating to narcotic drugs and psychotropic substances , to provide for the forfeiture of property derived from, or used in, illicit traffic in narcotic drugs and psychotropic substances, to implement the provisions of the International Conventions on Narcotic Drugs and Psychotropic Substances and for matters connected therewith.",61,1985,1985-09-16,1985-11-14,CENTRAL,Ministry of Finance,Department of Revenue,129,1,section
netaji-subhas-university-act-2018,"The Netaji Subhas University Act, 2018",,11,2018,2018-09-19,,Jharkhand,,"Higher Technical Education and Skill Development Department, Government of Jharkhand",46,1,section
new-delhi-municipal-council-act-1994,"The New Delhi Municipal Council Act, 1994",An Act to provide for the establishment of the New Delhi Municipal Council and for matters connected therewith or incidental thereto.,44,1994,1994-07-14,1994-05-25,CENTRAL,Ministry of Home Affairs,Department of States,443,1,section
ni-act,"The Negotiable Instruments Act, 1881","An Act to define and amend the law relating to Promissory Notes, Bills of Exchange and Cheques.",26,1881,1881-12-09,1882-03-01,CENTRAL,Ministry of Finance,Department of Financial Services,155,1,section
nizamabad-metropolitan-area-police-act-2016,"The Nizamabad (Metropolitan Area) Police Act, 2016.",An Act to provide for the establishment of Nizamabad Police Commissionerate for the Metropolitan Area of Nizamabad and for the matters connected therewith or incidental thereto.,3,2017,2017-01-19,2016-10-08,Telangana,,Home,12,1,section
nizams-institute-medical-sciences-act-1989,"The Nizams Institute of Medical Sciences Act, 1989.","An Act to provide for the Establishment of the Nizam’s Institute of Medical Sciences, Hyderabad by law and to confer the Status of a University thereon and for Matters connected therewith or incidental thereto.",13,1989,1989-04-27,,Telangana,,"Health, Medical and Family Welfare",41,1,section
nizams-trust-deeds-validation-act-1950,"The Nizams Trust Deeds (Validation) Act, 1950.",,24,1950,1950-01-08,,Telangana,,Revenue,3,1,section
north-east-adventist-university-act-2015-act-no,"The North East Adventist University Act, 2015 (Act No. 4 of 2019)","To establish and incorporate an University in the State, with emphasis on providing high quality education, training and research in the fields of Physical Sciences, Applied Sciences, Life Sciences, Health Sciences, Social Sciences, Bio-Technology, Information Technology, Engineering, Management, Commerce, Communication, Law, Humanities, Languages, Performing Arts and other allied areas, sponsored by the Medical Educational Trust Association Surat of Seventh-day Adventists, and to provide for matters connected therewith or incidental thereto.",4,2019,2019-04-29,2019-04-29,Meghalaya,Meghalaya Law Department,Law Department,51,1,section
north-eastern-areas-reorganisation-act-1971,"The North-Eastern Areas (Reorganisation) Act, 1971",An Act to provide for the establishment of the States of Manipur and Tripura and to provide for the formation of the State of Meghalaya and of the Union territories of Mizoram and Arunachal Pradesh by reorganisation of the existing State of Assam and for matters connected therewith.,81,1971,1971-12-30,1972-01-21,CENTRAL,Ministry of Home Affairs,Department of States,100,1,section
north-eastern-council-act-1971,"The North-Eastern Council Act, 1971",An Act to provide for the setting up of a Council for the north-eastern areas of India to be called the North-Eastern Council and for matters connected therewith.,84,1971,1971-12-30,1972-08-01,CENTRAL,Ministry of Development of North Eastern Region,,8,1,section
north-eastern-hill-university-act-1973,"The North-Eastern Hill University Act, 1973",An Act to establish and incorporate a teaching and affiliating University for the hill areas of the North-Eastern region.,24,1973,1973-05-26,1973-07-19,CENTRAL,Ministry of Education,Department of Higher Education,42,1,section
north-western-provinces-oudh-act-1890,"The North-western Provinces and Oudh Act, 1890",An Act to provide for the better administration of the North-Western Provinces and Oudh and to amend certain enactments in force in those Provinces and in Oudh.,20,1890,1890-10-16,1890-10-16,CENTRAL,Ministry of Home Affairs,Department of States,63,1,section
northern-india-canal-drainage-act-1873,"The Northern India Canal and Drainage Act, 1873","An Act to regulate Irrigation, Navigation and Drainage Northern India.",8,1873,1873-02-11,1873-02-11,CENTRAL,Ministry of Jal Shaktri,"Department of Water Resources, River Development and Ganga Rejuvenation",75,1,section
northern-indian-ferries-act-1878,"The Northern Indian Ferries Act, 1878",An Act to regulate Ferries in Northern India.,17,1878,1878-11-09,1878-11-09,CENTRAL,Ministry of Shipping,,37,1,section
notaries-act-1952,"The Notaries Act, 1952",An Act to regulate the profession of notaries.,53,1952,1952-08-09,1956-02-14,CENTRAL,Ministry of Law and Justice,Department of Legal Affairs,16,1,section
oaths-act-1969,"The Oaths Act, 1969",An Act to consolidate and amend the law relating to judicial oaths and for certain other purposes.,44,1969,1969-12-26,1969-12-26,CENTRAL,Ministry of Law and Justice,Legislative Department,9,1,section
occupational-safety-health-working-conditions-code-2020,"The Occupational Safety, Health and Working Conditions Code, 2020","An Act to consolidate and amend the laws regulating the occupational safety, health and working conditions of the persons employed in an establishment and for matters connected therewith or incidental thereto.",37,2020,2020-09-28,2025-11-21,CENTRAL,Ministry of Labour and Employment,,143,1,section
official-languages-act-1963,"The Official Languages Act, 1963","An Act to provide for the languages which may be used for the official purposes of the Union, for transaction of business in Parliament, for Central and State Acts and for certain purposes in High Courts.",19,1963,1963-05-10,1965-01-10,CENTRAL,Ministry of Home Affairs,Department of Official Language,9,1,section
official-secrets-act-1923,"The Official Secrets Act, 1923",An Act to consolidate and amend the law relating to official secrets.,19,1923,1923-04-02,1923-04-02,CENTRAL,Ministry of Home Affairs,Department of Internal Security,16,1,section
official-trustees-act-1913,"The Official Trustees Act, 1913",To consolidate and amend the law constituting the office of the Official Trustee.,2,1913,1913-02-27,1914-04-01,CENTRAL,Ministry of Law and Justice,Legislative Department,35,1,section
offshore-areas-mineral-development-regulation-act-2002,"The Offshore Areas Mineral (Development and Regulation) Act, 2002","An Act to provide for development and regulation of mineral resources in the territorial waters, continental shelf, exclusive economic zone and other maritime zones of India and to provide for matters connected therewith or incidental thereto.",17,2003,2003-01-30,2010-01-15,CENTRAL,Ministry of Mines,,46,1,section
oil-industry-development-act-1974,"The Oil Industry (Development) Act, 1974",An Act to provide for the establishment of a Board for the development of oil industry and for that purpose to levy a duty of excise on crude oil and natural gas and for matters connected therewith.,47,1974,1974-09-26,1974-09-26,CENTRAL,Ministry of Petroleum and Natural Gas,,32,1,section
oil-natural-gas-commission-transfer-undertaking-repeal-act,"The Oil and Natural Gas Commission (Transfer of Undertaking and Repeal) Act, 1993","An Act to provide for the transfer and vesting of the undertaking of the Oil and Natural Gas Commission to and in the Oil and Natural Gas Corporation Limited, a company incorporated under the Companies Act, 1956, and for matters connected therewith or incidental thereto and also to repeal the Oil and Natural Gas Commission Act, 1959.",65,1993,1993-09-04,1993-07-02,CENTRAL,Ministry of Petroleum and Natural Gas,,12,1,section
oilfields-regulation-development-act-1948,"The Oilfields (Regulation and Development) Act, 1948",An Act to provide for the regulation of oilfields and for the development of mineral oil resources.,53,1948,1948-09-08,1949-10-25,CENTRAL,Ministry of Petroleum and Natural Gas,,19,1,section
orissa-alteration-name-act-2011,"The Orissa (Alteration of Name) Act, 2011",An Act to alter the name of the State of Orissa.,15,2011,2011-09-23,2011-11-01,CENTRAL,Ministry of Home Affairs,Department of States,10,1,section
orissa-weights-measures-delhi-repeal-act-1958,"The Orissa Weights and Measures (Delhi Repeal) Act, 1958","An Act to provide for the repeal of the Orissa Weights and Measures Act, 1943, in its application to the Union territory of Delhi.",57,1958,1958-12-30,1958-12-30,CENTRAL,Ministry of Home Affairs,Department of States,3,1,section
orphanages-other-charitable-homes-supervision-control-act-1960,"The Orphanages and other Charitable Homes (Supervision and Control) Act, 1960","An Act to provide for the supervision and control of orphanages, homes for neglected women or children and other like institutions and for matters connected therewith.",10,1960,1960-04-09,1960-04-09,CENTRAL,Ministry of Women and Child Development,,31,1,section
oudh-amanati-notes-act-1918,"The Oudh Amanati Notes Act, 1918",,3,1918,1918-06-05,,Uttar Pradesh,,Revenue,2,1,section
oudh-estates-act-1869,"The Oudh Estates' Act, 1869","An Act to define the rights of Taluqdars and others in certain estates in Oudh, and to regulate the succession thereto.",1,1869,1869-01-12,,CENTRAL,Ministry of Home Affairs,Department of States,33,1,section
oudh-laws-act-1876,"The Oudh Laws Act, 1876",An Act to declare and amend the laws to be administered in Oudh.,18,1876,1876-10-10,1876-10-10,CENTRAL,Ministry of Home Affairs,Department of States,46,1,section
oudh-settled-estates-act-1917,"The Oudh Settled Estates Act, 1917",,5,1917,1917-08-11,,Uttar Pradesh,,Revenue,25,1,section
oudh-taluqdar-s-relief-act-1870,"The Oudh Taluqdar's Relief Act, 1870",An Act to relieve from incumbrances the estates of Taluqdars in Oudh.,24,1870,1870-09-07,,CENTRAL,Ministry of Home Affairs,Department of States,25,1,section
pali-municipality-administrator-appointment-validation-act-1961,"The Pali Municipality Administrator Appointment (Validation) Act, 1961",,7,1961,1961-04-03,,Rajasthan,,Urban Development and Housing Department,3,1,section
pandharpur-development-authority-act-2009,"The Pandharpur Development Authority Act, 2009.",,15,2009,2009-06-25,,Maharashtra,Govt of Maharashtra,Law and Judiciary Department,17,1,section
pandharpur-temples-act-1973,"The Pandharpur Temples Act, 1973.","An Act to provide for the abolition of all the hereditary rights, privileges of ministrants and priestly classes functioning in the Temples of Vitthal and Rukmini at Pandharpur; for the acquisition of such rights and privileges and for the vesting thereof in a Committee established for the purpose; for payment of amounts for such acquisitions for providing for better administration and governance of these Temples. their endowments and the amalgamation of the trusts and for matters connected with the purposes aforesaid.",9,1974,1974-04-03,,Maharashtra,Govt of Maharashtra,Law and Judiciary Department,58,1,section
pandit-deeodayal-petroleum-university-act-2007,"The Pandit Deeodayal Petroleum University Act, 2007.",,14,2007,2007-04-04,,Gujarat,,Energy and Petro-chemicals Department,1,1,section
panjab-district-boards-act-1883,"The Panjab District Boards Act, 1883",An Act to make better provision for local selfgovernment in the Districts of the Panjab.,20,1883,1883-10-12,1883-10-12,CENTRAL,Ministry of Home Affairs,Department of States,79,1,section
parel-investments-trading-private-limited-domestic-gas-private,"The Parel Investments and Trading Private Limited and Domestic Gas Private Limited (Taking Over of Management) Repeal Act, 2005","An Act to repeal the Parel Investments and Trading Private Limited and Domestic Gas Private Limited (Taking Over of Management) Act, 1979.",14,2005,2005-03-31,2005-03-31,CENTRAL,Ministry of Petroleum and Natural Gas,,2,1,section
parliament-prevention-disqualification-act-1959,"The Parliament (Prevention of Disqualification) Act, 1959","An Act to declare that certain offices of profit under the Government shall not disqualify the holders thereof for being chosen as, or for being, members of Parliament.",10,1959,1959-04-04,1959-04-04,CENTRAL,Ministry of Law and Justice,Legislative Department,5,1,section
parliamentary-proceedings-protection-publication-act-1977,"The Parliamentary Proceedings (Protection of Publication) Act, 1977",An Act to protect the publication of reports of proceedings of Parliament.,15,1977,1977-04-18,1977-03-25,CENTRAL,Ministry of Information and Broadcasting,,4,1,section
parsi-marriage-divorce-act-1936,"The Parsi Marriage and Divorce Act, 1936",An Act to amend the law relating to marriage and divorce among Parsis.,3,1936,1936-04-23,1936-06-22,CENTRAL,Ministry of Law and Justice,Legislative Department,55,1,section
partition-act-1893,"The Partition Act, 1893",An Act to amend the Law relating to Partition.,4,1893,1893-03-09,1893-03-09,CENTRAL,Ministry of Law and Justice,Legislative Department,10,1,section
partition-revenue-paying-estates-act-1863,"The Partition of Revenue-paying Estates Act, 1863",An Act to Consolidate and amend the Law relating to the Partition of Estates paying Revenue to Government in the North-Western Provinces of the Presidency of Fort William in Bengal.,19,1863,1863-03-10,,CENTRAL,Ministry of Home Affairs,Department of States,59,1,section
partnership-act,"The Indian Partnership Act, 1932",An Act to define and amend the Law Relating to Partnership.,9,1932,1932-04-08,,CENTRAL,Ministry of Corporate Affairs,,74,1,section
passports-act-1967,"The Passports Act, 1967","An Act to provide for the issue of passports and travel documents, to regulate the departure from India of citizens of India and other persons and for matters incidental or ancillary thereto.",15,1967,1967-06-24,1967-06-24,CENTRAL,Ministry of External Affairs,,29,1,section
patents-act,"The Patents Act, 1970",An Act to amend and consolidate the law relating to patents.,39,1970,1970-09-19,1978-04-01,CENTRAL,Ministry of Commerce and Industry,Department of Promotion of Industry and Internal Trade,179,1,section
payment-bonus-act-1965-chandigarh-1965,"The Payment of Bonus Act, 1965",,21,1965,1965-09-25,,Chandigarh,,Labour Department,1,1,section
payment-gratuity-act-1972-chandigarh-1972,"The Payment of Gratuity Act, 1972",,39,1972,1972-08-21,,Chandigarh,,Labour Department,1,1,section
payment-settlement-systems-act-2007,"The Payment and Settlement Systems Act, 2007",An Act to provide for the regulation and supervision of payment systems in India and to designate the Reserve Bank of India as the authority for that purpose and for matters connected therewith or incidental thereto.,51,2007,2007-12-20,2008-08-12,CENTRAL,Ministry of Finance,Department of Financial Services,42,1,section
payment-wages-act-1936-chandigarh,"The Payment of Wages Act, 1936",,4,1936,1936-04-23,,Chandigarh,,Labour Department,1,1,section
pc-act,"The Prevention of Corruption Act, 1988",An Act to consolidate and amend the law relating to the prevention of corruption and for matters connected therewith.,49,1988,1988-09-09,1988-09-09,CENTRAL,"Ministry of Personnel, Public Grievances and Pensions",Department of Personnel and Training,35,1,section
pension-fund-regulatory-development-authority-act-2013,"The Pension Fund Regulatory and Development Authority Act, 2013","An Act to provide for the establishment of an Authority to promote old age income security by establishing, developing and regulating pension funds, to protect the interests of subscribers to schemes of pension funds and for matters connected therewith or incidental thereto.",23,2013,2013-09-18,2014-02-01,CENTRAL,Ministry of Finance,Department of Financial Services,57,1,section
pensions-act-1871,"The Pensions Act, 1871",An Act to consolidate and amend the law relating to pensions and grants by Government of money or land-revenue.,23,1871,1871-08-18,1871-08-18,CENTRAL,"Ministry of Personnel, Public Grievances and Pensions",Department of Pension and Pensioners Welfare,18,1,section
persons-with-disabilities-equal-opportunities-protection-rights-full,"The Persons with Disabilities (Equal Opportunities, Protection of Rights and Full Participation) Act, 1995",,1,1996,1996-01-01,,Chandigarh,,Social Welfare,4,1,section
petroleum-act-1934,"The Petroleum Act, 1934","An Act to consolidate and amend the law relating to the import, transport, storage, production, refining and blending of petroleum.",30,1934,1934-09-06,1937-03-30,CENTRAL,Ministry of Petroleum and Natural Gas,,32,1,section
petroleum-minerals-pipelines-acquisition-right-user-land-act,"The Petroleum and Minerals Pipelines (Acquisition of Right of User in Land) Act, 1962",An Act to provide for the acquisition of right of user in land for laying pipelines for the transport of petroleum and minerals and for matters connected therewith.,50,1962,1962-12-07,1962-12-07,CENTRAL,Ministry of Petroleum and Natural Gas,,24,1,section
petroleum-natural-gas-regulatory-board-act-2006,"The Petroleum and Natural Gas Regulatory Board Act, 2006","An Act to provide for the establishment of Petroleum and Natural Gas Regulatory Board to regulate the refining, processing, storage, transportation, distribution, marketing and sale of petroleum, petroleum products and natural gas excluding production of crude oil and natural gas so as to protect the interests of consumers and entities engaged in specified activities relating to petroleum, petroleum products and natural gas and to ensure uninterrupted and adequate supply of petroleum, petroleum products and natural gas in all parts of the country and to promote competitive markets and for matters connected therewith or incidental thereto.",19,2006,2006-03-31,,CENTRAL,Ministry of Petroleum and Natural Gas,,63,1,section
pharmacy-act-1948,"The Pharmacy Act, 1948",An Act to regulate the profession of pharmacy.,8,1948,1948-03-04,1948-03-04,CENTRAL,Ministry of Health and Family Welfare,Department of Health and Family Welfare,55,1,section
places-worship-special-provisions-act-1991,"The Places of Worship (Special Provisions) Act, 1991","An Act to prohibit conversion of any place of worship and to provide for the maintenance of the religious character of any place of worship as it existed on the 15th day of August, 1947, and for matters connected therewith or incidental thereto.",42,1991,1991-09-18,1991-07-11,CENTRAL,Ministry of Home Affairs,Department of States,8,1,section
pmla,"The Prevention of Money-Laundering Act, 2002","An Act to prevent money-laundering and to provide for confiscation of property derived from, or involved in, money-laundering and for matters connected therewith or incidental thereto.",15,2003,2003-01-17,2005-07-01,CENTRAL,Ministry of Finance,Department of Revenue,81,1,section
pocso-act,"The Protection of Children from Sexual Offences Act, 2012","An Act to protect children from offences of sexual assault, sexual harassment and pornography and provide for establishment of Special Courts for trial of such offences and for matters connected therewith or incidental thereto.",32,2012,2012-06-19,2012-11-14,CENTRAL,Ministry of Women and Child Development,,47,1,section
poisons-act-1919,"The Poisons Act, 1919","An Act to consolidate and amend the law regulating the importation, possession and sale of poisons.",12,1919,1919-09-03,1919-09-03,CENTRAL,Ministry of Home Affairs,Department of Home,10,1,section
police-act-1861,"The Police Act, 1861",An Act for the Regulation of Police.,5,1861,1861-03-22,1861-03-22,CENTRAL,Ministry of Home Affairs,Department of Internal Security,46,1,section
police-act-1949,"The Police Act, 1949",An Act to provide for the constitution of a general police-district embracing two or more Union territories and for the establishment of a police force therefor.,64,1949,1949-12-27,1949-12-27,CENTRAL,Ministry of Home Affairs,Department of Internal Security,7,1,section
police-act-1983-1927-d,"The Police Act, 1983 (1927 A.d.)",Whereas it is expedient to re-organize the police and to make it a more efficient instrument for the prevention and detection of crime ; It is hereby enacted as follows: —,2,1983,1923-01-29,1983-05-22,Jammu and Kashmir,,Home,44,1,section
police-agra-act-1854,"The Police, Agra Act, 1854",An Act to amend Regulation XI. of 1831 of the Bengal Code,16,1854,1854-07-28,1854-07-28,CENTRAL,Ministry of Home Affairs,Department of States,3,1,section
police-forces-restriction-rights-act-1966,"The Police-Forces (Restriction of Rights) Act, 1966",An Act to provide for the restriction of certain rights conferred by Part III of the Constitution in their application to the members of the Forces charged with the maintenance of public order so as to ensure the proper discharge of their duties and the maintenance of discipline among them.,33,1966,1966-12-02,1966-12-03,CENTRAL,Ministry of Home Affairs,Department of Internal Security,6,1,section
pondicherry-administration-act-1962,"The Pondicherry (Administration) Act, 1962",An Act to provide for the administration of Pondicherry and for matters connected therewith.,49,1962,1962-12-05,1962-08-16,CENTRAL,Ministry of Home Affairs,Department of States,20,1,section
pondicherry-alteration-name-act-2006,"The Pondicherry (Alteration of Name) Act, 2006",An Act to alter the name of the Union territory of Pondicherry,44,2006,2006-09-13,2006-10-01,CENTRAL,Ministry of Home Affairs,Department of States,10,1,section
pondicherry-extension-laws-act-1968,"The Pondicherry (Extension of Laws) Act, 1968",An Act to extend certain Central Acts to the Union territory of Pondicherry.,26,1968,1968-05-24,1968-05-24,CENTRAL,Ministry of Home Affairs,Department of States,7,1,section
pondicherry-university-act-1985,"The Pondicherry University Act, 1985",An Act to establish and incorporate a teaching and affiliating University in the Union territory of Pondicherry and to provide for matters connected therewith or incidental thereto.,53,1985,1985-09-04,1985-10-16,CENTRAL,Ministry of Education,Department of Higher Education,44,1,section
post-graduate-institute-medical-education-research-chandigarh-act-1966,"The Post-Graduate Institute of Medical Education and Research, Chandigarh, Act 1966","An Act to declare the institution known as the Post-Graduate Institute of Medical Education and Research, Chandigarh, to be an institution of national importance and to provide for its incorporation and matters connected therewith.",51,1966,1966-12-17,1967-04-01,CENTRAL,Ministry of Health and Family Welfare,Department of Health and Family Welfare,32,1,section
post-office-act-2023,"The Post Office Act, 2023",An Act to consolidate and amend the law relating to Post Office in India and to provide for matters connected therewith or incidental thereto.,43,2023,2023-12-24,2024-06-18,CENTRAL,Ministry of Communications,Department of Posts,16,1,section
post-office-cash-certificates-act-1917,"The Post Office Cash Certificates Act, 1917",An Act to restrict the transfer of Post Office 5-Year Cash Certificates and to provide for the payment of Certificates standing in the name of deceased persons.,18,1917,1917-09-19,1917-09-19,CENTRAL,Ministry of Communications,Department of Posts,3,1,section
powers-of-attorney-act-1882,"The Powers-of Attorney Act, 1882",An Act to define and amend the law relating to Easements and Licenses.,7,1882,1882-02-17,1882-07-01,CENTRAL,Ministry of Law and Justice,Legislative Department,7,1,section
pragyan-international-university-act-2016,"The Pragyan International University Act, 2016",,11,2016,2016-05-13,,Jharkhand,,"Higher Technical Education and Skill Development Department, Government of Jharkhand",46,1,section
prasar-bharati-broadcasting-corporation-india-act-1990,"The Prasar Bharati (Broadcasting Corporation of India) Act, 1990","An Act to provide for the establishment of a Broadcasting Corporation for India, to be known as Prasar Bharati, to define its composition, functions and powers and to provide for matters connected therewith or incidental thereto.",25,1990,1990-09-12,1997-09-15,CENTRAL,Ministry of Information and Broadcasting,,37,1,section
pre-conception-pre-natal-diagnostic-techniques-prohibition-sex-selection-act,"The Pre-conception and Pre-natal Diagnostic Techniques (Prohibition of Sex Selection) Act, 1994","An Act to provide for the prohibition of sex selection, before or after conception, and for regulation of pre-natal diagnostic techniques for the purposes of detecting genetic abnormalities or metabolic disorders or chromosomal abnormalities or certain congenital malformations or sex-linked disorders and for the prevention of their misuse for sex determination leading to female foeticide and for matters connected therewith or incidental thereto.",57,1994,1994-09-20,1996-01-01,CENTRAL,Ministry of Health and Family Welfare,Department of Health and Family Welfare,39,1,section
pre-conception-pre-natal-diagnostic-techniques-prohibition-sex-selection-act-chandigarh,The Pre-conception and Pre-natal Diagnostic Techniques ( Prohibition of Sex Selection) Act 1994,,57,1994,1994-09-20,,Chandigarh,,"Director Health & Family Welfare-cum-Mission, National Health Mission",2,1,section
preference-shares-regulation-dividends-act-1960,"The Preference Shares (Regulation of Dividends) Act, 1960",An Act to regulate dividends on preference shares of certain companies.,63,1960,1960-12-28,1960-12-28,CENTRAL,Ministry of Corporate Affairs,,8,1,section
presidency-small-cause-courts-act-1882,"The Presidency Small Cause Courts Act, 1882",An Act to consolidate and amend the law relating to the Courts of Small Causes established in the Presidency-towns.,15,1882,1882-03-17,1882-07-01,CENTRAL,Ministry of Law and Justice,Department of Justice,100,1,section
presidency-towns-insolvency-act-1909,"The Presidency-Towns Insolvency Act, 1909",An Act to amend the Law of Insolvency in the Presidency towns ***,3,1909,1909-03-12,1909-03-12,CENTRAL,Ministry of Corporate Affairs,,130,1,section
president-discharge-functions-act-1969,"The President (Discharge of Functions) Act, 1969",An Act to provide for the discharge of the functions of the President in certain contingencies.,16,1969,1969-05-28,1969-05-28,CENTRAL,Ministry of Home Affairs,Department of Home,3,1,section
president-s-emoluments-pension-act-1951,"The President's Emoluments and Pension Act, 1951",An act to provide for the emoluments of the President and for pensions to retiring Presidents.,30,1951,1951-05-13,1951-05-13,CENTRAL,Ministry of Home Affairs,Department of Home,9,1,section
presidential-vice-presidential-elections-act-1952,"The Presidential and Vice-Presidential Elections Act, 1952",An Act to regulate certain matters relating to or connected with elections to the offices of President and Vice-President of India.,31,1952,1952-03-14,1952-03-14,CENTRAL,Ministry of Law and Justice,Legislative Department,30,1,section
press-council-act-1978,"The Press Council Act, 1978",An Act to establish a Press Council for the purpose of preserving the freedom of the Press and of maintaining and improving the standards of newspapers and news agencies in India.,37,1978,1978-09-07,1978-09-07,CENTRAL,Ministry of Information and Broadcasting,,27,1,section
press-registration-periodicals-act-2023,"The Press and Registration of Periodicals Act, 2023","An Act to provide for press, registration of periodicals and for matters connected therewith or incidental thereto",51,2023,2023-12-28,2024-03-01,CENTRAL,Ministry of Information and Broadcasting,,22,1,section
prevention-blackmarketing-maintenance-supplies-essential-commodities-act-1980,"The Prevention of Blackmarketing and Maintenance of Supplies of Essential Commodities Act, 1980",An Act to provide for detention in certain cases for the purpose of prevention of blackmarketing and maintenance of supplies of commodities essential to the community and for matters connected therewith.,7,1980,1980-02-12,1979-10-15,CENTRAL,"Ministry of Consumer Affairs, Food and Public Distribution",Department of Consumer Affairs,17,1,section
prevention-control-infectious-contagious-diseases-animals-act-2009,"The Prevention and Control of Infectious and Contagious Diseases in Animals Act, 2009","An Act to provide for the prevention, control and eradication of infectious and contagious diseases affecting animals, for prevention of outbreak or spreading of such diseases from one State to another, and to meet the international obligations of India for facilitating import and export of animals and animal products and for matters connected therewith or incidental thereto.",27,2009,2009-03-20,2009-08-25,CENTRAL,Ministry of Agriculture and Farmers Welfare,Department of Animal Husbandry and Dairying,49,1,section
prevention-corruption-act-1988,"The Prevention of Corruption Act, 1988",,49,1988,1988-09-09,,Chandigarh,,Home (judicial),1,1,section
prevention-cruelty-animals-act-1960,"The Prevention of Cruelty to Animals Act, 1960",An Act to prevent the infliction of unnecessary pain or suffering on animals and for that purpose to amend the law relating to the prevention of cruelty to animals.,59,1960,1960-12-26,1961-04-01,CENTRAL,Ministry of Agriculture and Farmers Welfare,Department of Animal Husbandry and Dairying,44,1,section
prevention-damage-public-property-act-1984,"The Prevention of Damage to Public Property Act, 1984",An Act to provide for prevention of damage to public property and for matters connected therewith.,3,1984,1984-03-16,1984-01-28,CENTRAL,Ministry of Home Affairs,Department of Internal Security,7,1,section
prevention-disqualification-members-legislative-assembly-meghalaya-act-act,The Prevention of Disqualification (Members of the Legislative Assembly of Meghalaya Act) Act No.1 of 1970,"An Act to declare certain offices of profit not to disqualify their holders for being chosen as, and for being, members of the Legislative Assembly of Meghalaya.",1,1970,1970-05-06,,Meghalaya,Meghalaya Law Department,Law Department,3,1,section
prevention-disqualification-members-legislative-assembly-meghalaya-act-no,The Prevention Of Disqualification (Members Of The Legislative Assembly Of Meghalaya) Act No 3 1972,"An Act to declare certain offices of profit not to disqualify their holders for being chosen as , and for being, members of the Legislative Assembly of Meghalaya.",3,1972,1972-04-23,1972-01-21,Meghalaya,Meghalaya Law Department,Law Department,3,1,section
prevention-illicit-traffic-narcotic-drugs-psychotropic-substances-act,"The Prevention of Illicit Traffic in Narcotic Drugs and Psychotropic Substances Act, 1988",An Act to provide for detention in certain cases for the purpose of preventing illicit traffic in narcotic drugs and psychotropic substances and for matters connected therewith.,46,1988,1988-09-06,1988-07-04,CENTRAL,Ministry of Finance,Department of Revenue,16,1,section
prevention-insults-national-honour-act-1971,"The Prevention of Insults to National Honour Act, 1971",An Act to prevent insults to national honour.,69,1971,1971-12-23,1971-12-23,CENTRAL,Ministry of Home Affairs,Department of Home,4,1,section
prevention-ribbon-development-act-2007-1950-d,"The Prevention of Ribbon Development Act, 2007 (1950 a . D.)",An Act to regulate erection of buildings alongside public roads.,26,2007,2007-04-23,2007-04-23,Jammu and Kashmir,,Housing and Urban Development,10,1,section
prevention-rum-rasum-act-1997-1947-d,"The Prevention of Rum Rasum Act, 1997 (1947 A.d.)",An Act for the prevention of Rum Rasum.,1,1997,1940-03-28,1997-04-31,Jammu and Kashmir,,Finance,5,1,section
prevention-terrorism-repeal-act-2004,"The Prevention of Terrorism (Repeal) Act, 2004","An Act to repeal the Prevention of Terrorism Act, 2002.",26,2004,2004-12-21,2004-09-21,CENTRAL,Ministry of Home Affairs,Department of Internal Security,3,1,section
prisoners-act-1900,"The Prisoners Act, 1900",An Act to consolidate the law relating to Prisoners confined by order of a Court.,3,1900,1900-02-02,1900-02-02,CENTRAL,Ministry of Home Affairs,Department of Home,53,1,section
prisoners-attendance-courts-act-1955,"The Prisoners (Attendance in Courts) Act, 1955",An Act to provide for the attendance in courts of persons confined in prisons for obtaining their evidence or for answering a criminal charge.,32,1955,1955-09-20,1956-01-01,CENTRAL,Ministry of Home Affairs,Department of Home,10,1,section
prisons-act-1894,"The Prisons Act, 1894","An Act to extend the Indian Easements Act, 1882, to certain areas in which that Act is not in force.",9,1894,1894-03-22,1894-01-07,CENTRAL,Ministry of Home Affairs,Department of States,62,1,section
private-security-agencies-regulation-act-2005,"The Private Security Agencies (Regulation) Act, 2005",An Act to provide for the regulation of private security agencies and for matters connected therewith or incidental thereto.,29,2005,2005-06-23,2006-03-14,CENTRAL,Ministry of Home Affairs,Department of Internal Security,25,1,section
prize-chits-money-circulation-schemes-banning-act-1978,"The Prize Chits and Money Circulation Schemes (Banning) Act, 1978",An Act to ban the promotion or conduct of prize chits and money circulation schemes and for matters connected therewith or incidental thereto.,43,1978,1978-12-12,1978-12-12,CENTRAL,Ministry of Finance,Department of Financial Services,14,1,section
prize-competitions-act-1955,"The Prize Competitions Act, 1955",An Act to provide for the control and regulation of prize competitions.,42,1955,1955-10-22,1956-04-01,CENTRAL,Ministry of Finance,Department of Financial Services,20,1,section
probate-administration-act-1977-1920-d,"The Probate and Administration Act, 1977 (1920 A.d.)",An Act to provide for the grant of Probates of Wills and Letters of Administration to the estates of certain deceased persons.,29,1977,1920-09-11,1925-04-08,Jammu and Kashmir,,Social Welfare,161,1,section
probation-offenders-act-1958,"The Probation of Offenders Act, 1958",An Act to provide for the release of offenders on probation or after due admonition and for matters connected therewith.,20,1958,1958-05-16,1958-05-16,CENTRAL,Ministry of Home Affairs,Department of States,19,1,section
prohibition-benami-property-transactions-act-1988,"The Prohibition of Benami Property Transactions Act, 1988",An Act to prohibit benami transactions and the right to recover property held benami and for matters connected therewith or incidental thereto.,45,1988,1988-09-05,1988-05-19,CENTRAL,Ministry of Finance,Department of Revenue,75,1,section
prohibition-child-marriage-act-2006,"The Prohibition of Child Marriage Act, 2006",An Act to provide for the prohibition of solemnisation of child marriages and for matters connected therewith or incidental thereto.,6,2007,2007-01-10,2007-11-01,CENTRAL,Ministry of Women and Child Development,,21,1,section
prohibition-child-marriage-act-2006-chandigarh,"The Prohibition of Child Marriage Act, 2006",,6,2007,2007-01-10,,Chandigarh,,Social Welfare,1,1,section
prohibition-electronic-cigarettes-production-manufacture-import-export-transport,"The Prohibition of Electronic Cigarettes (Production, Manufacture, Import, Export, Transport, Sale, Distribution, Storage and Advertisement) Act, 2019","An Act to prohibit the production, manufacture, import, export, transport, sale, distribution, storage and advertisement of electronic cigarettes in the interest of public health to protect the people from harm and for matters connected therewith or incidental thereto.",42,2019,2019-12-05,2019-09-18,CENTRAL,Ministry of Health and Family Welfare,Department of Health and Family Welfare,18,1,section
prohibition-employment-as-manual-scavengers-their-rehabilitation-act,"The Prohibition of Employment as Manual Scavengers and their Rehabilitation Act, 2013","An Act to provide for the prohibition of employment as manual scavengers, rehabilitation of manual scavengers and their families, and for matters connected therewith or incidental thereto.",25,2013,2013-09-18,2013-12-06,CENTRAL,Ministry of Social Justice and Empowerment,Department of Social Justice and Empowerment,39,1,section
prohibition-employment-as-manual-scavengers-their-rehabilitation-act-chandigarh,"The Prohibition of Employment as Manual Scavengers and Their Rehabilitation Act, 2013",,25,2013,2013-09-18,,Chandigarh,,Social Welfare,5,1,section
promotion-regulation-online-gaming-act-2025,"The Promotion and Regulation of Online Gaming Act, 2025",,32,2025,2025-08-22,,CENTRAL,Ministry of Electronics and Information Technology,,20,1,section
protection-children-from-sexual-offences-act-2012,"The Protection of Children from Sexual Offences Act, 2012",,32,2012,2012-06-19,,Chandigarh,,Home (judicial),1,1,section
protection-civil-rights-act-1955,"The Protection of Civil Rights Act, 1955",An Act to prescribe punishment for the preaching and practice of Untouchability for the enforcement of any disability arising therefrom and for matters connected therewith.,22,1955,1955-05-08,1955-06-01,CENTRAL,Ministry of Social Justice and Empowerment,Department of Social Justice and Empowerment,23,1,section
protection-human-rights-act-1993,"The Protection of Human Rights Act, 1993","An Act to provide for the constitution of a National Human Rights Commission, State Human Rights Commissions in States and Human Rights Courts for better protection of human rights and for matters connected therewith or incidental thereto.",10,1994,1994-01-08,1993-09-28,CENTRAL,Ministry of Home Affairs,Department of States,45,1,section
protection-human-rights-act-1993-chandigarh,"The Protection of Human Rights Act, 1993",,10,1994,1994-01-08,,Chandigarh,,Home (judicial),1,1,section
protection-interests-aircraft-objects-act-2025,"The Protection of Interests in Aircraft Objects Act, 2025","An Act to provide for protection of interests in aircraft objects and to implement the Convention on International Interests in Mobile Equipment and the Protocol to the Convention on International Interests in Mobile Equipment on Matters Specific to Aircraft Equipment signed at Cape Town on 16th November, 2001 and for matters connected therewith or incidental thereto.",17,2025,2025-04-16,2025-05-01,CENTRAL,Ministry of Civil Aviation,,12,1,section
protection-plant-varieties-farmers-rights-act-2001,"The Protection of Plant Varieties and Farmers Rights Act, 2001","An Act to provide for the establishment of an effective system for protection of plant varieties, the rights of farmers and plant breeders and to encourage the development of new varieties of plants.",53,2001,2001-10-30,2005-11-11,CENTRAL,Ministry of Agriculture and Farmers Welfare,"Department of Agriculture, Cooperation and Farmers Welfare",97,1,section
provident-funds-act-1925,"The Provident Funds Act, 1925",An Act to amend and consolidate the law relating to Government and other Provident Funds.,19,1925,1925-08-27,1926-04-01,CENTRAL,Ministry of Labour and Employment,,11,1,section
provincial-insolvency-act-1920,"The Provincial Insolvency Act, 1920",An Act to consolidate and amend the Law relating to Insolvency *** as administered by Courts having jurisdiction outside the Presidency-towns ***.,5,1920,1920-02-25,1920-02-25,CENTRAL,Ministry of Corporate Affairs,,87,1,section
provincial-small-cause-courts-act-1887,"The Provincial Small Cause Courts Act, 1887",An Act to consolidate and amend the law relating to Courts of Small Causes established beyond the Presidency-towns.,9,1887,1887-02-24,1887-07-01,CENTRAL,Ministry of Law and Justice,Department of Justice,37,1,section
provincial-small-cause-courts-suits-validation-act-1955,"The Provincial Small Cause Courts (Suits Validation) Act, 1955.",,16,1955,1955-04-14,,Maharashtra,Govt of Maharashtra,Law and Judiciary Department,3,1,section
provisional-collection-taxes-act-2023,"The Provisional collection of Taxes Act, 2023",An Act to provide for the immediate effect for a limited period of provisions in Bills relating to the imposition or increase of duties of customs or excise.,50,2023,2023-12-28,2023-12-28,CENTRAL,Ministry of Law and Justice,Legislative Department,6,1,section
provisions-panchayats-extension-scheduled-areas-act-1996,"The Provisions of the Panchayats (Extension to the Scheduled Areas) Act, 1996",An Act to provide for the extension of the provisions of Part IX of the Constitution relating to the Panchayats to the Scheduled Areas.,40,1996,1996-12-24,1996-12-24,CENTRAL,Ministry of Panchayati Raj,,5,1,section
public-debt-act-1944,"The Public Debt Act, 1944",An Act to consolidate and amend the law relating to Government securities and to the management by the Reserve Bank of India of the public debt of the Government.,18,1944,1944-11-22,1944-11-22,CENTRAL,Ministry of Finance,Department of Economic Affairs,35,1,section
public-employment-requirement-as-residence-act-1957,"The Public Employment (Requirement as to Residence) Act, 1957",An Act to make in pursuance of clause (3) of article 16 of the Constitution special provisions for requirement as to residence in regard to certain classes of public employment in certain areas and to repeal existing laws prescribing any such requirement.,44,1957,1957-12-07,1957-03-21,CENTRAL,Ministry of Home Affairs,Department of Home,5,1,section
public-examinations-prevention-unfair-means-act-2024,"The Public Examinations (Prevention of Unfair Means) Act, 2024",An Act to prevent unfair means in the public examinations and to provide for matters connected therewith or incidental thereto.,1,2024,2024-02-12,2024-06-21,CENTRAL,"Ministry of Personnel, Public Grievances and Pensions",Department of Personnel and Training,21,1,section
public-financial-institutions-obligation-as-fidelity-secrecy-act,"The Public Financial Institutions (Obligation as to Fidelity and Secrecy) Act, 1983",An Act to provide for the obligation of public financial institutions as to fidelity and secrecy.,48,1983,1983-12-30,1983-12-30,CENTRAL,Ministry of Finance,Department of Financial Services,6,1,section
public-gambling-act-1867,"The Public Gambling Act, 1867","An Act to provide for the punishment of public gambling and the keeping of common gaming house in the United Provinces East Punjab, Delhi1[and the Central Provinces].",3,1867,1867-01-25,1867-01-25,CENTRAL,Ministry of Home Affairs,Department of Internal Security,18,1,section
public-liability-insurance-act-1991,"The Public Liability Insurance Act, 1991",An Act to provide for public liability insurance for the purpose of providing immediate relief to the persons affected by accident occurring while handling any hazardous substance and for matters connected therewith or incidental thereto.,6,1991,1991-01-22,1991-04-01,CENTRAL,"Ministry of Environment, Forest and Climate Change",,28,1,section
public-premises-eviction-unauthorised-occupants-act-1971,"The Public Premises (Eviction of Unauthorised Occupants) Act, 1971",An Act to provide for the eviction of unauthorised occupants from public premises and for certain incidental matters.,40,1971,1971-08-23,1958-09-16,CENTRAL,Ministry of Housing and Urban Affairs,,26,1,section
public-records-act-1993,"The Public Records Act, 1993","An Act to regulate the management, administration and preservation of public records of the Central Government, Union territory Administrations, public sector undertakings, statutory bodies and corporations, commissions and committees constituted by the Central Government or a Union territory Administration and matters connected therewith or incidental thereto.",69,1993,1993-12-21,1995-03-01,CENTRAL,Ministry of Culture,,18,1,section
public-sector-iron-steel-companies-restructuring-miscellaneous-provisions,"The Public Sector Iron and Steel Companies (Restructuring) and Miscellaneous Provisions Act, 1978",An Act to provide for restructuring of the iron and steel companies in the public sector so as to secure better management and greater efficiency in their working and for matters connected therewith or incidental thereto.,16,1978,1978-04-30,1978-05-01,CENTRAL,Ministry of Steel,,27,1,section
puducherry-cultivating-tenants-protection-act-1970,"The Puducherry Cultivating Tenants Protection Act, 1970",,9,1971,1971-03-30,,Puducherry,,LAW DEPARTMENT,1,1,section
pulgaon-cotton-mills-limited-acquisition-shares-act-1982,"The Pulgaon Cotton Mills Limited (Acquisition of Shares) Act, 1982","An Act to provide for the acquisition of shares of the Pulgaon Cotton Mills Limited, with a view to securing proper management of the affairs of the company and the continuity and development of the production of articles which are vital to the needs of the general public and for matters connected therewith, or incidental thereto.",34,1982,1982-10-14,,Maharashtra,Govt of Maharashtra,Urban Development Department,21,1,section
punjab-co-operative-societies-act-1961,"The Punjab Co-operative Societies Act, 1961",,25,1961,1961-06-22,,Chandigarh,,Registrar Cooperative Societies,9,1,section
punjab-disturbed-areas-act-1983,"The Punjab Disturbed Areas Act, 1983",An Act to make better provision for the suppression of disorder and for the restoration and maintenance of public order in disturbed areas in Punjab.,32,1983,1983-12-08,1983-10-07,CENTRAL,Ministry of Home Affairs,Department of States,7,1,section
punjab-excise-act-1914-chandigarh,"The Punjab Excise Act, 1914",,1,1914,2020-06-22,,Chandigarh,,Excise and Taxation Department,1,1,section
punjab-industrial-establishments-national-festival-holidays-casual-sick,"The Punjab Industrial Establishments (National and Festival Holidays and Casual and Sick Leave) Act, 1965",,14,1965,1965-06-22,,Chandigarh,,Labour Department,1,1,section
punjab-labour-welfare-fund-act-1965,"The Punjab Labour welfare Fund Act, 1965",,17,1965,1965-07-27,,Chandigarh,,Labour Department,1,1,section
punjab-land-revenue-act-1887,"The Punjab Land-Revenue Act, 1887",An Act to amend and declare the Land-revenue Law of the Punjab.,17,1887,1887-09-23,,CENTRAL,Ministry of Rural Development,Department of Land Resources,158,1,section
punjab-laws-act-1872,"The Punjab Laws Act, 1872","An Act for declaring which of certain rules, laws and regulations have the force of law in the Panjab, and for other purposes.",4,1872,1872-03-28,1872-06-01,CENTRAL,Ministry of Home Affairs,Department of States,64,1,section
punjab-motor-vehicle-taxation-act-1924,Punjab Motor Vehicle Taxation Act 1924,,4,1924,1925-01-30,,Chandigarh,,State Transport Authority,1,1,section
punjab-motor-vehicles-taxation-act-1924,"The Punjab Motor Vehicles Taxation Act, 1924",,4,1924,1925-01-30,,Chandigarh,,Registering & Licensing Authority,1,1,section
punjab-municipal-act-1911,"The Punjab Municipal Act, 1911",,3,1911,1911-08-11,,Punjab,,Department of Local Government,2,1,section
punjab-municipal-corporation-act-1976,"Punjab Municipal Corporation Act, 1976",,42,1976,1977-01-01,,Chandigarh,,Municipal Corporation,1,1,section
punjab-municipal-corporation-law-extension-chandigarh-act-1994,"The Punjab Municipal Corporation Law (Extension to Chandigarh) Act, 1994","An Act to provide for the extension of the Punjab Municipal Corporation Act, 1976 to the Union territory of Chandigarh.",45,1994,1994-07-22,1994-05-24,CENTRAL,Ministry of Home Affairs,Department of States,5,1,section
punjab-municipal-corporation-law-extension-chandigarh-act-1994-chandigarh,"The Punjab Municipal Corporation Law (Extension to Chandigarh) Act, 1994",,45,1994,1994-07-22,,Chandigarh,,Municipal Corporation,3,1,section
punjab-new-capital-periphery-control-act-1952,"The Punjab New Capital (Periphery) Control Act, 1952",,1,1953,1953-01-12,,Chandigarh,,Land Acquisition Department,2,1,section
punjab-panchayati-raj-act-1994,The Punjab Panchayati Raj Act 1994,The Punjab Panchayati Raj Act 1994,9,1994,1994-04-21,,Chandigarh,,Rural Development and Panchayats,1,1,section
punjab-police-act-2007---modificaton-u-t,"Punjab Police Act 2007 - Modificaton (U.T.,Chandigarh)",,10,2008,2008-02-05,,Chandigarh,,Police Department,1,1,section
punjab-reorganisation-act-1966,"The Punjab Reorganisation Act, 1966",An Act to provide for the Reorganisation of the existing State of Punjab and for matters connected therewith.,31,1966,1966-09-18,1966-09-18,CENTRAL,Ministry of Home Affairs,Department of States,97,1,section
punjab-shops-commercial-establishments-act-1958,"The Punjab Shops and Commercial Establishments Act, 1958",,15,1958,1958-05-01,,Chandigarh,,Labour Department,1,1,section
punjab-tenancy-act-1887,"The Punjab Tenancy Act, 1887.",An Act to amend the Law relating to the Tenancy of Land in the Punjab.,16,1887,1887-09-23,,CENTRAL,Ministry of Rural Development,Department of Land Resources,112,1,section
punjab-urban-estates-development-regulation-act-1964,"The Punjab Urban Estates (Development and Regulation) Act, 1964.",,22,1964,1964-06-15,,Chandigarh,,Government Medical College & Hospital Chandigarh-32,1,1,section
punjab-vat-act-2005,Punjab vat act 2005,,8,2005,2005-04-01,,Chandigarh,,Excise and Taxation Department,3,1,section
radha-govind-university-act-2018,"The Radha Govind University Act, 2018",,11,2018,2018-10-11,,Jharkhand,,"Higher Technical Education and Skill Development Department, Government of Jharkhand",46,1,section
railway-claims-tribunal-act-1987,"The Railway Claims Tribunal Act, 1987","An Act to provide for the establishment of a Railway Claims Tribunal for inquiring into and determining claims against a railway administration for loss, destruction, damage, deterioration or non-delivery of animals or goods entrusted to it to be carried by railway or for the refund of fares or freight or for compensation for death or injury to passengers occurring as a result of railway accidents or untoward incidents and for matters connected therewith or incidental thereto.",54,1987,1987-12-23,1989-11-08,CENTRAL,Ministry of Railways,,32,1,section
railway-property-unlawful-possession-act-1966,"The Railway Property (Unlawful Possession) Act, 1966",An Act to consolidate and amend the law relating to unlawful possession of railway property.,29,1966,1966-09-16,1968-04-01,CENTRAL,Ministry of Railways,,16,1,section
railway-protection-force-act-1957,"The Railway Protection Force Act, 1957","An Act to provide for the constitution and regulation of an armed Force of the Union for the better protection and security of railway property, passenger area and passengers and for matters connected therewith.",23,1957,1957-08-29,1959-09-10,CENTRAL,Ministry of Railways,,24,1,section
railways-act-1989,"The Railways Act, 1989",An Act to consolidate and amend the law relating to Railways.,24,1989,1989-06-03,1990-07-01,CENTRAL,Ministry of Railways,,235,1,section
railways-employment-members-armed-forces-act-1965,"The Railways (Employment of Members of the Armed Forces) Act, 1965",An Act to make certain provisions relating to the employment of members of the Armed Forces of the Union in the working and management of railways.,40,1965,1965-12-03,1965-12-03,CENTRAL,Ministry of Railways,,5,1,section
rajasthan-advocates-welfare-fund-act-1987,"The Rajasthan Advocates Welfare Fund Act, 1987",An Act to provide for the constitution of an Advocates Welfare Fund and utilization thereof for payment of certain death and retirement benefits to the advocates in the State of Rajasthan and for matter connected therewith and incidental thereto.,15,1987,1989-11-14,,Rajasthan,,Law and Legal Affairs Department,32,1,section
rajasthan-agricultural-credit-operation-removal-difficulties-act-1974,"The Rajasthan Agricultural Credit Operation (Removal of Difficulties) Act, 1974",An Act to make provisions to facilitate adequate flow of credit for agricultural production and development through banks and other institutional credit agencies and for matters connected therewith and/or incidental thereto.,22,1974,1974-09-21,,Rajasthan,,Revenue Department,31,1,section
rajasthan-agricultural-lands-utilisation-act-1954,"Rajasthan Agricultural Lands Utilisation Act, 1954",,22,1954,1954-11-06,,Rajasthan,,Revenue Department,9,1,section
rajasthan-agricultural-loans-act-1956,"The Rajasthan Agricultural Loans Act, 1956",An Act to consolidate and amend the law relating to loans of money by the State Government for agricultural purposes.,1,1957,1957-01-02,,Rajasthan,,Revenue Department,11,1,section
rajasthan-agricultural-produce-markets-act-1961,"The Rajasthan Agricultural Produce Markets Act, 1961","THE RAJASTHAN AGRICULTURAL PRODUCE MARKETS ACT, 1961",38,1961,1961-11-03,,Rajasthan,,Agriculture Department,42,1,section
rajasthan-agricultural-produce-markets-amending-validating-provisions-act-rajasthan,"The Rajasthan Agricultural Produce Markets (Amending and Validating Provisions) Act, 1965","An Act further to amend the Rajasthan Agricultural Produce Markets Act, 1961 for the purposes hereinafter appearing and to validate certain acts or things done or purported to be done thereunder.",16,1965,1965-10-28,,Rajasthan,,Agriculture Department,8,1,section
rajasthan-agricultural-produce-markets-validating-provisions-act-1966,"The Rajasthan Agricultural Produce Markets (Validating Provisions) Act, 1966","An Act of validate the collection of certain amounts as cess and the licenses issued under the provisions of the Rajasthan Agricultural Produces Markets Rules, 1963.",17,1966,1966-06-24,,Rajasthan,,Agriculture Department,2,1,section
rajasthan-anatomy-act-1986,"The Rajasthan Anatomy Act, 1986",,12,1986,1986-03-27,,Rajasthan,,Medical Education Department,11,1,section
rajasthan-animals-birds-sacrifice-prohibition-act-1975,"The Rajasthan Animals & Birds Sacrifice ( Prohibition ) Act, 1975","The Rajasthan Animals & Birds Sacrifice ( Prohibition ) Act,1975",21,1975,1975-04-24,1975-04-24,Rajasthan,,Animal Husbandry Department,9,1,section
rajasthan-apartment-ownership-act-2015,The Rajasthan Apartment Ownership Act 2015,The Rajasthan Apartment Ownership Act 2015,12,2019,2019-05-06,,Rajasthan,,Urban Development and Housing Department,34,1,section
rajasthan-armed-constabulary-act-1950,"Rajasthan Armed Constabulary Act, 1950",An Act for the regulation of the Rajasthan Armed Constabulary.,12,1950,1950-08-07,,Rajasthan,,Home Department,16,1,section
rajasthan-backward-classes-reservation-seats-educational-institutions-state,"The Rajasthan Backward Classes (Reservation of Seats in Educational Institutions in the State and of Appointments and Posts in Services under the State) Act, 2017",An Act to provide for the reservation of seats in educational institutions in the State and of appointments and posts in the services under the State for the category of more backward classes within the backward classes and for matters connected therewith or incidental thereto.,38,2017,2017-11-08,2017-12-20,Rajasthan,,Department of Personnel,11,1,section
rajasthan-bhoodan-yagna-act-1954,Rajasthan Bhoodan Yagna Act. 1954,,16,1954,1954-08-06,,Rajasthan,,Revenue Department,32,1,section
rajasthan-bhoodan-yagna-amending-extending-act-1961,"The Rajasthan Bhoodan Yagna (Amending and Extending) Act, 1961",,17,1961,1961-05-21,,Rajasthan,,Revenue Department,7,1,section
rajasthan-bhoodan-yagna-amendment-validation-act-1984,"The Rajasthan Bhoodan Yagna (Amendment and Validation) Act, 1984",,6,1984,1984-04-12,,Rajasthan,,Revenue Department,6,1,section
rajasthan-bovine-animal-prohibition-slaughter-amp-regulation-temprorary,"The Rajasthan Bovine Animal ( Prohibition of Slaughter &amp; Regulation of Temprorary Migration or Export ) Act, 1995","The Rajasthan Bovine Animal ( Prohibition of Slaughter & Regulation of Temprorary Migration or Export ) Act, 1995",23,1995,1995-08-24,1995-08-25,Rajasthan,,Animal Husbandry Department,19,1,section
rajasthan-camel-prohibition-slaughter-amp-regulation-temporary-migration,"The Rajasthan Camel (Prohibition of Slaughter &amp; Regulation of Temporary Migration or Export) Act, 2015","The Rajasthan Camel (Prohibition of Slaughter & Regulation of Temporary Migration or Export) Act, 2015",2,2016,2016-03-16,2016-03-16,Rajasthan,,Animal Husbandry Department,15,1,section
rajasthan-canal-substitution-name-act-1985,"The Rajasthan Canal (Substitution of Name) Act, 1985","An Act to substitute the name Indira Gandhi Canal for the name Rajasthan Canal in various laws, rules, orders, documents, etc.",4,1985,1985-04-11,,Rajasthan,,Water Resources Department,3,1,section
rajasthan-cash-jagirs-abolition-act-1958,"The Rajasthan Cash Jagirs Abolition Act, 1958",,29,1958,1958-07-13,,Rajasthan,,Revenue Department,7,1,section
rajasthan-cattle-fairs-act-1963,"The Rajasthan Cattle Fairs Act, 1963","The Rajasthan Cattle Fairs Act,1963",14,1963,1963-06-15,1963-06-17,Rajasthan,,Animal Husbandry Department,20,1,section
rajasthan-certain-municipalities-continued-existence-constitution-proceedings-boards,"The Rajasthan Certain Municipalities (Continued Existence and Constitution and Proceedings of Boards) Validating Act, 1965",,1,1965,1965-04-03,1965-04-03,Rajasthan,,Local Self Government,6,1,section
rajasthan-cinemas-regulation-amendment-act-2023,"The Rajasthan Cinemas (Regulation) (Amendment) Act, 2023",,15,2023,2023-08-08,,Rajasthan,,Home Department,12,1,section
rajasthan-civil-courts-laws-extension-act-1956,"The Rajasthan Civil Courts Laws (Extension) Act, 1956",,2,1957,1957-01-02,,Rajasthan,,Law and Legal Affairs Department,7,1,section
rajasthan-civil-services-service-matters-appellate-tribunals-act,"The Rajasthan Civil Services (Service Matters Appellate Tribunals) Act, 1976",An Act to provide for the constitution of Appellate Tribunals for the service matters and matters incidental thereto.,34,1976,1976-05-07,1976-07-01,Rajasthan,,Department of Personnel,12,1,section
rajasthan-co-operative-societies-act-2001,"The Rajasthan Co-operative Societies Act, 2001",,16,2002,2002-11-11,2002-11-13,Rajasthan,,Cooperative Department,127,1,section
rajasthan-colonisation-act-1954,"The Rajasthan Colonisation Act, 1954",,27,1954,1954-12-17,1954-12-24,Rajasthan,,Colonization Department,30,1,section
rajasthan-commercial-crops-cess-repeal-act-1972,"The Rajasthan Commercial Crops Cess (Repeal) Act, 1972",,8,1972,1972-04-18,,Rajasthan,,Revenue Department,2,1,section
rajasthan-commercial-crops-cess-repeal-act-1978,"The Rajasthan Commercial Crops Cess (Repeal) Act, 1978",,5,1978,1978-04-07,,Rajasthan,,Revenue Department,3,1,section
rajasthan-contingency-fund-act-1956,"The Rajasthan Contingency Fund Act, 1956",,40,1956,1956-12-14,,Rajasthan,,Finance Department,5,1,section
rajasthan-control-goondas-act-1975,"Rajasthan Control of Goondas Act, 1975",An Act to make special provisions for the control and suppression of Goondas with a view to the maintenance of public order.,14,1975,,,Rajasthan,,Home Department,16,1,section
rajasthan-court-fee-stamp-duty-laws-extension-act,"The Rajasthan Court Fee And Stamp Duty Laws (Extension) Act, 1958",,11,1958,1958-04-03,,Rajasthan,,Finance Department,10,1,section
rajasthan-court-fees-suits-valuation-act-1961,"The Rajasthan Court Fees and Suits Valuation Act, 1961",,23,1961,1961-08-26,,Rajasthan,,Law and Legal Affairs Department,74,1,section
rajasthan-court-wards-act-1951,"The Rajasthan Court of Wards Act, 1951",,28,1951,1951-10-17,,Rajasthan,,Law and Legal Affairs Department,64,1,section
rajasthan-dacoity-affected-areas-act-1986-rajasthan,"Rajasthan Dacoity Affected Areas Act, 1986",,11,1986,1985-09-23,,Rajasthan,,Home Department,29,1,section
rajasthan-disciplinary-proceedings-summoning-witnesses-production-documents-act,"The Rajasthan Disciplinary Proceedings (Summoning of Witnesses and Production of Documents) Act, 1959",,28,1959,1959-05-24,,Rajasthan,,Law and Legal Affairs Department,5,1,section
rajasthan-discontinuance-cesses-act-1959,"The Rajasthan Discontinuance of Cesses Act, 1959",,21,1959,1959-05-16,,Rajasthan,,Revenue Department,6,1,section
rajasthan-district-boards-act-1954,"The Rajasthan District Boards Act, 1954",An Act to provide for the establishment and constitution of District Boards in Rajasthan.,2,1954,1954-02-13,,Rajasthan,,Local Self Government,204,1,section
rajasthan-dramatic-performances-entertainments-ordinance-1949,"Rajasthan Dramatic Performances and Entertainments Ordinance, 1949",An Ordinance to provide for the control of dramatic performances and entertainments in public places.,29,1949,1949-09-15,,Rajasthan,,Home Department,15,1,section
rajasthan-electricity-duty-act-1962,"The Rajasthan Electricity (Duty) Act, 1962",,12,1962,1962-05-21,,Rajasthan,,Finance Department,11,1,section
rajasthan-electricity-duty-amendment-validation-act-1992,"The Rajasthan Electricity (Duty) (Amendment and Validation) Act, 1992","An Act further to amend the Rajasthan Electricity (Duty) Act, 1962 and to validate the levy of electricity duty during certain period.",12,1992,1992-04-25,,Rajasthan,,Energy Department,3,1,section
rajasthan-enterprises-single-window-enabling-clearance-act-2011,"The Rajasthan Enterprises Single Window Enabling and Clearance Act, 2011",,7,2011,2011-03-25,2010-12-26,Rajasthan,,Industries,22,1,section
rajasthan-epidemic-diseases-act-2020,The Rajasthan Epidemic Diseases Act 2020,Act to provide for the prevention of the spread of epidemic diseases,21,2020,2020-09-16,,Rajasthan,,Home Department,16,1,section
rajasthan-essential-services-maintenance-act-1970,"Rajasthan Essential Services Maintenance Act, 1970",An Act to provide for the maintenance of certain essential services in Rajasthan and for matters connected therewith.,22,1970,1970-09-05,,Rajasthan,,Home Department,9,1,section
rajasthan-excise-act-1950,"The Rajasthan Excise Act, 1950",,2,1950,1950-03-20,,Rajasthan,,Finance Department,73,1,section
rajasthan-farmers-participation-management-irrigation-systems-act-2000,"The Rajasthan Farmers Participation in Management of Irrigation Systems Act, 2000","The Rajasthan Farmers Participation in Management of Irrigation Systems Act, 2000",21,2000,2020-11-20,,Rajasthan,,Water Resources Department,48,1,section
rajasthan-flood-plain-zoning-act-1990,"The Rajasthan Flood Plain Zoning Act, 1990",,15,1997,1997-09-22,,Rajasthan,,Water Resources Department,30,1,section
rajasthan-gazette-rajpatra-act-1956,"The Rajasthan Gazette (Rajpatra) Act, 1956",An Act to provide for the issue and publication of an Official Gazette for the State.,45,1956,1956-12-28,,Rajasthan,,Printing and Stationery Department,5,1,section
rajasthan-general-clauses-act-1955,"The Rajasthan General Clauses Act, 1955",,8,1955,1955-09-03,,Rajasthan,,Law and Legal Affairs Department,32,1,section
rajasthan-goshala-act-1960,The Rajasthan Goshala Act 1960,"An Act to provide for better management, control and development of Gaushalas in the state of Rajasthan.",24,1960,1960-07-21,,Rajasthan,,Gopalan Department,16,1,section
rajasthan-government-electrical-undertaking-dues-recovery-act-1960,"The Rajasthan Government Electrical Undertaking (Dues Recovery) Act, 1960",An Act to extend the period of limitation and to provide for the expeditious recovery of certain sums due to the State Government or to the Rajasthan State Electricity Board.,34,1960,1960-09-24,,Rajasthan,,Energy Department,10,1,section
rajasthan-government-grant-act-1961,"The Rajasthan government grant act, 1961",,20,1961,1961-07-08,,Rajasthan,,Urban Development and Housing Department,5,1,section
rajasthan-gram-dan-act-1971,"The Rajasthan Gram Dan Act, 1971",,12,1971,1971-08-03,,Rajasthan,,Revenue Department,55,1,section
rajasthan-guaranteed-delivery-public-services-act-2011,"Rajasthan Guaranteed Delivery of Public Services Act, 2011",An act to provide for the delivery of certain service to the people of the stateby public authority within stipulated time limits and for matters connected therewith and incidental thereto.,23,2011,2011-09-21,2011-10-14,Rajasthan,,Redressal of Public Grievance Department (RPG),11,1,section
rajasthan-habitual-offenders-act-1953,"Rajasthan Habitual Offenders Act, 1953",,9,1953,1953-03-23,,Rajasthan,,Home Department,16,1,section
rajasthan-holdings-consolidation-prevention-fragmentation-act-1954,"The Rajasthan Holdings (Consolidation and Prevention of Fragmentation) Act, 1954",,24,1954,1954-11-25,,Rajasthan,,Revenue Department,48,1,section
rajasthan-home-guards-act-1963,"The Rajasthan Home Guards Act, 1963",An Act to provide for the constitution of Home Guards for use in emergencies and for other purposes in the State of Rajasthan.,9,1963,1963-04-05,,Rajasthan,,Home Department,13,1,section
rajasthan-housing-board-act-1970,"The Rajasthan Housing Board Act, 1970","The Rajasthan Housing Board Act, 1970",4,1970,1970-04-18,,Rajasthan,,Urban Development and Housing Department,63,1,section
rajasthan-housing-board-amendment-act-2020,"the Rajasthan Housing Board (Amendment) Act, 2020",,12,2020,2020-04-14,,Rajasthan,,Urban Development and Housing Department,3,1,section
rajasthan-housing-schemes-land-acquisition-act-1960,"The Rajasthan Housing Schemes (Land Acquisition) Act, 1960","The Rajasthan Housing Schemes (Land Acquisition) Act, 1960",40,1960,1960-10-26,,Rajasthan,,Urban Development and Housing Department,3,1,section
rajasthan-identification-prisoners-act-1956,"Rajasthan Identification of Prisoners Act, 1956",An Act to consolidate and amend the law authorising the taking of measurements and photographs.,12,1956,1956-05-02,,Rajasthan,,Home Department,9,1,section
rajasthan-imposition-ceiling-on-agricultural-holding-act-1973,"The Rajasthan Imposition of Ceiling on Agricultural Holding Act, 1973",,11,1973,1973-03-29,,Rajasthan,,Revenue Department,48,1,section
rajasthan-industrial-tribunal-constitution-proceedings-validating-act-1959,"The Rajasthan Industrial Tribunal (Constitution and Proceedings) Validating Act, 1959",,31,1959,1959-06-13,,Rajasthan,,Industries,2,1,section
rajasthan-irrigation-drainage-act-1954,"The Rajasthan Irrigation and Drainage Act, 1954",An Act to regulate irrigation and drainage in the State of Rajasthan.,21,1954,1956-04-01,,Rajasthan,,Water Resources Department,60,1,section
rajasthan-jagirdars-compensation-rehabilitation-grants-final-orders-validation,"The Rajasthan Jagirdars Compensation and Rehabilitation Grants (Final Orders Validation) Act, 1959",,24,1959,1959-05-26,,Rajasthan,,Revenue Department,2,1,section
rajasthan-jagirdars-debt-reduction-act-1956,"The Rajasthan Jagirdars Debt Reduction Act, 1956",,9,1957,1957-02-21,,Rajasthan,,Revenue Department,13,1,section
rajasthan-jan-aadhaar-authority-act-2020,"The Rajasthan Jan-Aadhaar Authority Act, 2020","THE RAJASTHAN JAN-AADHAAR AUTHORITY ACT, 2020",3,2020,2020-02-27,2019-12-18,Rajasthan,,Planning Department,45,1,section
rajasthan-khadi-village-industries-board-act-1955,"The Rajasthan Khadi and Village Industries Board Act, 1955",An Act to provide for the incorporation and establishment of a Board for encouraging and organizing Khadi and Village Industries in Rajasthan.,5,1955,1955-04-09,,Rajasthan,,Industries,43,1,section
rajasthan-lakes-protection-development-authority-act-2015,"The Rajasthan Lakes (Protection and Development Authority Act, 2015",,1,2015,2015-03-27,,Rajasthan,,Local Self Government,37,1,section
rajasthan-land-development-corporation-act-1975,"The Rajasthan Land Development Corporation Act, 1975",,17,1975,1975-03-29,,Rajasthan,,Revenue Department,54,1,section
rajasthan-land-laws-repealing-act-2018,"The Rajasthan Land Laws Repealing Act, 2018",,8,1918,1918-03-19,,Rajasthan,,Revenue Department,2,1,section
rajasthan-land-pooling-scheme-act-2016,"The Rajasthan Land Pooling Scheme Act, 2016",,14,2018,2018-06-14,,Rajasthan,,Urban Development and Housing Department,74,1,section
rajasthan-land-reforms-acquisition-land-owners-estates-act-1963,"The Rajasthan Land Reforms and Acquisition of Land-Owners Estates Act, 1963",,11,1964,1964-04-06,,Rajasthan,,Revenue Department,36,1,section
rajasthan-land-reforms-resumption-jagirs-act-1952,"The Rajasthan Land Reforms and Resumption of Jagirs Act, 1952",,6,1952,1952-02-13,,Rajasthan,,Revenue Department,62,1,section
rajasthan-land-revenue-act-1956,"The Rajasthan Land Revenue Act, 1956",,15,1956,1956-05-23,,Rajasthan,,Revenue Department,294,1,section
rajasthan-land-revenue-surcharge-act-1960,"The Rajasthan Land Revenue (Surcharge) Act, 1960",,16,1960,1960-04-26,,Rajasthan,,Revenue Department,7,1,section
rajasthan-lands-buildings-tax-act-1964,"The Rajasthan Lands and Buildings Tax Act, 1964","The Rajasthan Lands and Buildings Tax Act, 1964",18,1964,1964-04-01,,Rajasthan,,Local Self Government,42,1,section
rajasthan-lands-restrictions-on-transfer-act-1976,"The Rajasthan Lands (Restrictions on Transfer) Act, 1976",,27,1976,1976-04-15,,Rajasthan,,Revenue Department,12,1,section
rajasthan-laws-application-sirohi-act-1953,"The Rajasthan Laws (Application to Sirohi) Act, 1953",,3,1953,1953-01-29,,Rajasthan,,Law and Legal Affairs Department,7,1,section
rajasthan-laws-extension-act-1957,"The Rajasthan Laws (Extension) Act, 1957",,27,1957,1957-09-01,,Rajasthan,,Law and Legal Affairs Department,9,1,section
rajasthan-laws-repealing-act-1954,"The Rajasthan Laws Repealing Act, 1954",,1,1954,1954-02-27,,Rajasthan,,Law and Legal Affairs Department,5,1,section
rajasthan-laws-repealing-act-1997,"The Rajasthan Laws Repealing Act, 1997",,7,1997,1997-03-22,,Rajasthan,,Law and Legal Affairs Department,3,1,section
rajasthan-laws-repealing-act-2015,"The Rajasthan Laws Repealing Act, 2015",,35,2015,2015-10-15,,Rajasthan,,Law and Legal Affairs Department,3,1,section
rajasthan-laws-repealing-act-2023,"The Rajasthan Laws Repealing Act, 2023",,14,2023,2023-08-04,,Rajasthan,,Law and Legal Affairs Department,3,1,section
rajasthan-laws-repealing-amending-act-1962,"The Rajasthan Laws Repealing and Amending Act, 1962",,21,1962,1962-12-08,,Rajasthan,,Law and Legal Affairs Department,4,1,section
rajasthan-legislative-assembly-members-prevention-disqualification-act-2017,"The Rajasthan Legislative Assembly Members (Prevention of Disqualification) Act, 2017","राजस्थान विधान सभा सदस्य (निरर्हता-निवारण) अधिनियम, 2017",37,2017,2017-11-09,,Rajasthan,,Parliamentary Affairs Department,4,1,section
rajasthan-legislative-assembly-officers-members-emoluments-pension-act,"The Rajasthan Legislative Assembly (Officers and Members Emoluments and Pension) Act, 1956",An Act to provide the emoluments and pension to be paid to the Officers and Members of the Legislative Assembly of the State Of Rajasthan.,6,1957,1957-01-11,,Rajasthan,,Parliamentary Affairs Department,28,1,section
rajasthan-local-fund-audit-act-1954,"The Rajasthan Local Fund Audit Act, 1954",,28,1954,1954-12-17,,Rajasthan,,Finance Department,18,1,section
rajasthan-lokayukta-up-lokayuktas-act-1973,"The Rajasthan Lokayukta and UP-Lokayuktas Act, 1973",An Act to make provisions for the appointment and functions of certain authorities for the investigation of allegations against Ministers and public servants in certain cases and for matters connected therewith.,9,1973,1973-03-26,1973-02-03,Rajasthan,,Department of Personnel,23,1,section
rajasthan-madarsa-board-act-2020,Rajasthan Madarsa Board Act 2020,,24,2020,2020-09-22,2020-09-23,Rajasthan,,Minority Affairs Department,32,1,section
rajasthan-madhya-pradesh-transfer-territories-act-1959,"The Rajasthan and Madhya Pradesh (Transfer of Territories) Act, 1959",An Act to provide for the transfer of certain territories from the State of Rajasthan to the State of Madhya Pradesh and for matters connected therewith.,47,1959,1959-09-18,1959-09-18,CENTRAL,Ministry of Home Affairs,Department of States,17,1,section
rajasthan-medical-act-1952,The Rajasthan Medical Act 1952,,13,1952,1952-03-18,,Rajasthan,,Medical and Health Department,4,1,section
rajasthan-medicare-service-persons-medicare-service-institutions-prevention,"The Rajasthan Medicare Service Persons and Medicare Service Institutions (Prevention of Violence and Damage to Property) Act, 2008",An Act to prohibit violence against Medicare Service Persons and Damage to Property in Medicare Service Institutions and for matters connected there-with and incidental thereto.,24,2008,2008-06-04,,Rajasthan,,Medical Education Department,8,1,section
rajasthan-micro-small-medium-enterprises-facilitation-establishment-operation,"The Rajasthan Micro, Small and Medium Enterprises (Facilitation of Establishment and Operation) Act, 2019",,14,2019,2019-07-17,2019-03-04,Rajasthan,,Industries,13,1,section
rajasthan-ministers-salaries-act-1956,"The Rajasthan Ministers' Salaries Act, 1956",An Act to provide for the salaries of the Ministers of the State of Rajasthan.,43,1956,1956-12-28,,Rajasthan,,General Administration Department,14,1,section
rajasthan-money-lenders-act-1963,"The Rajasthan Money-Lenders Act, 1963",,1,1964,1964-03-09,,Rajasthan,,Revenue Department,39,1,section
rajasthan-motor-vehicles-taxation-act-1951,"The Rajasthan Motor Vehicles Taxation Act, 1951",An Act to provide for the imposition of tax on Motor Vehicles throughout the State of Rajasthan,11,1951,1951-04-01,,Rajasthan,,Transport Department,38,1,section
rajasthan-municipal-boards-validating-act-1956,"The Rajasthan Municipal Boards Validating Act, 1956",,37,1956,1956-10-31,,Rajasthan,,Urban Development and Housing Department,2,1,section
rajasthan-municipal-elections-validating-act-1961,"The Rajasthan Municipal Elections (Validating) Act, 1961",,1,1961,1961-10-21,1961-10-21,Rajasthan,,Local Self Government,6,1,section
rajasthan-municipal-taxes-validating-act-1961,"The Rajasthan Municipal Taxes (Validating) Act, 1961",,1,1961,1961-10-21,1961-10-21,Rajasthan,,Local Self Government,3,1,section
rajasthan-municipalities-act-2009,"Rajasthan Municipalities Act, 2009",,18,2009,2009-09-11,,Rajasthan,,Local Self Government,345,1,section
rajasthan-municipalities-amendment-validation-act-1986,"The Rajasthan Municipalities (Amendment and Validation) Act, 1986",,19,1987,1987-04-20,,Rajasthan,,Local Self Government,5,1,section
rajasthan-municipalities-amendment-validation-act-1987,"The Rajasthan Municipalities (Amendment and Validation) Act, 1987",,27,1987,1987-11-03,,Rajasthan,,Local Self Government,3,1,section
rajasthan-municipalities-amendment-validation-act-1996,"The Rajasthan Municipalities (Amendment and Validation) Act, 1996",,4,1996,1996-12-07,,Rajasthan,,Local Self Government,7,1,section
rajasthan-municipalities-amendment-validation-act-2000,"The Rajasthan Municipalities (Amendment and Validation) Act, 2000",,17,2000,2000-11-20,,Rajasthan,,Local Self Government,2,1,section
rajasthan-municipalities-laws-repeal-revival-act-2009,"Rajasthan Municipalities Laws (Repeal and Revival) Act, 2009",,10,2009,2009-03-17,,Rajasthan,,Local Self Government,4,1,section
rajasthan-municipalities-validation-constitution-vidya-vihar-municipality-amendment,"The Rajasthan Municipalities (Validation of Constitution of Vidya Vihar Municipality and Amendment) Act, 1984",,1,1984,1984-11-09,1984-11-09,Rajasthan,,Local Self Government,6,1,section
rajasthan-noises-control-act-1993,Rajasthan Noises Control Act 1993,An act to provide for the control of noises in the State of Rajasthan,12,1963,1963-04-29,,Rajasthan,,Home Department,10,1,section
rajasthan-non-government-educational-institutions-act-1989,"The Rajasthan Non-Government Educational Institutions Act, 1989",An Act to provide for better organisation and development of education in the Non-Government educational institutions in the State of Rajasthan.,19,1992,1993-06-04,,Rajasthan,,Elementary Education Department,43,1,section
rajasthan-non-government-educational-institutions-act-1989-rajasthan,"The Rajasthan Non-Government Educational Institutions Act, 1989",An Act to provide for better organisation and development of education in the Non-Government educational institutions in the State of Rajasthan.,19,1992,1993-06-04,,Rajasthan,,Secondary Education,43,1,section
rajasthan-non-trading-companies-act-1960,"The Rajasthan Non-Trading Companies Act, 1960","An Act to provide the law for the incorporation, regulation and winding up of non-trading companies and certain other associations with objects confined to the State of Rajasthan.",13,1960,1960-04-08,,Rajasthan,,Industries,3,1,section
rajasthan-nurses-midwives-health-visitors-auxiliary-nurse-midwives-registration,"Rajasthan Nurses, Midwives, Health Visitors and Auxiliary Nurse-Midwives Registration Act, 1964","Rajasthan Nurses, Midwives, Health Visitors and Auxiliary Nurse-Midwives Registration Act, 1964",9,1964,1964-03-28,,Rajasthan,,Medical and Health Department,37,1,section
rajasthan-official-language-act-1956,"The Rajasthan Official Language Act, 1956",An Act to make provision for the language to be used for various official purposes of the State of Rajasthan.,47,1956,1956-12-29,,Rajasthan,,Language and Library Department,2,1,section
rajasthan-opium-smoking-prohibition-act-1950,"The Rajasthan Opium Smoking Prohibition Act, 1950",,7,1950,1950-07-01,,Rajasthan,,Finance Department,19,1,section
rajasthan-pass-book-agricultural-holdings-act-1983,The Rajasthan Pass Book (Agricultural Holdings) Act 1983,,14,1983,1983-09-30,,Rajasthan,,Revenue Department,14,1,section
rajasthan-pensions-act-1958,"The Rajasthan Pensions Act, 1958",,27,1958,1958-05-22,,Rajasthan,,Finance Department,11,1,section
rajasthan-police-act-2007,The Rajasthan Police Act 2007,An Act to consolidate and amend the law relating to Police Force in the State of Rajasthan and matters connected therewith or incidental thereto,14,2007,2007-11-01,,Rajasthan,,Home Department,73,1,section
rajasthan-police-incitement-disaffection-act-1979,"Rajasthan Police Incitement to Disaffection Act, 1979",An Act to provide penalty for spreading disaffection among the police force and for kindred Offences.,11,1979,1979-11-02,,Rajasthan,,Home Department,9,1,section
rajasthan-power-sector-reforms-act-1999,"The Rajasthan Power Sector Reforms Act, 1999","An Act to provide for the constitution of an Electricity Regulatory Commission, restructuring of the electricity industry by rationalisation of the generation, transmission, distribution and supply of electricity and generally for taking measures conducive to (he development and management of the electricity industry in an efficient, economic and competitive manner and/or matters connected therewith or incidental thereto.",23,1999,1999-12-28,,Rajasthan,,Energy Department,61,1,section
rajasthan-pre-emption-act-1966,"Rajasthan Pre-Emption Act, 1966","RAJASTHAN PRE-EMPTION ACT, 1966",1,1966,1966-02-01,,Rajasthan,,Local Self Government,24,1,section
rajasthan-prevention-anti-social-activities-act-2006,"Rajasthan Prevention of Anti-Social Activities Act, 2006","An Act to provide for preventive detention of boot-leggers, dangerous persons, drug offenders, immoral traffic offenders and property grabbers for preventing their anti-social and dangerous activities prejudicial to the maintenance of public order.",1,2008,2008-03-05,,Rajasthan,,Home Department,18,1,section
rajasthan-prevention-mrityu-bhoj-act-1960,"Rajasthan Prevention of Mrityu Bhoj Act, 1960",,1,1960,1960-02-03,,Rajasthan,,Revenue Department,13,1,section
rajasthan-prevention-witch-hunting-act-2015,Rajasthan Prevention of Witch-Hunting Act 2015,,14,2015,2015-08-17,,Rajasthan,,Woman and Child Development Department,15,1,section
rajasthan-preventive-detention-repealing-act-1996,"The Rajasthan Preventive Detention (Repealing) Act, 1996","An Act to repeal the Rajasthan Preventive Detention Act, 1970.",6,1996,1996-08-07,,Rajasthan,,Home Department,2,1,section
rajasthan-prisoners-act-1960,"Rajasthan Prisoners Act, 1960",An Act to consolidate and amend the law relating to prisoners in the State of Rajasthan,39,1960,1960-11-05,,Rajasthan,,Home Department,14,1,section
rajasthan-prohibition-act-repealing-act-1981,"The Rajasthan Prohibition Act Repealing Act, 1981",,13,1981,1981-08-11,,Rajasthan,,Finance Department,5,1,section
rajasthan-provisional-collection-taxes-act-1958,"The Rajasthan Provisional Collection of Taxes Act, 1958",,23,1958,1958-05-22,,Rajasthan,,Finance Department,5,1,section
rajasthan-public-debt-act-1956,"The Rajasthan Public Debt Act, 1956",,32,1956,1956-10-30,,Rajasthan,,Finance Department,4,1,section
rajasthan-public-demands-recovery-act-1952,"The Rajasthan Public Demands Recovery Act, 1952",,5,1952,1952-01-25,,Rajasthan,,Finance Department,29,1,section
rajasthan-public-parks-act-1956,"Rajasthan Public Parks Act, 1956",,1,1956,1956-06-01,1956-06-01,Rajasthan,,Local Self Government,10,1,section
rajasthan-public-premises-eviction-unauthorised-occupants-act-1964,"The Rajasthan Public Premises (Eviction of Unauthorised Occupants) Act, 1964",To provide for the eviction of unauthorised occupants from public premises and for certain incidental matters.,2,1965,1965-01-11,,Rajasthan,,General Administration Department,19,1,section
rajasthan-public-service-commission-regulation-validation-procedure-act,"The Rajasthan Public Service Commission (Regulation and Validation of Procedure) Act, 1976",An Act to provide for the regulation of the procedure of the Rajasthan Public Service Commission and Validation of matters connected therewith.,5,1976,1976-02-04,1950-01-26,Rajasthan,,Department of Personnel,5,1,section
rajasthan-public-trust-act-1959,Rajasthan Public Trust Act 1959,"राजस्थान लोक न्यास अधिनियम, 1959",42,1959,1959-10-22,,Rajasthan,,Devasthan Department,82,1,section
rajasthan-refuse-conversion-into-manure-act-1951,"Rajasthan Refuse (Conversion into Manure) Act, 1951",,1,1951,1951-02-22,1951-02-22,Rajasthan,,Local Self Government,6,1,section
rajasthan-regulation-appointments-public-services-rationalisation-staff-act,"The Rajasthan (Regulation of Appointments to Public Services and Rationalisation of Staff) Act, 1999",,6,1999,1999-05-05,,Rajasthan,,Finance Department,20,1,section
rajasthan-rehabilitation-beggars-or-indigents-act-2012,"The Rajasthan Rehabilitation of Beggars or Indigents Act, 2012",An Act to provide for the rehabilitation of beggars or indigents and for matters connected therewith and incidental thereto.,36,2012,2012-11-16,,Rajasthan,,Social Justice Empowerment Department,24,1,section
rajasthan-relief-agricultural-indebtedness-act-1957,"Rajasthan Relief of Agricultural Indebtedness Act, 1957",,28,1957,1957-09-21,,Rajasthan,,Revenue Department,29,1,section
rajasthan-relief-undertakings-special-provisions-act-1961,"The Rajasthan Relief Undertakings (Special Provisions) Act, 1961","An Act to make special provisions to enable certain industrial undertakings to attain revival and to offer continued employment to their employees, by declaring them as Relief Undertakings, and for other matters connected therewith.",9,1961,1961-03-31,,Rajasthan,,Industries,5,1,section
rajasthan-religious-buildings-places-act-1954,"Rajasthan Religious Buildings and Places Act, 1954",राजस्थान धार्मिक भवन व स्थल अधिनियम- 1954,18,1954,1954-08-15,,Rajasthan,,Devasthan Department,14,1,section
rajasthan-rent-control-act-2001,"The Rajasthan Rent Control Act, 2001",,1,2003,2003-03-11,,Rajasthan,,Local Self Government,43,1,section
rajasthan-requisitioning-land-improvement-agriculture-act-1951,"Rajasthan Requisitioning of Land (Improvement of Agriculture) Act, 1951",,29,1951,1951-12-08,,Rajasthan,,Revenue Department,17,1,section
rajasthan-right-hearing-act-2012,"Rajasthan Right to Hearing Act, 2012",An act to provide the right of hearing to the people within stipulated time limits and to provide for matters connected therewith and incidental thereto.,22,2012,2012-05-22,2012-08-01,Rajasthan,,Redressal of Public Grievance Department (RPG),13,1,section
rajasthan-river-basin-water-resources-planning-act-2015,"The Rajasthan River Basin and Water Resources Planning Act, 2015",,15,2015,2015-04-24,,Rajasthan,,Water Resources Department,25,1,section
rajasthan-scheduled-castes-scheduled-tribes-backward-classess-special,"The Rajasthan Scheduled Castes, Scheduled Tribes, Backward Classess, Special Backward Classes and Economically Backward Classes (Reservation of Seats in Educationl Institutions in the State and of Appointments and Posts in Services under the State) Act, 2008","An Act to provide for the reservation of seats in educational institutions in the State and of appointments and posts in the services under the State in favour of the Scheduled Castes, Scheduled Tribes, Backward Classes, Special Backward Classes and economically Backward classes and for matters connected therewith or incidental thereto.",12,2009,2009-07-30,2009-08-25,Rajasthan,,Department of Personnel,10,1,section
rajasthan-scheduled-debtors-liquidation-indebtedness-act-1976,"The Rajasthan Scheduled Debtors (Liquidation of Indebtedness) Act, 1976",,23,1976,1976-04-05,,Rajasthan,,Revenue Department,10,1,section
rajasthan-scheduled-debtors-moratorium-on-debts-act-1976,"The Rajasthan Scheduled Debtors (Moratorium on Debts) Act, 1976",,15,1976,1976-02-13,,Rajasthan,,Revenue Department,11,1,section
rajasthan-schools-regulation-fee-act-2016,"The Rajasthan Schools (Regulation of Fee) Act, 2016",An Act to provide for the regulation of collection of fee by schools in the State of Rajasthan and matters connected therewith and incidental thereto.,14,2016,2016-11-05,,Rajasthan,,Elementary Education Department,22,1,section
rajasthan-schools-regulation-fee-act-2016-rajasthan-2016,"The Rajasthan Schools (Regulation of Fee) Act, 2016",An Act to provide for the regulation of collection of fee by schools in the State of Rajasthan and matters connected therewith and incidental thereto.,14,2016,2016-11-05,,Rajasthan,,Secondary Education,22,1,section
rajasthan-secondary-education-act-1957,The Rajasthan Secondary Education Act 1957,The Rajasthan Secondary Education Act 1957,42,1957,1957-12-04,,Rajasthan,,Secondary Education,44,1,section
rajasthan-shops-commercial-establishment-act-1958,"The Rajasthan Shops And Commercial Establishment Act, 1958",,31,1958,1959-06-01,,Rajasthan,,Labour Skill Employment & Entrepreneurship Department,43,1,section
rajasthan-shops-commercial-establishments-act-1958,"The Rajasthan Shops and Commercial Establishments Act, 1958",,31,1958,1958-08-04,,Rajasthan,,Local Self Government,43,1,section
rajasthan-societies-registration-act-1958,"The Rajasthan Societies Registration Act, 1958","THE RAJASTHAN SOCIETIES REGISTRATION ACT, 1958",28,1958,,1959-04-01,Rajasthan,,Cooperative Department,21,1,section
rajasthan-special-courts-repeal-act-2020,"The Rajasthan Special Courts (Repeal) Act, 2020","An Act to repeal the Rajasthan Special Courts Act, 2012.",14,2020,2020-09-11,,Rajasthan,,Home Department,2,1,section
rajasthan-special-economic-zones-act-2015,"The Rajasthan Special Economic Zones Act, 2015","An Act to provide for the establishment, maintenance, management and administration of Special Economic Zones in the State to promote and assist the rapid and orderly establishment, growth and development of enterprises and to attract investment in such Special Economic Zones; and to provide for the matters connected therewith or incidental thereto.",1,2016,2015-12-31,,Rajasthan,,Industries,24,1,section
rajasthan-special-investment-regions-act-2016,"The Rajasthan Special Investment Regions Act, 2016",,13,2016,2016-04-25,,Rajasthan,,Industries,84,1,section
rajasthan-stamp-act-1998,"The Rajasthan Stamp Act, 1998",An Act to consolidate and amend the law relating to Stamps in the State of Rajasthan,14,1999,1999-03-24,,Rajasthan,,Finance Department,91,1,section
rajasthan-state-aid-industries-act-1961,"The Rajasthan State Aid to Industries Act, 1961",An Act to regulate the giving of aid by the State Government to Industries in the State of Rajasthan.,25,1961,1961-10-16,,Rajasthan,,Industries,9,1,section
rajasthan-state-commission-backward-classes-act-2017,"Rajasthan State Commission for Backward Classes Act, 2017",to constitute the Rajasthan State Commission for Backward Classes other than the Scheduled Castes and the Scheduled Tribes and to provide for matters connected therewith or incidental thereto,12,2017,2017-11-30,,Rajasthan,,Social Justice Empowerment Department,19,1,section
rajasthan-state-commission-backward-classes-act-2017-rajasthan,"The Rajasthan State Commission for Backward Classes Act, 2017",An Act to constitute the Rajasthan State Commission for Backward Classes other than the Scheduled Castes and the Scheduled Tribes and to provide for matters connected therewith or incidental thereto.,4,2017,2017-03-28,2017-03-28,Rajasthan,,Department of Personnel,19,1,section
rajasthan-state-commission-minorities-act-2001,"The Rajasthan State Commission for Minorities Act, 2001","The Rajasthan State Commission for Minorities Act, 2001",8,2001,2018-05-24,2001-12-13,Rajasthan,,Minority Affairs Department,17,1,section
rajasthan-state-commission-women-act-1999,"The Rajasthan State Commission for Women Act, 1999",,4,1999,1999-04-28,,Rajasthan,,Woman and Child Development Department,22,1,section
rajasthan-state-cooperative-socities-act-2001,Rajasthan State Cooperative Socities Act 2001,RAJASTHAN COOPERATIVE DAIRY FEDERATION LTD BYE-LAWS,16,2002,2015-04-01,,Rajasthan,,Gopalan Department,39,1,section
rajasthan-state-electricity-distribution-management-responsibility-act-2016,"Rajasthan State Electricity Distribution Management Responsibility Act, 2016",,7,2016,2016-04-08,,Rajasthan,,Energy Department,18,1,section
rajasthan-state-highway-act-2014,Rajasthan State Highway Act 2014,"To provide for the declaration, development, operation, safety and regulation of state highways and the use of land appurtenant thereto, acquisition of land for highways and other roads, constitution of the Rajasthan State Highways Authority, and for matters connected therewith or incidental thereto",22,2014,2015-04-29,,Rajasthan,,Public Works Department(PWD),107,1,section
rajasthan-state-road-development-fund-act-2004,"The Rajasthan State Road Development Fund ACT, 2004","An act to provide for establishment of a Fund for development of State roads and for this purpose to levy and collect, by way of cess, a tax on sale of motor spirit known as petrol and high speed diesel oil and for the matters connected therewith and incidental thereto",13,2004,2004-08-10,,Rajasthan,,Public Works Department(PWD),12,1,section
rajasthan-statutory-rules-orders-extension-act-1957,"The Rajasthan Statutory Rules and Orders (Extension) Act, 1957",,40,1957,1957-12-03,,Rajasthan,,Law and Legal Affairs Department,10,1,section
rajasthan-sub-grants-resumption-validation-act-1959,"The Rajasthan Sub-Grants Resumption Validation Act, 1959",,41,1959,1959-10-09,,Rajasthan,,Revenue Department,5,1,section
rajasthan-superimposed-stamps-validating-act-1962,"The Rajasthan Superimposed Stamps Validating Act, 1962",,15,1962,1962-06-04,,Rajasthan,,Finance Department,2,1,section
rajasthan-tax-on-professions-trades-callings-employments-act,"The Rajasthan Tax on Professions, Trades, Callings and Employments Act, 2000",,12,2000,2000-05-09,,Rajasthan,,Finance Department,33,1,section
rajasthan-taxation-tribunal-repeal-act-1999,"The Rajasthan Taxation Tribunal (Repeal) Act, 1999",,5,1999,1999-02-27,,Rajasthan,,Finance Department,9,1,section
rajasthan-technical-university-act-2006,The Rajasthan Technical University Act 2006,The RAJASTHAN TECHNICAL UNIVERSITY ACT 2006,8,2006,2005-12-31,,Rajasthan,,Technical Education Department,50,1,section
rajasthan-tenancy-act-1955,"Rajasthan Tenancy Act, 1955",,3,1955,1955-03-21,,Rajasthan,,Revenue Department,286,1,section
rajasthan-university-health-sciences-act-2005,"The Rajasthan University of Health Sciences Act, 2005",,1,2005,2005-02-25,,Rajasthan,,Medical Education Department,50,1,section
rajasthan-urban-improvement-act-1959,"The Rajasthan Urban Improvement Act, 1959","The Rajasthan Urban Improvement Act, 1959",35,1959,1959-07-24,,Rajasthan,,Urban Development and Housing Department,99,1,section
rajasthan-urban-improvement-amendment-validation-act-1973,"The Rajasthan Urban Improvement (Amendment and Validation) Act, 1973",,10,1973,1972-12-02,,Rajasthan,,Urban Development and Housing Department,6,1,section
rajasthan-urban-improvement-amendment-validation-act-1990,"The Rajasthan Urban Improvement (Amendment and Validation) Act, 1990",,5,1995,1995-04-06,,Rajasthan,,Urban Development and Housing Department,3,1,section
rajasthan-urban-land-certification-titles-act-2016,"the Rajasthan Urban Land (Certification of Titles) Act, 2016",,12,2016,2016-04-26,,Rajasthan,,Urban Development and Housing Department,40,1,section
rajasthan-urban-property-restriction-transfer-repeal-act-1978,"The Rajasthan Urban Property (Restriction of Transfer) Repeal Act, 1978",,18,1978,1978-11-16,,Rajasthan,,Urban Development and Housing Department,2,1,section
rajasthan-value-added-tax-act-2003,"The Rajasthan Value Added Tax Act, 2003",,4,2003,2003-03-30,,Rajasthan,,Finance Department,98,1,section
rajasthan-vexatious-litigation-prevention-act-2015,"The Rajasthan Vexatious Litigation (Prevention) Act, 2015","An Act to prevent the institution or continuance of vexatious proceedings, civil and criminal, in the High Court and Courts subordinate thereto.",36,2015,2015-10-15,,Rajasthan,,Law and Legal Affairs Department,7,1,section
rajasthan-warehouses-act-1958,"The Rajasthan Warehouses Act, 1958","The Rajasthan Warehouses Act, 1958",48,1999,1999-10-31,,Rajasthan,,Agriculture Department,37,1,section
rajasthan-water-resources-regulatory-act-2012,"The Rajasthan Water Resources Regulatory Act, 2012",,38,2013,2013-09-25,,Rajasthan,,Water Resources Department,31,1,section
rajasthan-water-supply-sewerage-corporation-act-1979,"The Rajasthan Water Supply and Sewerage Corporation Act, 1979","An Act to provide for the establishment of a Water Supply and Sewerage Corporation for rapid development and proper regulation of water supply and sewerage services, and for performance of other environmental engineering services in the State of Rajasthan.",15,1979,1979-10-12,,Rajasthan,,Public Health Engineering Department(PHED),68,1,section
rajasthan-zamindari-biswedari-abolition-act-1959,"The Rajasthan Zamindari and Biswedari Abolition Act, 1959",,8,1959,1959-02-27,,Rajasthan,,Revenue Department,37,1,section
rajghat-samadhi-act-1951,"The Rajghat Samadhi Act, 1951",An Act to provide for the administration and control of the Rajghat Samadhi in Delhi.,41,1951,1951-06-29,1952-06-07,CENTRAL,Ministry of Housing and Urban Affairs,,9,1,section
rajiv-gandhi-institute-petroleum-technology-act-2007,"The Rajiv Gandhi Institute of Petroleum Technology Act, 2007",An Act to declare the institution known as the Rajiv Gandhi Institute of Petroleum Technology to be an institution of national importance and to provide for its incorporation and for matters connected therewith.,54,2007,2007-12-20,2008-06-01,CENTRAL,Ministry of Petroleum and Natural Gas,,40,1,section
rajiv-gandhi-national-aviation-university-act-2013,"The Rajiv Gandhi National Aviation University Act, 2013","An Act to establish and incorporate a national aviation University to facilitate and promote aviation studies and research to achieve excellence in areas of aviation management, policy, science and technology, aviation environment, training in governing fields of safety and security regulations on aviation and other related fields to produce quality human resources to cater to the needs of the aviation sector and to provide for matters connected therewith or incidental thereto.",26,2013,2013-09-18,2013-11-18,CENTRAL,Ministry of Civil Aviation,,48,1,section
rajiv-gandhi-national-institute-youth-development-act-2012,"The Rajiv Gandhi National Institute of Youth Development Act, 2012","An Act to declare the institution known as the Rajiv Gandhi National Institute of Youth Development, to be an institution of national importance and to provide for its incorporation and for matters connected therewith or incidental thereto.",35,2012,2012-08-30,2012-11-19,CENTRAL,Ministry of Youth Affairs and Sports,Department of Youth Affairs,46,1,section
rajiv-gandhi-science-technology-commission-act-2004,"The Rajiv Gandhi Science and Technology Commission Act, 2004",,15,2004,2004-12-15,,Maharashtra,Govt of Maharashtra,General Administration Department,29,1,section
rajiv-gandhi-university-act-2006,"The Rajiv Gandhi University Act, 2006",An Act to establish and incorporate a teaching and affiliating University in the State of Arunachal Pradesh and to provide for matters connected therewith or incidental thereto.,8,2007,2007-01-10,2007-04-01,CENTRAL,Ministry of Education,Department of Higher Education,49,1,section
ram-krishna-dharmarth-foundation-rkdf-university-act-2018,"The Ram Krishna Dharmarth Foundation (RKDF) University Act, 2018",,22,2018,2018-12-06,,Jharkhand,,"Higher Technical Education and Skill Development Department, Government of Jharkhand",46,1,section
ramagundam-metropolitan-area-police-act-2016,"The Ramagundam (Metropolitan Area) Police Act, 2016.",An Act to provide for the establishment of Ramagundam Police Commissionerate for the Metropolitan Area of Ramagundam and for the matters connected therewith or incidental thereto.,4,2017,2017-01-19,2016-10-08,Telangana,,Home,12,1,section
ramchandra-chandravansi-university-act-2018,"The Ramchandra Chandravansi University Act, 2018",,10,2018,2018-09-19,,Jharkhand,,"Higher Technical Education and Skill Development Department, Government of Jharkhand",46,1,section
rampur-application-laws-act-1950,"Rampur (Application of Laws) Act, 1950",,12,1950,1950-03-16,,Uttar Pradesh,,Home,10,1,section
rampur-raza-library-act-1975,"The Rampur Raza Library Act, 1975",An Act to declare the Rampur Raza Library to be an institution of national importance and to provide for its administration and matters connected therewith or incidental thereto.,22,1975,1975-05-09,1975-07-01,CENTRAL,Ministry of Culture,,29,1,section
rashtriya-raksha-university-act-2020,"The Rashtriya Raksha University Act, 2020.",An Act to establish and declare an institution to be known as the Rashtriya Raksha University as an institution of national importance and to provide for its incorporation and matters connected therewith or incidental thereto.,31,2020,2020-09-28,2020-10-01,CENTRAL,Ministry of Home Affairs,Department of Internal Security,53,1,section
readjustment-representation-scheduled-tribes-assembly-constituencies-state-goa,"The Readjustment of Representation of Scheduled Tribes in Assembly Constituencies of the State of Goa Act, 2025","An Act for enabling reservation of seats in accordance with article 332 of the Constitution for effective democratic participation of members of Scheduled Tribes and to provide for the readjustment of seats in the Legislative Assembly of the State of Goa, in so far as such readjustment is necessitated by inclusion of certain communities in the list of the Scheduled Tribes in the State of Goa and for matters connected therewith or incidental thereto.",21,2025,2025-08-13,,CENTRAL,Ministry of Law and Justice,Legislative Department,8,1,section
real-estate-regulation-development-act-2016,"The Real Estate (Regulation and Development) Act, 2016.","An Act to establish the Real Estate Regulatory Authority for regulation and promotion of the real estate sector and to ensure sale of plot, apartment or building, as the case may be, or sale of real estate project, in an efficient and transparent manner and to protect the interest of consumers in the real estate sector and to establish an adjudicating mechanism for speedy dispute redressal and also to establish the Appellate Tribunal to hear appeals from the decisions, directions or orders of the Real Estate Regulatory Authority and the adjudicating officer and for matters connected therewith or incidental thereto.",16,2016,2016-03-25,2016-05-01,CENTRAL,Ministry of Housing and Urban Affairs,,92,1,section
reciprocity-act-1943,"The Reciprocity Act, 1943","An Act to make provisions on a basis of reciprocity in regard to entry into, travel, residence, the acquisition, holding or disposal of property, the enjoyment of educational facilities, the holding of public office, or the carrying on of any occupation, trade, business or profession in India by, and the franchise in India of, persons domiciled in British Possessions.",9,1943,1943-03-31,1943-03-31,CENTRAL,Ministry of External Affairs,,7,1,section
recovery-debts-bankruptcy-act-1993,"The Recovery Of Debts And Bankruptcy Act, 1993",An Act to provide for the establishment of Tribunals for expeditious adjudication and recovery of debts due to banks and financial institutions and for matters connected therewith or incidental thereto.,51,1993,1993-08-27,1993-06-24,CENTRAL,Ministry of Finance,Department of Financial Services,45,1,section
recycling-ships-act-2019,"The Recycling of Ships Act, 2019",An Act to provide for the regulation of recycling of ships by setting certain standards and laying down the statutory mechanism for enforcement of such standards and for matters connected therewith or incidental thereto.,49,2019,2019-12-13,,CENTRAL,Ministry of Shipping,,47,1,section
regional-centre-biotechnology-act-2016,"The Regional Centre for Biotechnology Act, 2016.",An Act to provide for the establishment of an institution of national importance to be known as Regional Centre for Biotechnology and to provide for matters connected therewith or incidental thereto.,36,2016,2016-07-29,2017-03-01,CENTRAL,Ministry of Science and Technology,Department of Bio-Technology,46,1,section
regional-rural-banks-act-1976,"The Regional Rural Banks Act, 1976","An Act to provide for the incorporation, regulation and winding up of Regional Rural Banks with a view to developing the rural economy by providing, for the purpose of development of agriculture, trade, commerce, industry and other productive activities in the rural areas, credit and other facilities, particularly to the small and marginal farmers, agricultural labourers, artisans and small entrepreneurs, and for matters connected therewith and incidental thereto.",21,1976,1976-02-09,1975-09-26,CENTRAL,Ministry of Finance,Department of Financial Services,37,1,section
registration-act,"The Registration Act, 1908",An Act to consolidate the enactments relating to the Registration of Documents.,16,1908,1908-12-18,1909-01-01,CENTRAL,Ministry of Rural Development,Department of Land Resources,96,1,section
registration-births-deaths-act-1969,"The Registration of Births and Deaths Act, 1969",An Act to provide for the regulation of registration of births and deaths and for matters connected therewith.,18,1969,1969-05-31,1970-10-01,CENTRAL,Ministry of Home Affairs,Department of Home,33,1,section
regularisation-unauthorised-developments-city-ulhasnagar-act-2006,"The Regularisation of Unauthorised Developments in the City of Ulhasnagar Act, 2006.",,9,2006,2006-04-21,,Maharashtra,Govt of Maharashtra,Urban Development Department,12,1,section
rehabilitation-council-india-act-1992,"The Rehabilitation Council of India Act, 1992","An Act to provide for the constitution of the Rehabilitation Council of India for regulating and monitoring the training of rehabilitation professionals and personnel, promoting research in rehabilitation and special education, the maintenance of a Central Rehabilitation Register and for matters connected therewith or incidental thereto.",34,1992,1992-09-01,1993-07-31,CENTRAL,Ministry of Social Justice and Empowerment,Department of Empowerment of Persons with Disabilities,30,1,section
rehabilitation-finance-administration-act-1948,"The Rehabilitation Finance Administration Act, 1948",An Act to establish the Rehabilitation Finance Administration.,12,1948,1948-03-23,1948-06-01,CENTRAL,Ministry of Home Affairs,Department of Internal Security,25,1,section
religious-endowments-act-1863,"The Religious endowments act, 1863",An Act to enable the Government to divest itself of the management of Religious Endowments.,20,1863,1863-03-10,1863-03-10,CENTRAL,Ministry of Law and Justice,Legislative Department,24,1,section
religious-institutions-prevention-misuse-act-1988,"The Religious Institutions (Prevention of Misuse) Act, 1988",An Act to prevent the misuse of religious institutions for political and other purposes.,41,1988,1988-09-01,1988-05-26,CENTRAL,Ministry of Home Affairs,Department of Home,10,1,section
religious-societies-act-1880,"The Religious Societies Act, 1880",An Act to confer certain powers on Religious Societies.,1,1880,1880-10-09,1880-10-09,CENTRAL,Ministry of Law and Justice,Legislative Department,9,1,section
remittances-foreign-exchange-investment-foreign-exchange-bonds-immunities,"The Remittances of Foreign Exchange and Investment in Foreign Exchange Bonds (Immunities and Exemptions) Act, 1991",An Act to provide for certain immunities to persons receiving remittances in foregin exchange and to persons owning the Foreign Exchange Bonds and for certain exemptions from direct taxes in relation to such remittances and bonds and for matters connected therewith or incidental thereto.,41,1991,1991-09-18,1991-09-18,CENTRAL,Ministry of Finance,Department of Financial Services,7,1,section
repatriation-prisoners-act-2003,"The Repatriation of Prisoners Act, 2003",An Act to provide for the transfer of certain prisoners from India to country or place outside India and reception in India of certain prisoners from country or place outside India.,49,2003,2003-09-28,2004-01-01,CENTRAL,Ministry of Home Affairs,Department of Home,16,1,section
repealing-amending-act-2015,"The Repealing and Amending Act, 2015",An Act to repeal certain enactments and to amend certain other enactments.,17,2015,2015-05-13,2015-05-13,CENTRAL,Ministry of Law and Justice,Legislative Department,4,1,section
repealing-amending-act-2016,"The Repealing and Amending Act, 2016",An Act to repeal certain enactments and to amend certain other enactments.,23,2016,2016-05-06,2016-05-06,CENTRAL,Ministry of Law and Justice,Legislative Department,4,1,section
repealing-amending-act-2017,"The Repealing and Amending Act, 2017",Act to repeal certain enactments and to amend certain other enactments,2,2018,2018-01-05,,CENTRAL,Ministry of Law and Justice,Legislative Department,4,1,section
repealing-amending-act-2019,"The Repealing and Amending Act, 2019",An Act to repeal certain enactments and to amend certain other enactments.,31,2019,2019-08-08,2019-08-08,CENTRAL,Ministry of Law and Justice,Legislative Department,4,1,section
repealing-amending-act-2023,"The Repealing and Amending Act, 2023",An Act to repeal certain enactments and to amend an enactment.,37,2023,2023-12-17,,CENTRAL,Ministry of Law and Justice,Legislative Department,4,1,section
repealing-amending-act-2025,"The Repealing and Amending Act, 2025",An Act to repeal certain enactments and to amend certain other enactments.,37,2025,2025-12-20,2025-12-20,CENTRAL,Ministry of Law and Justice,Legislative Department,4,1,section
repealing-amending-act-second-act-2017,"The Repealing and Amending Act (Second) Act, 2017",An Act to repeal certain enactments and to amend certain other enactments,4,2018,2018-01-05,,CENTRAL,Ministry of Law and Justice,Legislative Department,4,1,section
repealing-amending-second-act-2015,"The Repealing and Amending (Second) Act, 2015",An Act to repeal certain enactments and to amend certain other enactments,19,2015,2015-05-14,2015-05-14,CENTRAL,Ministry of Law and Justice,Legislative Department,4,1,section
representation-people-act-1950,"The Representation of the People Act, 1950","An Act to provide the allocation of seats in, and the delimitation of constituencies for the purpose of election to, the House of the People and the Legislatures of States, the qualifications of voters at such elections, the preparation of electoral rolls, the manner of filling seats in the Council of States to be filled by representatives of Union territories, and matters connected therewith.",43,1950,1950-05-12,1950-05-12,CENTRAL,Ministry of Law and Justice,Legislative Department,56,1,section
requisitioning-acquisition-immovable-property-act-1952,"The Requisitioning and Acquisition of Immovable Property Act, 1952",An Act to provide for the requisitioning and acquisition of immovable property for the purposes of the Union.,30,1952,1952-03-14,1952-03-14,CENTRAL,Ministry of Housing and Urban Affairs,,26,1,section
reserve-auxiliary-air-forces-act-1952,"The Reserve and Auxiliary Air Forces Act, 1952",An Act to provide for the constitution and regulation of certain Air Force Reserve and also an Auxiliary Air Force and for matters connected therewith.,62,1952,1952-08-22,1955-08-15,CENTRAL,Ministry of Defence,Department of Military Affairs,36,1,section
reserve-bank-india-act-1934,"The Reserve Bank of India Act, 1934",An Act to Constitute a Reserve Bank of India.,2,1934,1934-03-06,1934-03-06,CENTRAL,Ministry of Finance,Department of Financial Services,140,1,section
reserve-bank-india-act-1934-chandigarh,"The Reserve Bank of India Act, 1934",,2,1934,1934-03-06,,Chandigarh,,Economics &amp; Statistics (Cell),2,1,section
reserve-bank-transfer-public-ownership-act-1948,"The Reserve Bank (Transfer to Public Ownership) Act, 1948","An Act to bring the share capital of the Reserve Bank of India into public ownership and to make consequential amendments in the Reserve Bank of India Act, 1934.",62,1948,1948-09-23,1948-09-23,CENTRAL,Ministry of Finance,Department of Financial Services,7,1,section
revenue-recovery-act-1890,"The Revenue Recovery Act, 1890",An Act to make better provision for recovering certain public demands.,1,1890,1890-02-14,1890-02-14,CENTRAL,Ministry of Finance,Department of Revenue,10,1,section
richardson-cruddas-limited-acquisition-transfer-undertaking-act-1972,"The Richardson and Cruddas Limited (Acquisition and Transfer of Undertaking) Act, 1972","An Act to provide for the acquisition and transfer of the undertaking of the Richardson and Cruddas Limited, for the reconstruction of the register of its members and for matters connected therewith or incidental thereto.",78,1972,1972-12-30,1973-03-31,CENTRAL,Ministry of Heavy Industries and Public Enterprises,Department of Heavy Industry,31,1,section
right-fair-compensation-transparency-land-acquisition-rehabilitation-resettlement,"The Right to Fair Compensation and Transparency in Land Acquisition, Rehabilitation and Resettlement Act, 2013","An Act to ensure, in consultation with institutions of local self-government and Gram Sabhas established under the Constitution, a humane, participative, informed and transparent process for land acquisition for industrialisation, development of essential infrastructural facilities and urbanisation with the least disturbance to the owners of the land and other affected families and provide just and fair compensation to the affected families whose land has been acquired or proposed to be acquired or are affected by such acquisition and make adequate provisions for such affected persons for their rehabilitation and resettlement and for ensuring that the cumulative outcome of compulsory acquisition should be that affected persons become partners in development leading to an improvement in their post acquisition social and economic status and for matters connected therewith or incidental thereto.",30,2013,2013-09-26,2014-01-01,CENTRAL,Ministry of Rural Development,Department of Land Resources,114,1,section
right-fair-compensation-transparency-land-acquisition-rehabilitation-resettlement-chandigarh,"The Right to Fair Compensation and Transparency in Land Acquisition, Rehabilitation and Resettlement Act, 2013",,30,2013,2013-09-26,,Chandigarh,,Land Acquisition Department,5,1,section
rights-persons-with-disabilities-act-2016,"The Rights of Persons with Disabilities Act, 2016.",An Act to give effect to the United Nations Convention on the Rights of Persons with Disabilities and for matters connected therewith or incidental thereto.,49,2016,2016-12-27,2017-04-19,CENTRAL,Ministry of Social Justice and Empowerment,Department of Empowerment of Persons with Disabilities,102,1,section
rights-persons-with-disabilities-act-2016-chandigarh-2016,"The Rights of Persons with Disabilities Act, 2016",,49,2016,2016-12-27,,Chandigarh,,Government Medical College Hospital Sector 16,1,1,section
rights-persons-with-disabilities-act-2016-chandigarh-2016-2,"The Rights of Persons with Disabilities Act, 2016",,49,2016,2016-12-27,,Chandigarh,,Home (judicial),1,1,section
riico-industrial-areas-prevention-unauthorised-development-encroachment-act,"The Riico Industrial Areas (Prevention of Unauthorised Development and Encroachment) Act, 1999",,9,2002,2002-08-06,,Rajasthan,,Industries,18,1,section
river-boards-act-1956,"The River Boards Act, 1956",An Act to provide for the establishment of River Boards for the regulation and development of inter-State rivers and river valleys.,49,1956,1956-09-12,1957-05-15,CENTRAL,Ministry of Jal Shaktri,"Department of Water Resources, River Development and Ganga Rejuvenation",29,1,section
road-transport-corporations-act-1950,"The Road Transport Corporations Act, 1950",An Act to provide for the incorporation and regulation of Road Transport Corporations.,64,1950,1950-12-04,1950-12-04,CENTRAL,Ministry of Road Transport and Highways,,58,1,section
rp-act-1951,"The Representation of the People Act, 1951","An Act to provide for the conduct of elections to the Houses of Parliament and to the House or Houses of the Legislature of each State, the qualifications and disqualifications for membership of those Houses, the corrupt practices and other offences at or in connection with such elections and the decision of doubts and disputes arising out of or in connection with such elections.",43,1951,1951-07-17,1951-07-17,CENTRAL,Ministry of Law and Justice,Legislative Department,205,1,section
rte-act,"The Right of Children to Free and Compulsory Education Act, 2009",An Act to provide for free and compulsory education to all children of the age of six to fourteen years.,35,2009,2009-08-26,2010-04-01,CENTRAL,Ministry of Education,Department of School Education and Literacy,39,1,section
rti-act,"The Right to Information Act, 2005","An Act to provide for setting out the practical regime of right to information for citizens to secure access to information under the control of public authorities, in order to promote transparency and accountability in the working of every public authority, the constitution of a Central Information Commission and State Information Commissions and for matters connected therewith or incidental thereto.",22,2005,2005-06-15,,CENTRAL,"Ministry of Personnel, Public Grievances and Pensions",Department of Personnel and Training,31,1,section
rubber-act-1947,"The Rubber Act, 1947",An Act to provide for the development under the control of the Union of the rubber industry.,24,1947,1947-04-18,1947-04-18,CENTRAL,Ministry of Commerce and Industry,Department of Commerce,40,1,section
saarc-convention-suppression-terrorism-act-1993,"The SAARC Convention (Suppression of Terrorism) Act, 1993",An Act to give effect to the South Asian Association for Regional Cooperation Convention on Suppression of Terrorism and for matters connected therewith or incidental thereto.,36,1993,1993-04-26,1993-04-26,CENTRAL,Ministry of External Affairs,,8,1,section
sai-nath-university-jharkhand-act-2012-amendment-act,"Sai Nath University, Jharkhand Act, 2012 (AMENDMENT) ACT, 2018",,15,2012,2012-04-27,,Jharkhand,,"Higher Technical Education and Skill Development Department, Government of Jharkhand",52,1,section
salar-jung-museum-act-1961,"The Salar Jung Museum Act, 1961",An Act to declare the Salar Jung Museum together with the Salar Jung Library at Hyderabad to be an institution of national importance and to provide for its administration and certain other connected matters.,26,1961,1961-05-19,1961-07-01,CENTRAL,Ministry of Culture,,28,1,section
salaries-allowances-leaders-opposition-state-legislature-act-1985,"The Salaries and Allowances of Leaders of Opposition in the State Legislature Act, 1985",An Act to amend the laws governing the Salary and Allowances of Leaders of opposition in the Jammu and Kashmir State Legislature.,16,1985,1985-10-09,1985-10-15,Jammu and Kashmir,,Finance,10,1,section
salaries-allowances-members-jammu-kashmir-state-legislature-act,"The Salaries and Allowances of the Members of Jammu and Kashmir State Legislature Act, 1960",An Act to provide for the Salaries and Allowances of the 1Members of the Legislative Assembly of the Union territory of Jammu and Kashmir.,19,1960,1960-04-14,1960-04-29,Jammu and Kashmir,,Finance,13,1,section
salaries-allowances-ministers-act-1952,"The Salaries and Allowances of Ministers Act, 1952",An Act to provide for the salaries and allowances of Ministers.,58,1952,1952-08-12,1952-08-12,CENTRAL,Ministry of Home Affairs,Department of Home,14,1,section
salaries-allowances-officers-parliament-act-1953,"The Salaries and Allowances of Officers of Parliament Act, 1953",An Act to provide for the salaries and allowances of certain officers of Parliament.,20,1953,1953-05-16,1953-05-01,CENTRAL,Ministry of Parliamentary Affairs,,13,1,section
salary-allowances-leaders-opposition-parliament-act-1977,"The Salary and Allowances of Leaders of Opposition in Parliament Act, 1977",An Act to provide for the salary and allowances of Leaders of Opposition in Parliament.,33,1977,1977-04-18,1977-11-01,CENTRAL,Ministry of Parliamentary Affairs,,14,1,section
salary-allowances-pension-members-parliament-act-1954,"The Salary, Allowances and Pension of Members of Parliament Act, 1954","An Act to provide for the salary, allowances and pension of Members of Parliament.",30,1954,1954-05-22,1954-06-01,CENTRAL,Ministry of Parliamentary Affairs,,21,1,section
sale-of-goods-act,"The Sale of Goods Act, 1930",An Act to define and amend the law relating to the sale of goods.,3,1930,1930-03-15,1930-07-01,CENTRAL,Ministry of Law and Justice,Legislative Department,67,1,section
sales-promotion-employees,The Sales Promotion Employees,,11,1976,1976-01-25,,Chandigarh,,Labour Department,1,1,section
sam-higginbottom-university-agriculture-technology-sciences-uttar-pradesh,"The Sam Higginbottom University of Agriculture, Technology and Sciences, Uttar Pradesh Act, 2016",,35,2016,2016-12-27,,Uttar Pradesh,,Agriculture Education & Research,56,1,section
sanjay-gandhi-postgradute-institute-medical-sciences-act-1983,Sanjay Gandhi Postgradute Institute of Medical Sciences Act 1983,,30,1983,1983-10-13,,Uttar Pradesh,,Medical Education,43,1,section
sapphire-act-1989-1932-d,"The Sapphire Act, 1989 (1932 A. D.)",An Act to Prohibit the unlicensed possession of sapphires and other precious stones within the territories of *Jammu and Kashmir State.,16,1989,1932-10-10,1989-07-12,Jammu and Kashmir,,Industries and Commerce Department,20,1,section
sarais-act-1867,"The Sarais' Act, 1867",An Act for the regulation of public Saráís and Puraos..,22,1867,1867-03-15,,CENTRAL,Ministry of Home Affairs,Department of States,18,1,section
sardar-patel-university-police-security-criminal-justice-jodhpur,"The Sardar Patel University of Police, Security and Criminal Justice, Jodhpur Act, 2012","An Act to establish and incorporate Sardar Patel University of Police, Security and Criminal Justice at Jodhpur in the State of Rajasthan.",32,2012,2012-10-14,,Rajasthan,,Home Department,53,1,section
sarla-birla-university-act-2017,"The Sarla Birla University Act, 2017",,13,2017,2017-07-04,,Jharkhand,,"Higher Technical Education and Skill Development Department, Government of Jharkhand",46,1,section
sashastra-seema-bal-act-2007,"The Sashastra Seema Bal Act, 2007",An Act to provide for the constitution and regulation of an armed force of the Union for ensuring the security of the borders of India and for matters connected therewith.,53,2007,2007-12-20,2009-08-01,CENTRAL,Ministry of Home Affairs,Department of Internal Security,156,1,section
scheduled-areas-assimilation-laws-act-1951,"The Scheduled Areas (Assimilation of Laws) Act, 1951",An Act to assimilate certain laws in force in the scheduled areas to the laws in force in the districts of Darrang and Lakhimpur of the State of Assam.,37,1951,1951-06-23,1951-10-01,CENTRAL,Ministry of Home Affairs,Department of States,6,1,section
scheduled-areas-assimilation-laws-act-1953,"The Scheduled Areas (Assimilation of Laws) Act, 1953",An Act to assimilate certain laws in force in the scheduled areas to the laws in force in the districts of Nowgong and Sibsagar in the State of Assam.,16,1953,1953-05-06,1953-09-01,CENTRAL,Ministry of Home Affairs,Department of States,6,1,section
scheduled-castes-scheduled-tribes-prevention-atrocities-act-1989,"The Scheduled Castes and the Scheduled Tribes (Prevention of Atrocities) Act, 1989","An Act to prevent the commission of offences of atrocities against the members of the Scheduled Castes and the Scheduled Tribes, to provide for Special Courts and the Exclusive Special Courts for the trial of such offences and for the relief and rehabilitation of the victims of such offences and for matters connected therewith or incidental thereto.",33,1989,1989-09-11,1990-01-30,CENTRAL,Ministry of Social Justice and Empowerment,Department of Social Justice and Empowerment,26,1,section
scheduled-castes-scheduled-tribes-prevention-atrocities-act-1989-chandigarh,"The Scheduled Castes and the Scheduled Tribes (Prevention of Atrocities) Act, 1989",,33,1989,1989-09-11,,Chandigarh,,Social Welfare,3,1,section
scheduled-castes-scheduled-tribes-prevention-atrocities-amendment-act,"The Scheduled Castes and the Scheduled Tribes (Prevention of Atrocities) Amendment Act, 2015",,1,2016,2015-12-31,,Chandigarh,,Home (judicial),1,1,section
scheduled-securities-hyderabad-act-1949,"The Scheduled Securities (Hyderabad) Act, 1949",An Act to provide for the control of the transfer of certain securities and for the issue of duplicate securities in respect thereof,7,1949,1949-02-16,1949-02-16,CENTRAL,Ministry of Home Affairs,Department of States,7,1,section
scheduled-tribes-other-traditional-forest-dwellers-recognition-forest,"The Scheduled Tribes and Other Traditional Forest Dwellers (Recognition of Forest Rights) Act, 2006",An Act to recognise and vest the forest rights and occupation in forest land in forest dwelling Scheduled Tribes and other traditional forest dwellers who have been residing in such forests for generations but whose rights could not be recorded; to provide for a framework for recording the forest rights so vested and the nature of evidence required for such recognition and vesting in respect of forest land.,2,2007,2006-12-29,2007-12-31,CENTRAL,Ministry of Tribal Affairs,,14,1,section
scheduled-tribes-others-traditional-forest-dwellers-recognition-forest,The Scheduled Tribes and others Traditional Forest Dwellers Recognition of Forest Right Act 2006,,2,2006,2007-01-02,,Tamil Nadu,,"Environment and Forests Department, Tamil Nadu",14,1,section
school-planning-architecture-act-2014,"The School of Planning and Architecture Act, 2014",An Act to establish and declare Schools of Planning and Architecture as Institutions of national importance in order to promote education and research in architectural studies including planning of human settlements.,37,2014,2014-12-18,2015-01-22,CENTRAL,Ministry of Education,Department of Higher Education,42,1,section
seamen-s-provident-fund-act-1966,"The Seamen's Provident Fund Act, 1966",An Act to provide for the institution of a provident fund for seamen.,4,1966,1966-03-26,1966-03-26,CENTRAL,Ministry of Shipping,,24,1,section
seaward-artillery-practice-act-1949,"The Seaward Artillery Practice Act, 1949",An Act to provide facilities for carrying out seaward artillery practice.,8,1949,1949-02-17,1949-02-17,CENTRAL,Ministry of Defence,Department of Military Affairs,10,1,section
sebi-act,"The Securities and Exchange Board of India Act, 1992","An Act to provide for the establishment of a Board to protect the interests of investors in securities and to promote the development of, and to regulate, the securities market and for matters connected therewith or incidental thereto.",15,1992,1992-04-04,1992-01-30,CENTRAL,Ministry of Finance,Department of Economic Affairs,92,1,section
securities-contracts-regulation-act-1956,"The Securities Contracts (Regulation) Act, 1956","An Act to prevent undesirable transactions in securities by regulating the business of dealing therein, by providing for certain other matters connected therewith.",42,1956,1956-09-04,1957-02-20,CENTRAL,Ministry of Finance,Department of Economic Affairs,78,1,section
securitisation-reconstruction-financial-assets-enforcement-security-interest-act,"The Securitisation and Reconstruction of Financial Assets and Enforcement of Security Interest Act, 2002","An Act to regulate securitisation and reconstruction of financial assets and enforcement of security interest and to provide for a Central database of security interests created on property rights, and for matters connected therewith or incidental thereto.",54,2002,2002-12-17,2002-06-21,CENTRAL,Ministry of Finance,Department of Financial Services,61,1,section
seeds-act-1966,"The Seeds Act, 1966","An Act to provide for regulating the quality of certain seeds for sale, and for matters connected therewith.",54,1966,1966-12-29,1968-09-02,CENTRAL,Ministry of Agriculture and Farmers Welfare,"Department of Agriculture, Cooperation and Farmers Welfare",30,1,section
semiconductor-integrated-circuits-layout-design-act-2000,"The Semiconductor Integrated Circuits Layout-Design Act, 2000",An Act to provide for the protection of semiconductor integrated circuits layout-designs and for matters connected therewith or incidental thereto.,37,2000,2000-09-04,2004-05-01,CENTRAL,Ministry of Commerce and Industry,Department of Commerce,96,1,section
senior-citizens-act,"The Maintenance and Welfare of Parents and Senior Citizens Act, 2007",An Act to provide for more effective provisions for the maintenance and welfare of parents and senior citizens guaranteed and recognised under the Constitution and for matters connected therewith or incidental thereto.,56,2007,2007-12-29,,CENTRAL,Ministry of Social Justice and Empowerment,Department of Social Justice and Empowerment,32,1,section
sexual-harassment-women-at-workplace-prevention-prohibition-redressal,"The Sexual Harassment of Women at Workplace (Prevention, Prohibition and Redressal) Act, 2013",An Act to provide protection against sexual harassment of women at workplace and for the prevention and redressal of complaints of sexual harassment and for matters connected therewith or incidental thereto.,14,2013,2013-04-22,2013-12-09,CENTRAL,Ministry of Women and Child Development,,30,1,section
sher-i-kashmir-institute-medical-sciences-grant-degrees-act-1983,"Sher-I-Kashmir Institute of Medical Sciences, (Grant of Degrees) Act, 1983","An Act to provide for grant of degrees, diplomas, certificates and other distinctions by the institute known as Sher-i-Kashmir Institute of Medical Sciences, Soura, Srinagar.",13,1989,1983-08-13,1983-08-19,Jammu and Kashmir,,Higher Education,5,1,section
sher-i-kashmir-universities-agricultural-sciences-technology-act-1982,"Sher-I-Kashmir Universities of Agricultural Sciences and Technology Act, 1982",1An Act to provide for the establishment and incorporation of the Sher-i-Kashmir Universities of Agricultural Sciences and Technology in the 2Union territory of Jammu and Kashmir.,7,1982,1982-04-16,1982-04-17,Jammu and Kashmir,,Higher Education,58,1,section
shillong-commerce-college-taking-over-management-act-no-7,The Shillong Commerce College (Taking-Over of Management) Act No.7 of 1984.,An Act to provide for the taking-over of the Management of the Shillong Commerce College within the State of Meghalaya from the present Governing Body and other committees of the College and holders of the offices of the College for a limited period in the public interest and in order to secure the proper management and control of the college.,7,1984,1984-11-17,1984-05-14,Meghalaya,Meghalaya Law Department,Law Department,12,1,section
shillong-electricity-supply-undertaking-acquisition-act-act-no,The Shillong Electricity Supply Undertaking (Acquisition) Act (Act No.10 of 1977) 1977.,An Act to provide for the acquisition of the Shillong Electricity Supply Undertaking for a public purpose.,10,1977,1977-12-25,1977-07-15,Meghalaya,Meghalaya Law Department,Law Department,21,1,section
shillong-rifle-range-umlong-cantonments-assimilation-laws-act,"The Shillong (Rifle Range and Umlong) Cantonments Assimilation of Laws Act, 1954",An Act to assimilate certain laws in force in the scheduled areas to the laws in force in the Khasi and Jaintia Hills District.,31,1954,1954-05-28,1954-08-16,CENTRAL,Ministry of Defence,Department of Defence,4,1,section
shivraj-fine-art-litho-works-acquisition-transfer-undertaking,"The Shivraj Fine Art Litho Works (Acquisition and Transfer of Undertaking) Act, 1984","An Act to provide for the acquisition and transfer of the undertaking of the Shivraj Fine Art Litho Works, Nagpur, with a view to securing the proper management of such undertaking so as to subserve the interests of the general public and the employees of the undertaking by ensuring the continued manufacture, production and distribution of printed lithographic material which are essential to the needs of the economy of the State and country and for matters connected therewith or incidental thereto.",36,1984,1984-12-21,,Maharashtra,Govt of Maharashtra,Higher and Technical Education Department,1,1,section
shree-sai-baba-sansthan-trust-shirdi-act-2004,"The Shree Sai Baba Sansthan Trust (Shirdi) Act, 2004.",,14,2004,2004-08-17,,Maharashtra,Govt of Maharashtra,Law and Judiciary Department,36,1,section
shree-shanaishwar-devasthan-trust-shingnapur-act-2018,"The Shree Shanaishwar Devasthan Trust (Shingnapur) Act, 2018.",,58,2018,2018-08-13,,Maharashtra,Govt of Maharashtra,Law and Judiciary Department,48,1,section
shree-siddhi-vinayak-ganpati-temple-trust-prabhadevi-act,"Shree Siddhi Vinayak Ganpati Temple Trust (Prabhadevi) Act, 1980.",,6,1981,1981-01-17,,Maharashtra,Govt of Maharashtra,Law and Judiciary Department,27,1,section
shri-kashi-vishwanath-special-area-development-board-varanasi,Shri Kashi Vishwanath Special Area Development Board Varanasi Act 2018,,31,2018,2018-09-01,,Uttar Pradesh,,Dharmarth,32,1,section
sick-industrial-companies-special-provisions-repeal-act-2003,"The Sick Industrial Companies (Special Provisions) Repeal Act, 2003","An Act to repeal the Sick Industrial Companies (Special Provisions) Act, 1985.",1,2004,2004-01-01,2016-12-01,CENTRAL,Ministry of Finance,Department of Financial Services,6,1,section
sick-textile-undertakings-nationalisation-act-1974,"The Sick Textile Undertakings (Nationalisation) Act, 1974","An Act to provide for the acquisition and transfer of the sick textile undertakings, and the right, title and interest of the owners in respect of the sick textile undertakings, specified in the First Schedule with a view to re-organising and rehabilitating such sick textile undertakings so as to subserve the interests of the general public by the augmentation of the production and distribution, at fair prices, of different verieties of cloth and yarn, and for matters connected therewith or incidental thereto.",57,1974,1974-12-21,1974-04-01,CENTRAL,Ministry of Textiles,,42,1,section
siddipet-metropolitan-area-police-act-2016,"The Siddipet (Metropolitan Area) Police Act, 2016.",An Act to provide for the establishment of Siddipet Police Commissionerate for the Metropolitan Area of Siddipet and for the matters connected therewith or incidental thereto.,5,2017,2017-01-19,2016-10-08,Telangana,,Home,12,1,section
sikh-gurdwaras-supplementary-act-1925,"The Sikh Gurdwaras (Supplementary) Act, 1925.","An Act to supplement certain provisions of the Sikh Gurdwaras Act, 1925.",24,1925,1925-09-11,,CENTRAL,Ministry of Law and Justice,Legislative Department,3,1,section
sikkim-university-act-2006,"The Sikkim University Act, 2006",An Act to establish and incorporate a teaching and affiliating University in the State of Sikkim and to provide for matters connected therewith or incidental thereto.,10,2007,2007-01-10,2007-07-02,CENTRAL,Ministry of Education,Department of Higher Education,46,1,section
sir-dinshaw-manockjee-petit-act-1893,"The Sir Dinshaw Manockjee Petit Act, 1893","An Act for settling Bonds of the Municipal Corporation of the City of Bombay producing an annual income of one lakh and twenty five thousand rupees and a Mansion-house and hereditaments called Petit Hall in the Island of Bombay, the property of Sir Dinshaw Manockjee Petit, Baronet, so as to accompany and support the title and dignity of a Baronet lately conferred by Her Present Majesty Queen Victoria on him for and during the term of his natural life, and from and immediately after his decease to hold to his second son, Framjee Dinshaw Petit, Esquire, and the heirs male of his body lawfully begotten, and in default of such issue with remainder to the heirs male of the body of the said Sir Dinshaw Manockjee Petit, and for other purposes connected therewith.",6,1893,1893-03-09,,CENTRAL,Ministry of Home Affairs,Department of States,19,1,section
sir-jamsetjee-jejeebhoy-baronetcy-act-1915,"The Sir Jamsetjee Jejeebhoy Baronetcy Act, 1915",An Act for repealing Act No. XX of 1860 entitled,10,1915,1915-09-08,1915-09-08,CENTRAL,Ministry of Home Affairs,Department of Home,30,1,section
slum-areas-improvement-clearance-act-1956,"The Slum Areas (Improvement and Clearance) Act, 1956",An Act to provide for the improvement and clearance of slum areas in certain Union territories and for the protection of tenants in such areas from eviction.,96,1956,1956-12-29,1957-02-08,CENTRAL,Ministry of Housing and Urban Affairs,,44,1,section
small-industries-development-bank-india-act-1989,"The Small Industries Development Bank of India Act, 1989","An Act to establish the Small Industries Development Bank of India as the principal financial institution for the promotion, financing and development of industry in the small-scale sector and to co-ordinate the functions of the institutions engaged in the promotion, financing or developing industry in the small-scale sector and for matters connected therewith or incidental thereto.",39,1989,1989-10-25,1990-03-07,CENTRAL,Ministry of Finance,Department of Financial Services,69,1,section
smugglers-foreign-exchange-manipulators-forfeiture-property-act-1976,"The Smugglers and Foreign Exchange Manipulators (Forfeiture of Property) Act, 1976",An Act to provide for the forfeiture of illegally acquired properties of smugglers and foreign exchange manipulators and for matters connected therewith or incidental thereto.,13,1976,1976-01-25,1975-11-05,CENTRAL,Ministry of Finance,Department of Revenue,29,1,section
societies-registration-act-1860,"The Societies Registration Act, 1860","An Act for the Registration of Literary, Scientific and Charitable Societies",21,1860,1860-05-21,,CENTRAL,Ministry of Corporate Affairs,,20,1,section
south-asian-university-act-2008,"The South Asian University Act, 2008",An Act to give effect to the Agreement for the establishment of South Asian University and for matters connected therewith or incidental thereto.,8,2009,2009-01-11,,CENTRAL,Ministry of External Affairs,,32,1,section
special-court-trial-offences-relating-transactions-securities-act,"The Special Court (Trial of Offences Relating to Transactions in Securities) Act, 1992",An Act to provide for the establishment of a Special Court for the trial of offences relating to transactions in securities and for matters connected therewith or incidental thereto.,27,1992,1992-08-18,1992-06-06,CENTRAL,Ministry of Finance,Department of Financial Services,19,1,section
special-criminal-courts-jurisdiction-act-1950,"The Special Criminal Courts (Jurisdiction) Act, 1950","An Act to confer upon special criminal Courts, constituted by or under certain State laws, jurisdiction to try offences against laws with respect to any of the matters enumerated in the Union List.",18,1950,1950-03-10,1950-03-10,CENTRAL,Ministry of Home Affairs,Department of Internal Security,5,1,section
special-economic-zones-act-2005,"The Special Economic Zones Act, 2005","An Act to provide for the establishment, development and management of the Special Economic Zones for the promotion of exports and for matters connected therewith or incidental thereto.",28,2005,2005-06-23,2006-02-10,CENTRAL,Ministry of Commerce and Industry,Department of Commerce,58,1,section
special-economic-zones-act-2005-chandigarh,"The Special Economic Zones Act, 2005",,28,2005,2005-06-23,,Chandigarh,,Department of Information Technology,2,1,section
special-marriage-act-1954,"The Special Marriage Act, 1954","An Act to provide a special form of marriage in certain cases, for the registration of such and certain other marriages and for divorce.",43,1954,1954-10-09,1955-01-01,CENTRAL,Ministry of Law and Justice,Legislative Department,57,1,section
special-protection-group-act-1988,"The Special Protection Group Act, 1988",An Act to provide for the constitution and regulation of an armed force of the Union for providing proximate security to the Prime Minister of India and the former Prime Ministers of India and members of their immediate families and for matters connected therewith.,34,1988,1988-06-02,1988-08-01,CENTRAL,Ministry of Home Affairs,Department of Internal Security,18,1,section
specific-relief-act,"The Specific Relief Act, 1963",An Act to define and amend the law relating to certain kinds of specific relief.,47,1963,1963-12-13,1964-03-01,CENTRAL,Ministry of Law and Justice,Legislative Department,48,1,section
specified-bank-notes-cessation-liabilities-act-2017,"The Specified Bank Notes (Cessation of Liabilities) Act, 2017",An Act to provide in the public interest for the cessation of liabilities on the specified bank notes and for matters connected therewith or incidental thereto.,2,2017,2017-02-27,2016-12-31,CENTRAL,Ministry of Finance,Department of Economic Affairs,13,1,section
spices-board-act-1986,"The Spices Board Act, 1986",An Act to provide for the constitution of a Board for the development of export of spices and for the control of cardamom industry including the control of cultivation of cardamom and matters connected therewith.,10,1986,1986-03-20,1987-02-26,CENTRAL,Ministry of Commerce and Industry,Department of Commerce,43,1,section
sports-broadcasting-signals-mandatory-sharing-with-prasarbharati-act,"The Sports Broadcasting Signals (Mandatory Sharing with PrasarBharati) Act, 2007","An Act to provide access to the largest number of listeners and viewers, on a free to air basis, of sporting events of national importance through mandatory sharing of sports broadcasting signals with Prasar Bharati and for matters connected therewith or incidental thereto.",11,2007,2007-03-19,2005-11-11,CENTRAL,Ministry of Information and Broadcasting,,10,1,section
sree-chitra-tirunal-institute-medical-sciences-technology-trivandrum,"The Sree Chitra Tirunal Institute for Medical Sciences and Technology, Trivandrum Act, 1980","An Act to declare the Sree Chitra Tirunal Medical Centre Society for Advanced Studies in Specialities, Trivandrum, in the State of Kerala, to be an institution of national importance and to provide for its incorporation and matters connected therewith.",52,1980,1980-12-03,1981-03-01,CENTRAL,Ministry of Science and Technology,Department of Science and Technology,33,1,section
sri-har-prasad-shiksha-nidhi-banaras-confirmation-compromise,"Sri Har Prasad Shiksha Nidhi, Banaras (Confirmation of Compromise) (Transfer of Property) Act, 1954",,12,1954,1954-06-26,,Uttar Pradesh,,Revenue,5,1,section
sri-karan-narendra-agriculture-university-jobner-act-2013,"Sri Karan Narendra Agriculture University, Jobner Act 2013","SRI KARAN NARENDRA AGRICULTURE UNIVERSITY, JOBNER ACT No. 23/2013 of Government of Rajasthan",23,2013,2013-09-14,,Rajasthan,,Agriculture Department,58,1,section
srinagar-jammu-cluster-universities-act-2016,"The Srinagar and Jammu Cluster Universities Act, 2016",An Act to provide for the establishment of the Cluster University of the Srinagar and the Cluster University of Jammu and for matters connected therewith or incidental thereto.,3,2016,2016-07-08,2016-07-08,Jammu and Kashmir,,Higher Education,49,1,section
st-xavier-s-university-shillong-act-2020-act,"The St. Xavier's University, Shillong Act, 2020 (Act No. 19 of 2020)","to provide for establishment and incorporation of the St. Xavier's University, Shillong sponsored by the St. Xavier's University Society, Shillong and for matter(s) connected therewith and incidental thereto. WHEREAS it is expedient to constitute and incorporate the St. Xavier's University, Shillong to enable it to function efficiently as a University encouraging and providing for instruction and research in various branches of learning and courses of study, promoting advancement and dissemination of knowledge and learning, and extending higher education, to meet the growing needs of the society;",19,2020,2020-11-20,,Meghalaya,Meghalaya Law Department,Law Department,62,1,section
stage-carriages-act-1861,"The Stage-Carriages Act, 1861",An Act for licensing and regulating Stage-Carriages.,16,1861,1861-07-07,1861-07-07,CENTRAL,Ministry of Road Transport and Highways,,24,1,section
stamp-act,"The Indian Stamp Act, 1899","An Act to consolidate and amend the law relating to Stamps,",2,1899,1899-01-27,1899-07-01,CENTRAL,Ministry of Finance,Department of Revenue,97,1,section
stamp-act-1977-1920-d,"The Stamp Act, 1977 (1920 A. D.)",An Act to consolidate and amend the law relating to Stamps.,40,1977,1920-09-11,1925-04-08,Jammu and Kashmir,,Finance,96,1,section
state-armed-police-forces-extension-laws-act-1952,"The State Armed Police Forces (Extension of Laws) Act, 1952",An Act to provide for the extension of disciplinary laws in force in any State relating to the armed police force of that State to members of the said force when serving outside that State.,63,1952,1952-08-22,,CENTRAL,Ministry of Home Affairs,Department of Internal Security,4,1,section
state-arunachal-pradesh-act-1986,"The State of Arunachal Pradesh Act, 1986",An Act to provide for the establishment of the State of Arunachal Pradesh and for matters connected therewith.,69,1986,1986-12-24,1987-02-20,CENTRAL,Ministry of Home Affairs,Department of States,51,1,section
state-associated-banks-miscellaneous-provisions-act-1962,"The State-Associated Banks (Miscellaneous Provisions) Act, 1962","An Act further to amend the State Bank of India Act, 1955, the State Bank of India (Subsidiary Banks) Act, 1959, and the Bankers Books Evidence Act, 1891, and to provide for the winding up of certain minor State-associated banks and for matters connected therewith.",56,1962,1962-12-14,1963-01-01,CENTRAL,Ministry of Finance,Department of Financial Services,6,1,section
state-bank-india-act-1955,"The State Bank of India Act, 1955","An Act to constitute a State Bank for India, to transfer to it the undertaking of the Imperial Bank of India and to provide for other matters connected therewith or incidental thereto.",23,1955,1955-05-08,1955-07-01,CENTRAL,Ministry of Finance,Department of Financial Services,69,1,section
state-bank-sikkim-acquisition-shares-miscellaneous-provisions-act,"The State Bank of Sikkim (Acquisition of Shares) and Miscellaneous Provisions Act, 1982","An Act to provide, in the public interest, for the acquisition of certain shares of the State Bank of Sikkim for the purpose of better consolidation and extension of banking facilities in the State of Sikkim and for matters connected therewith or incidental thereto.",62,1982,1982-11-06,1982-11-06,CENTRAL,Ministry of Finance,Department of Financial Services,20,1,section
state-election-commissioner-qualifications-appointment-act-1994,"The State Election Commissioner (Qualifications and Appointment) Act, 1994.",An Act to provide for the qualifications for and the appointment of the State Election Commissioner and for matters connected therewith or incidental thereto.,22,1994,1994-04-22,,Maharashtra,Govt of Maharashtra,General Administration Department,10,1,section
state-emblem-india-prohibition-improper-use-act-2005,"The State Emblem of India (Prohibition of Improper Use) Act, 2005",An Act to prohibit the improper use of State Emblem of India for professional and commercial purpose and for matters connected therewith or incidental thereto.,50,2005,2005-12-20,2007-09-12,CENTRAL,Ministry of Home Affairs,Department of States,11,1,section
state-financial-corporations-act-1951,"The State Financial Corporations Act, 1951",An Act to provide for the establishment of State Financial Corporations.,63,1951,1951-10-31,1952-08-01,CENTRAL,Ministry of Finance,Department of Financial Services,78,1,section
state-himachal-pradesh-act-1970,"The State of Himachal Pradesh Act, 1970",An Act to provide for the establishment of the State of Himachal Pradesh and for matters connected therewith.,53,1970,1970-12-25,1970-12-25,CENTRAL,Ministry of Home Affairs,Department of States,54,1,section
state-mizoram-act-1986,"The State of Mizoram Act, 1986",An Act to provide for the establishment of the State of Mizoram and for matters connected therewith.,34,1986,1986-08-14,1986-08-14,CENTRAL,Ministry of Home Affairs,Department of States,49,1,section
state-nagaland-act-1962,"The State of Nagaland Act, 1962",An Act to provide for the formation of the State of Nagaland and for matters connected therewith.,27,1962,1962-09-04,1962-09-04,CENTRAL,Ministry of Home Affairs,Department of States,34,1,section
states-reorganisation-act-1956,"The States Reorganisation Act, 1956",An Act to provide for the reorganisation of the States of India and for matters connected therewith.,37,1956,1956-08-31,1956-08-31,CENTRAL,Ministry of Home Affairs,Department of States,130,1,section
street-vendors-protection-livelihood-regulation-street-vending-act,"The Street Vendors (Protection of Livelihood and Regulation of Street Vending) Act, 2014",An Act to protect the rights of urban street vendors and to regulate street vending activities and for matters connected therewith or incidental thereto.,7,2014,2014-03-04,2014-06-03,CENTRAL,Ministry of Housing and Urban Affairs,,39,1,section
street-vendors-protection-livelihood-regulation-street-vending-act-chandigarh,"The Street Vendors (Protection of Livelihood and Regulation of Street Vending) Act, 2014",,7,2014,2014-03-04,,Chandigarh,,Municipal Corporation,2,1,section
succession-act,"The Indian Succession Act, 1925",An Act to consolidate the law applicable to intestate and testamentary succession.,39,1925,1925-09-30,1925-09-30,CENTRAL,Ministry of Law and Justice,Legislative Department,393,1,section
sugar-development-fund-act-1982,"The Sugar Development Fund Act, 1982",An Act to provide for the financing of activities for development of sugar industry and for matters connected therewith or incidental thereto.,4,1982,1982-03-19,1982-06-01,CENTRAL,"Ministry of Consumer Affairs, Food and Public Distribution",Department of Food and Public Distribution,9,1,section
sugar-export-promotion-act-1958,"The Sugar Export Promotion Act, 1958",An Act to provide for the export of sugar in the public interest and for the levy and collection in certain circumstances of an additional duty of excise on sugar produced in India.,30,1958,1958-09-16,1958-09-16,CENTRAL,Ministry of Home Affairs,Department of States,14,1,section
suits-valuation-act-1887,"The Suits Valuation Act, 1887",An Act to prescribe the mode of valuing certain suits for the purpose of determining the jurisdiction of Courts with respect there to.,7,1887,1887-02-11,1889-03-01,CENTRAL,Ministry of Law and Justice,Department of Legal Affairs,12,1,section
suppression-unlawful-acts-against-safety-civil-aviation-act,"The Suppression of Unlawful Acts against Safety of Civil Aviation Act, 1982",An Act to give effect to the Convention for the Suppression of Unlawful Acts against the Safety of Civil Aviation and for matters connected therewith.,66,1982,1982-11-06,1982-11-15,CENTRAL,Ministry of Civil Aviation,,17,1,section
suppression-unlawful-acts-against-safety-maritime-navigation-fixed,"The Suppression of Unlawful Acts Against Safety of Maritime Navigation and Fixed Platforms on Continental Shelf Act, 2002",An Act to give effect to the International Maritime Organisation Convention for Suppression of Unlawful Acts Against the Safety of Maritime Navigation and the Protocol for the Suppression of Unlawful Acts Against the Safety of Fixed Platforms Located on the Continental Shelf and for matters connected therewith.,69,2002,2002-12-20,2003-02-01,CENTRAL,Ministry of Shipping,,14,1,section
supreme-court-enlargement-criminal-appellate-jurisdiction-act-1970,"The Supreme Court (Enlargement of Criminal Appellate Jurisdiction) Act, 1970",An Act to enlarge the appellate jurisdiction of the Supreme Court in regard to criminal matters.,28,1970,1970-08-09,1970-08-09,CENTRAL,Ministry of Law and Justice,Department of Justice,2,1,section
supreme-court-judges-salaries-conditions-service-act-1958,"The Supreme Court Judges (Salaries and Conditions of Service) Act, 1958",An Act to regulate salaries and certain conditions of service of the Judges of the Supreme Court.,41,1958,1958-10-17,1958-10-17,CENTRAL,Ministry of Law and Justice,Department of Justice,36,1,section
supreme-court-number-judges-act-1956,"The Supreme Court (Number of Judges) Act, 1956","An Act to provide for an increase in the number of Judges of the Supreme Court, excluding the Chief Justice.",55,1956,1956-09-16,1956-09-16,CENTRAL,Ministry of Law and Justice,Department of Justice,2,1,section
surgeon-general-with-government-etc-change-designations-act-maharashtra,"The Surgeon General with Government, etc. (Change in Designations) Act, 1972.","The Surgeon General with Government, etc. (Change in Designations) Act, 1972.",3,1973,1973-01-12,,Maharashtra,Govt of Maharashtra,Medical Education and Drugs Department,4,1,section
surrogacy-regulation-act-2021,"The Surrogacy (Regulation) Act, 2021","An Act to constitute National Assisted Reproductive Technology and Surrogacy Board, State Assisted Reproductive Technology and Surrogacy Boards and appointment of appropriate authorities for regulation of the practice and process of surrogacy and for matters connected therewith or incidental thereto.",47,2021,2021-12-25,2022-01-25,CENTRAL,Ministry of Health and Family Welfare,Department of Health Research,54,1,section
swadeshi-cotton-mills-company-limited-acquisition-transfer-undertakings,"The Swadeshi Cotton Mills Company Limited (Acquisition and Transfer of Undertakings) Act, 1986","An Act to provide for the acquisition and transfer of certain textile undertakings of the Swadeshi Cotton Mills Company Limited, with a view to securing the proper management of such undertakings so as to subserve the interests of the general public by ensuring the continued manufacture, production and distribution of different varieties of cloth and yarn and thereby to give effect to the policy of the State towards securing the principles specified in clauses (b) and (c) of article 39 of the Constitution and for matters connected therewith or incidental thereto.",30,1986,1986-05-30,1985-04-01,CENTRAL,Ministry of Textiles,,34,1,section
swami-keshwanand-rajasthan-agriculture-university-bikaner-act-1987,"The Swami Keshwanand Rajasthan Agriculture University, Bikaner Act, 1987",,39,1987,1987-11-08,,Rajasthan,,Agriculture Department,42,1,section
tamil-nadu-acquisition-land-harijan-welfare-schemes-act,"Tamil Nadu Acquisition of Land for Harijan Welfare Schemes Act, 1978.",An Act to provide for acquisition of land for Harijan Welfare Schemes,31,1978,1978-07-21,1978-07-25,Tamil Nadu,,"Adi Dravidar and Tribal Welfare Department, Government of Tamil Nadu",24,1,section
tamil-nadu-admission-undergraduate-courses-medicine-dentistry-indian,"The Tamil Nadu Admission to Undergraduate Courses in Medicine, Dentistry, Indian Medicine and Homeopathy on preferential basis to students of Government Schools Act, 2020","An Act to provide for preference in admission to undergraduate courses in Medicine, Dentistry, Indian Medicine and Homeopathy for the students who studied in Government schools and have qualifi ed in National Eligibility-cum-Entrance Test.",34,2020,2020-10-30,,Tamil Nadu,,"Health and Family Welfare Department, Government of Tamil Nadu",9,1,section
tamil-nadu-agricultural-labourers-farmers-social-security-welfare-repeal-tamil-nadu,"Tamil Nadu Agricultural Labourers-Farmers (Social Security and Welfare) Repeal Act, 2011","An Act to repeal the Tamil Nadu Agricultural Labourers-Farmers (Social Security and Welfare) Act, 2006.",13,2011,2011-08-26,,Tamil Nadu,,"Agriculture Department, Government of Tamil Nadu",3,1,section
tamil-nadu-agricultural-produce-livestock-contract-farming-services,"Tamil Nadu Agricultural Produce and Livestock Contract Farming and Services (Promotion and Facilitation) Repeal Act, 2021","An Act to repeal the Tamil Nadu Agricultural Produce and Livestock Contract Farming and Services (Promotion and Facilitation) Act, 2019",36,2021,2021-12-18,,Tamil Nadu,,"Agriculture Department, Government of Tamil Nadu",2,1,section
tamil-nadu-apartment-ownership-act-2022,"Tamil Nadu Apartment Ownership Act, 2022","An Act to repeal and re-enact the Tamil Nadu Apartment Ownership Act, 1994",44,2022,2022-12-15,,Tamil Nadu,,"Housing and Urban Development Department, Government of Tamil Nadu",31,1,section
tamil-nadu-arunthathiyars-special-reservation-seats-educational-institutions,"Tamil Nadu Arunthathiyars (Special Reservation of seats in Educational Institutions including Private Educational Institutions and of appointments or posts in the services under the State within the Reservation for the Scheduled Castes) Act, 2009",An Act to provide for reservation of seats in educational institutions including private educational institutions in the State and of appointments or posts in the services under the State to Arunthathiyars in the State of Tamil Nadu within the eighteen per cent reservation for Scheduled Castes,4,2009,2009-03-09,,Tamil Nadu,,"Adi Dravidar and Tribal Welfare Department, Government of Tamil Nadu",14,1,section
tamil-nadu-bovine-breeding-act-2019,"Tamil Nadu Bovine Breeding Act, 2019","An Act to regulate bovine breeding activities including use of bovine breeding bulls for production of bovine semen, production, processing, storage, sale and distribution of bovine frozen semen, artificial insemination services in bovines for improving the productivity of bovines in the State and for matters connected therewith.",31,2019,2019-07-30,,Tamil Nadu,,"Animal Husbandry, Dairying and Fisheries Department, Government of Tamil Nadu",31,1,section
tamil-nadu-business-facilitation-act-2018,Tamil Nadu Business Facilitation Act 2018,Tamil Nadu Business Facilitation Act 2018,7,2018,2018-01-25,2017-10-28,Tamil Nadu,,"Industries Department, Government of Tamil Nadu",35,1,section
tamil-nadu-delimitation-commission-act-2017-tamil-nadu,"Tamil Nadu Delimitation Commission Act, 2017","An Act to provide for the constitution of Delimitation Commission for delimitation of territorial wards of Village Panchayats, Panchayat Unions, District Panchayats, Town Panchayats, Municipalities and Municipal Corporations and for matters connected therewith or incidental thereto.",223,2017,2017-07-11,2017-07-21,Tamil Nadu,,"Rural Development and Panchayat Raj Department, Government of Tamil Nadu",13,1,section
tamil-nadu-educational-development-day-declaration-celebration-act,"The Tamil Nadu Educational Development Day (Declaration and Celebration) Act, 2006",,26,2006,2006-09-11,,Tamil Nadu,,"School Education Department, Government of Tamil Nadu",10,1,section
tamil-nadu-entry-into-public-places-removal-restriction,"Tamil Nadu Entry into Public Places (Removal of Restriction on Dress) Act, 2014","An Act to provide for removal of restriction imposed by recreation clubs, hotels, theatres, malls, halls, auditoriums and stadiums on persons wearing veshti (dhoti) reflecting Tamil culture or any Indian traditional dress, to enter into such places.",9,2014,2014-08-21,,Tamil Nadu,,"Tourism, Culture and Religious Endowments Department, Government of Tamil Nadu",8,1,section
tamil-nadu-farmers-management-irrigation-systems---act,"Tamil Nadu Farmers’ Management of Irrigation Systems - Act, 2000",An Act to provide for Farmers’ participation in the Management of Irrigation Systems and for matters connected therewith or incidental thereto.,7,2001,2001-02-25,,Tamil Nadu,,"Public Works Department, Government of Tamil Nadu",50,1,section
tamil-nadu-fishermen-labourers-engaged-fishing-other-allied,"Tamil Nadu Fishermen and Labourers Engaged in Fishing and other Allied Activities (Social Security and Welfare) Act, 2007",,19,2007,2007-06-07,,Tamil Nadu,,"Animal Husbandry, Dairying and Fisheries Department, Government of Tamil Nadu",21,1,section
tamil-nadu-heritage-commission-act-2012,"The Tamil Nadu Heritage Commission Act, 2012",An Act to constitute a Heritage Commission in the State and for matters connected therewith and incidental thereto.,24,2012,2012-05-31,,Tamil Nadu,,"Tourism, Culture and Religious Endowments Department, Government of Tamil Nadu",28,1,section
tamil-nadu-hostels-homes-women-children-regulation-act,"Tamil Nadu Hostels and Homes for Women and Children (Regulation) Act, 2014","An Act to provide for regulation of hostels, lodging houses, homes for women and children and other like institutions and for matters connected therewith.",18,2014,2014-09-02,,Tamil Nadu,,"Social Welfare and Nutritious Meal Programme Department, Government of Tamil Nadu",27,1,section
tamil-nadu-laws-special-provisions-act-2007,"Tamil Nadu Laws (Special Provisions) Act, 2007",An Act to make special provisions for Chennai Metropolitan Planning Area for a period of one year and for matters connected therewith or incidental thereto.,39,2007,2007-11-14,,Tamil Nadu,,"Housing and Urban Development Department, Government of Tamil Nadu",7,1,section
tamil-nadu-laws-special-provisions-act-2010,"Tamil Nadu Laws (Special Provisions) Act, 2010",An Act to make special provisions for Chennai Metropolitan Planning Area for a period of one Year and for matters connected therewith or incidental thereto.,7,2010,2010-02-01,,Tamil Nadu,,"Housing and Urban Development Department, Government of Tamil Nadu",7,1,section
tamil-nadu-laws-special-provisions-no-2-act,"Tamil Nadu Laws (Special Provisions) No. 2 Act, 2010",An Act to make special provisions for Chennai Metropolitan Planning Area for a period of one year and for matters connected therewith or incidental thereto,45,2010,2010-12-01,,Tamil Nadu,,"Housing and Urban Development Department, Government of Tamil Nadu",7,1,section
tamil-nadu-legislative-council-act-2010,"The Tamil Nadu Legislative Council Act, 2010","An Act to provide for the creation of Legislative Council for the State of Tamil Nadu and for matters supplemental, incidental and consequential thereto.",16,2010,2010-05-18,2010-05-18,CENTRAL,Ministry of Law and Justice,Legislative Department,5,1,section
tamil-nadu-medicare-service-persons-medicare-service-institutions,"The Tamil Nadu Medicare Service Persons and Medicare Service Institutions (Prevention of Violence and Damage or Loss to Property) Act, 2008",An Act to prohibit violence against Medicare service persons and damage or loss to property of Medicare service institutions and for matters connected therewith and incidental thereto.,48,2008,2008-11-28,,Tamil Nadu,,"Health and Family Welfare Department, Government of Tamil Nadu",8,1,section
tamil-nadu-metropolitan-planning-committee-act-2009,"Tamil Nadu Metropolitan Planning Committee Act, 2009",An Act to provide for the constitution of Metropolitan Planning Committee in every Metropolitan area in the State of Tamil Nadu for preparation of draft development plan for the Metropolitan area.,30,2009,2009-08-12,,Tamil Nadu,,"Housing and Urban Development Department, Government of Tamil Nadu",14,1,section
tamil-nadu-non-resident-tamils-welfare-act-2011,Tamil Nadu Non-Resident Tamils' Welfare Act 2011,"An Act to provide for the constitution of a Welfare Fund to grant relief, to ensure the welfare of and to pay pension and other benefits to the Non-Resident Tamils and to promote companies or co-operative societies or societies or other institutions of Non-Resident Tamils for their welfare.",4,2011,2011-03-01,,Tamil Nadu,,"Public Department, Government of Tamil Nadu",30,1,section
tamil-nadu-private-schools-regulation-act-2019,"Tamil Nadu Private Schools (Regulation) Act, 2019",An Act to provide for the regulation of recognized private schools in the State of Tamil Nadu.,35,2019,2019-08-07,,Tamil Nadu,,"School Education Department, Government of Tamil Nadu",60,1,section
tamil-nadu-prohibition-forcible-conversion-religion-act-2002,"The Tamil Nadu Prohibition of Forcible Conversion of Religion Act, 2002",An Act to provide-for prohibition of conversion from one religion to another by the use of force or. allurement or by fraudulent means and for matters incidental thereto.,56,2002,2002-12-02,,Tamil Nadu,,"Home, Prohibition and Excise Department, Government of Tamil Nadu",8,1,section
tamil-nadu-prohibition-ritual-practice-burying-alive-person,"The Tamil Nadu Prohibition of Ritual and Practice of Burying Alive of a Person Act, 2002",,44,2002,2002-11-15,,Tamil Nadu,,"Public Department, Government of Tamil Nadu",10,1,section
tamil-nadu-prohibition-ritual-practice-burying-alive-person-tamil-nadu,"The Tamil Nadu Prohibition of Ritual and Practice of Burying Alive of a person Act, 2002",An Act to Prohibit the ritual and practice of burying alive of a person in the State of Tamil Nadu.,44,2002,2002-11-15,,Tamil Nadu,,"Home, Prohibition and Excise Department, Government of Tamil Nadu",10,1,section
tamil-nadu-prohibition-smoking-spitting-act-2002,"The Tamil Nadu Prohibition of Smoking and Spitting Act, 2002",,4,2003,2003-02-28,,Tamil Nadu,,"Health and Family Welfare Department, Government of Tamil Nadu",18,1,section
tamil-nadu-protected-agricultural-zone-development-act-2020,"The Tamil Nadu Protected Agricultural Zone Development Act, 2020",An Act to protect the agricultural lands in the Cauvery Delta Region of the State of Tamil Nadu,11,2020,2022-02-21,,Tamil Nadu,,"Agriculture Department, Government of Tamil Nadu",24,1,section
tamil-nadu-protection-tanks-eviction-encroachment-act-2007,"Tamil Nadu Protection of Tanks and Eviction of Encroachment Act, 2007","An Act to provide measures for checking the encroachment, eviction of encroachment in tanks which are under the control and management of Public Works Department, protection of such tanks and for matters incidental thereto.",8,2007,2007-05-22,,Tamil Nadu,,"Public Works Department, Government of Tamil Nadu",13,1,section
tamil-nadu-registration-marriages-act-2009,"The Tamil Nadu Registration of Marriages Act, 2009",An Act to provide for compulsory registration of all marriages in the State of Tamil Nadu and for matters connected therewith or incidental thereto.,21,2009,2009-08-05,,Tamil Nadu,,"Home, Prohibition and Excise Department, Government of Tamil Nadu",24,1,section
tamil-nadu-regulation-jallikattu-act-2009,"Tamil Nadu Regulation of Jallikattu Act, 2009.",An Act to regulate the Jallikattu in the State of Tamil Nadu,27,2009,2009-08-05,,Tamil Nadu,,"Animal Husbandry, Dairying and Fisheries Department, Government of Tamil Nadu",11,1,section
tamil-nadu-sales-tax-settlement-arrears-act-2011,"Tamil Nadu Sales Tax (Settlement of Arrears) Act, 2011","An Act to provide for settlement of arrears of tax, penalty or interest pertaining to sales tax and the matters connected therewith or incidental thereto.",29,2011,2011-09-26,,Tamil Nadu,,"Commercial Taxes and Registration Department, Government of Tamil Nadu",15,1,section
tamil-nadu-school-regulation-collection-fee-act-2009,"The Tamil Nadu School (Regulation of Collection of Fee) Act, 2009","The Tamil Nadu School (Regulation of Collection of Fee) Act, 2009",22,2009,2009-08-05,,Tamil Nadu,,"School Education Department, Government of Tamil Nadu",6,1,section
tamil-nadu-special-economic-zones-special-provisions-act,Tamil Nadu Special Economic Zones (Special Provisions) Act 2005,Tamil Nadu Special Economic Zones (Special Provisions) Act 2005,18,2005,2005-08-08,,Tamil Nadu,,"Industries Department, Government of Tamil Nadu",32,1,section
tamil-nadu-special-reservation-seats-educational-institutions-including,"The Tamil Nadu Special Reservation of seats in Educational Institutions including Private Educational Institutions and of appointments or posts in the services under the State within the Reservation for the Most Backward Classes and Denotified Communities Act, 2021","An Act to provide for special reservation of seats in educational institutions including private educational institutions in the State and of appointments or posts in the services under the State, in the State of Tamil Nadu within the twenty per cent reservation for Most Backward Classes and Denotified Communities.",8,2021,2021-02-26,,Tamil Nadu,,"Backward Classes(BC), Most Backward Classes(MBC) and Minorities Welfare Department, Government of Tamil Nadu",11,1,section
tamil-nadu-state-agricultural-council-repeal-act-2011,"Tamil Nadu State Agricultural Council (Repeal) Act, 2011","An Act to Repeal the Tamil Nadu State Agricultural Council Act, 2009.",31,2011,2011-09-28,,Tamil Nadu,,"Agriculture Department, Government of Tamil Nadu",2,1,section
tamil-nadu-state-commission-scheduled-castes-scheduled-tribes,"The Tamil Nadu State Commission for the Scheduled Castes and Scheduled Tribes Act, 2021",An Act to constitute a Commission for the Scheduled Castes and Scheduled Tribes in the State of Tamil Nadu and to provide for matters connected therewith or incidental thereto.,17,2021,2021-09-22,,Tamil Nadu,,"Adi Dravidar and Tribal Welfare Department, Government of Tamil Nadu",20,1,section
tamil-nadu-sugarcane-regulation-purchase-price-act-2018,"The Tamil Nadu Sugarcane (Regulation of Purchase Price) Act, 2018",,23,2018,2018-07-12,,Tamil Nadu,,"Agriculture Department, Government of Tamil Nadu",24,1,section
tamil-nadu-tamil-learning-act-2006,"The Tamil Nadu Tamil Learning Act, 2006",,13,2006,2006-06-09,,Tamil Nadu,,"School Education Department, Government of Tamil Nadu",10,1,section
tamil-nadu-taxation-laws-relaxation-certain-provisions-act,"The Tamil Nadu Taxation Laws (Relaxation of Certain Provisions) Act, 2020",An Act to provide relaxation in the provisions of certain Acts and for matters connected therewith or incidental thereto.,28,2020,2020-10-17,,Tamil Nadu,,"Commercial Taxes and Registration Department, Government of Tamil Nadu",5,1,section
tamil-nadu-uniform-system-school-education-act-2010,"The Tamil Nadu Uniform System of School Education Act, 2010",,8,2010,2010-02-01,,Tamil Nadu,,"School Education Department, Government of Tamil Nadu",19,1,section
tamil-nadu-value-added-tax-act-2006,"Tamil Nadu Value Added Tax Act, 2006",,32,2006,2006-12-15,2007-01-01,Tamil Nadu,,"Commercial Taxes and Registration Department, Government of Tamil Nadu",1,1,section
tamil-nadu-vanniyakula-kshatriya-public-charitable-trusts-endowments,"The Tamil Nadu Vanniyakula Kshatriya Public Charitable Trusts and Endowments (Protection and Maintenance) Act, 2018.","The Tamil Nadu Vanniyakula Kshatriya Public Charitable Trusts and Endowments (Protection and Maintenance) Act, 2018.",44,2018,2018-11-27,,Tamil Nadu,,"Backward Classes(BC), Most Backward Classes(MBC) and Minorities Welfare Department, Government of Tamil Nadu",91,1,section
tamilnadu-document-writers-welfare-fund-act-2022,"TamilNadu Document Writers' Welfare Fund Act, 2022",An Act to provide for the constitution of a Welfare Fund for the benefit of Document Writers in the State.,21,2022,2022-04-22,,Tamil Nadu,,"Commercial Taxes and Registration Department, Government of Tamil Nadu",26,1,section
taxation-laws-continuation-validation-recovery-proceedings-act-1964,"The Taxation Laws (Continuation and Validation of Recovery Proceedings) Act, 1964",An Act to provide for the continuation and validation of proceedings in relation to Government dues and for matters connected therewith.,11,1964,1964-05-12,1964-05-12,CENTRAL,Ministry of Finance,Department of Revenue,7,1,section
taxation-laws-extension-jammu-kashmir-act-1972,"The Taxation Laws (Extension to Jammu and Kashmir) Act, 1972",An Act to provide for the extension of certain taxation laws to the State of Jammu and Kashmir.,25,1972,1972-06-06,,CENTRAL,Ministry of Finance,Department of Revenue,4,1,section
tea-act-1953,"The Tea Act, 1953","An Act to provide for the control by the Union of the Tea industry, including the control, in pursuance of the International Agreement now in force, of the cultivation of tea in, and of the export of tea from, India and for that purpose to establish a Tea Board and levy a duty of excise on tea produced in India.",29,1953,1953-05-28,1956-04-01,CENTRAL,Ministry of Commerce and Industry,Department of Commerce,69,1,section
techno-global-university-act-2008-act-no-5,"Techno Global University Act, 2008 (Act No. 5 of 2008)","An Act to establish and incorporate a University in the State, with emphasis on providing high quality and industry-relevant education in the areas of Physical Sciences, Life Sciences, Technology, Medical Science and Paramedical, Management, Finance & Accounting, Commerce, Humanities, Languages & Communication, Applied and Performing Arts, Education, Law, Social Science and related areas sponsored by Techno India, Kolkata, West Bengal and to provide for matters connected therewith or incidental thereto.",5,2008,2006-12-01,,Meghalaya,Meghalaya Law Department,Law Department,52,1,section
technology-development-board-act-1995,"The Technology Development Board Act, 1995",An Act to provide for the constitution of a Board for payment of equity capital or any other financial assistance to industrial concerns and other agencies attempting development and commercial application of indigenous technology or adapting imported technology to wider domestic applications and for matters connected therewith or incidental thereto.,44,1995,1995-12-16,1996-11-01,CENTRAL,Ministry of Science and Technology,Department of Science and Technology,23,1,section
telangana-abolition-posts-village-assistants-act-1991,"The Telangana Abolition of the Posts of Village Assistants Act, 1991.",An Act to Abolish the Posts of Village Assistants in the State of Telangana.,9,1991,1991-04-09,1990-11-05,Telangana,,Revenue,8,1,section
telangana-abolition-posts-village-revenue-officers-act-2020,"The Telangana Abolition of the Posts of Village Revenue Officers Act, 2020.",An Act to Abolish the Posts of Village Revenue Officers in the State of Telangana.,10,2020,2020-09-19,,Telangana,,Revenue,6,1,section
telangana-absorbed-enclaves-act-1951,"The Telangana Absorbed Enclaves Act, 1951.",,18,1951,1951-05-08,1950-01-25,Telangana,,Revenue,7,1,section
telangana-acts-repealing-act-2016,"The Telangana Acts (Repealing) Act, 2016",An Act to repeal certain enactments of the State of Telangana.,7,2017,2017-01-19,2017-01-19,Telangana,,Law,4,1,section
telangana-advocates-clerks-welfare-fund-act-1992,"The Telangana Advocates' Clerks Welfare Fund Act, 1992.",An Act to provide for the Constitution of a Welfare Fund for the benefit of Advocates Clerks in the State of Telangana and for matters connected therewith or incidental thereto.,13,1992,1992-04-15,,Telangana,,Law,27,1,section
telangana-advocates-welfare-fund-act-1987,"The Telangana Advocates' Welfare Fund Act, 1987.",An Act to provide for the constitution of a Welfare Fund for the benefit of advocates in the State of Telangana and for matters connected therewith or incidental thereto.,33,1987,1987-07-23,,Telangana,,Law,29,1,section
telangana-agricultural-improvement-fund-act-1952,"The Telangana Agricultural Improvement Fund Act, 1952.",An Act to provide for the establishment of the Agricultural Improvement Fund for the State of Telangana.,45,1952,1952-12-24,,Telangana,,Revenue,4,1,section
telangana-agricultural-indebtedness-relief-act-1987,"The Telangana Agricultural Indebtedness (Relief) Act, 1987.","An Act to provide relief from Indebtedness to Agricultural Labourers, Rural Artisans and Small Formers in the State of Telangana and for matters connected therewith.",45,1987,1987-11-23,,Telangana,,Revenue,5,1,section
telangana-agricultural-land-conversion-non-agricultural-purposes-act,"The Telangana Agricultural Land (Conversion for Non Agricultural purposes) Act, 2006.","An Act to regulate the conversion of Agricultural Land to Non-Agricultural purposes and for matters connected therewith or incidental there to and to repeal the Telangana Non-Agricultural Lands Assessment Act, 1963.",3,2006,2005-12-30,,Telangana,,Revenue,15,1,section
telangana-agricultural-produce-livestock-markets-act-1966,"The Telangana (Agricultural Produce and Livestock) Markets Act, 1966.","An Act to consolidate and amend the law relating to the regulation of purchase and sale of agricultural produce, livestock and products of livestock and the establishment of markets in connection therewith.",16,1966,1966-11-18,,Telangana,,Agriculture and Cooperation,56,1,section
telangana-assigned-lands-prohibition-transfers-act-1977,"The Telangana Assigned Lands (Prohibition of Transfers) Act, 1977.",An Act to prohibit transfers of certain lands assigned to landless poor persons in the State of Telangana.,9,1977,1977-04-29,1977-01-21,Telangana,,Revenue,14,1,section
telangana-board-revenue-replacement-by-commissioners-act-1977,"The Telangana Board of Revenue (Replacement by Commissioners) Act, 1977.",An Act to provide for the abolition of the Board of Revenue and to appoint Commissioners in its place in the State of Telangana.,8,1977,1977-04-29,1977-02-01,Telangana,,Revenue,10,1,section
telangana-co-operative-spinning-mills-regulation-act-1983,"The Telangana Co-operative Spinning Mills (Regulation) Act, 1983.",An Act to regulate the working of certain Co-operative Spinning Mills in the State of Telangana and for matters connected therewith or incidental thereto.,15,1983,1983-09-24,1983-07-22,Telangana,,Industries and Commerce,7,1,section
telangana-commission-backward-classes-act-1993,"The Telangana Commission for Backward Classes Act, 1993.",An Act to Constitute a Commission for the Backward Classes other than Scheduled Castes and Scheduled Tribes in the State of Telangana and to provide for matters connected therewith or incidental thereto.,20,1993,1993-12-03,,Telangana,,Backward Classes Welfare,2,1,section
telangana-compulsory-teaching-learning-telugu-schools-act-2018,"The Telangana (Compulsory Teaching and Learning of Telugu in Schools) Act, 2018.",An Act to provide for making teaching and learning Telugu Language as compulsory in the State of Telangana and for matters connected therewith or incidental thereto.,10,2018,2018-03-29,,Telangana,,School Education,1,1,section
telangana-contingency-fund-act-2014,"The Telangana Contingency Fund Act, 2014.",An Act to provide for the Establishment of a Contingency Fund for the State of Telangana.,2,2014,2014-12-03,,Telangana,,Finance,4,1,section
telangana-disaster-public-health-emergency-special-provisions-act,"The Telangana Disaster and Public Health Emergency (Special Provisions) Act, 2020","An Act to make special provision for the deferment of any payment in part, due and payable to any person, institution and any pay, pension and remuneration in part, to any employee, any pensioner and any other person, in the event of Disaster and Public Health Emergency in the State and for the matters connected therewith or incidental thereto.",14,2020,2020-09-19,2020-03-24,Telangana,,Finance,9,1,section
telangana-district-collectors-powers-delegation-act-1961,"The Telangana District Collectors Powers (Delegation) Act, 1961.",An Act to provide for the delegation of the powers of District Collectors to the Joint Collectors and certain other Officers in the State of Telangana.,32,1961,1961-09-16,,Telangana,,Revenue,5,1,section
telangana-district-officers-change-designation-construction-references-act,"The Telangana District Officers (Change of Designation and Construction of References) Act, 1950.",An Act to provide for change of designation of and construction of references to certain District Officers.,35,1950,1950-11-23,1950-11-01,Telangana,,Revenue,3,1,section
telangana-districts-formation-act-1974,"The Telangana Districts (Formation) Act, 1974.",An Act to provide for the formation of districts in the State of Telangana and for alteration of areas or boundaries of the districts in the interests of better administration and development of the areas comprised therein and for matters connected therewith.,7,1974,1974-02-15,,Telangana,,Revenue,5,1,section
telangana-domestic-industrial-water-grid-pipelines-acquisition-right,"The Telangana Domestic and Industrial Water Grid Pipelines (Acquisition of Right of User in Land) Act, 2015.","An Act to provide for the acquisition of right of user in land for laying pipelines for supplying drinking water to Municipalities, Gram Panchayats habitations and to meet the demands of industries and for matters connected therewith or incidental thereto.",6,2015,2015-04-20,2015-04-21,Telangana,,Revenue,20,1,section
telangana-essential-services-maintenance-act-1971,"The Telangana Essential Services Maintenance Act, 1971.",An Act to provide for the maintenance of certain essential services and the normal life of the community in the State of Telangana.,20,1971,1971-08-26,1971-04-10,Telangana,,"Consumer Affairs, Food and Civil Supplies",9,1,section
telangana-famine-relief-fund-act-1936,"The Telangana Famine Relief Fund Act, 1936.","An Act to provide for the establishment and maintenance in the State of Telangana of a Fund, called the Telangana Famine Relief Fund, for utilization on occasions of serious famine and of distress caused by serious drought, flood or other natural calamities in the said State.",16,1936,1936-10-08,,Telangana,,Revenue,7,1,section
telangana-fiscal-responsibility-budget-management-act-2005,"The Telangana Fiscal Responsibility and Budget Management Act, 2005.","An Act to provide for the Responsibility of the State Government to ensure prudence in Fiscal Management and Fiscal Stability by progressive elimination of revenue deficit, reduction in fiscal deficit, prudent debt management consistent with fiscal sustainability, greater transparency in fiscal operations of the Government and conduct of fiscal policy in a medium term framework and matters connected therewith or incidental thereto.",34,2005,2005-10-25,2005-06-03,Telangana,,Finance,16,1,section
telangana-forest-produce-fixation-selling-prices-act-1989,"The Telangana Forest Produce (Fixation of Selling Prices) Act, 1989.",An Act to provide for the Supply of Forest Produce and the Fixation of Selling Price in respect therefor and the constitution of an Industrial Plantation Fund and for matters connected therewith or incidental thereto.,29,1989,1989-11-10,,Telangana,,"Environment, Forests, Science and Technology",10,1,section
telangana-general-clauses-amendment-supplementary-act-1950,"The Telangana General Clauses (Amendment and Supplementary) Act, 1950.",,18,1950,1950-05-02,,Telangana,,Law,5,1,section
telangana-gift-goods-prevention-unlawful-possession-act-1965,"The Telangana Gift Goods (Prevention of Unlawful Possession) Act, 1965.",An Act to prevent the unlawful possession of certain goods gifted by some relief organisations and the matters connected therewith.,10,1965,1965-04-02,1965-06-07,Telangana,,Revenue,8,1,section
telangana-goods-services-tax-act-2017,"The Telangana Goods and Services Tax Act, 2017.",An Act to make a provision for levy and collection of tax on intra-state supply of goods or services or both by the State of Telangana.,23,2017,2017-05-25,,Telangana,,Revenue,2,1,section
telangana-government-lands-buildings-termination-leases-act-1986,"The Telangana Government Lands and Buildings (Termination of Leases) Act, 1986.",An Act to provide for the determination of leases relating to lands and buildings belonging to Government and to provide for matters connected therewith or incidental thereto.,18,1986,1986-07-20,,Telangana,,Revenue,12,1,section
telangana-government-medical-dental-institutions-conversion-into-semi-autonomous,"The Telangana Government Medical and Dental Institutions (Conversion into Semi-Autonomous Institutions) Act, 2007.",An Act to provide Semi-Autonomous status to the Government Medical / Dental Colleges and Institutes of Medical / Dental Sciences for effective functional autonomy.,31,2007,2007-12-06,2007-10-22,Telangana,,"Health, Medical and Family Welfare",39,1,section
telangana-government-property-preservation-protection-resumption-act-2007,"The Telangana Government Property (Preservation, Protection and Resumption) Act, 2007.","An Act to Preserve, Protect and Resume certain Property of the State in public interest and annul the transactions adversely affecting the title and interest of the State therein.",11,2007,2007-03-26,2006-11-20,Telangana,,Revenue,5,1,section
telangana-hindu-widows-marriage-act-1347-fasli,"The Telangana Hindu Widows Marriage Act, 1347 Fasli.",,1,1347,,,Telangana,,"Department for Women, Children, Disabled and Senior Citizens",6,1,section
telangana-horse-race-abolition-turf-agencies-act-1983,"The Telangana Horse Race (Abolition of Turf Agencies) Act, 1983.",An Act to provide for the abolition of the system of Turf Agencies in respect of any Horse Race in the State of Telangana.,17,1983,1983-11-22,1983-06-29,Telangana,,Revenue,11,1,section
telangana-improved-seeds-seedlings-act-1951,"The Telangana Improved Seeds and Seedlings Act, 1951.",An Act to provide for the use of pure and certified seeds and seedlings of the improved varieties of crops recommended by the Department of Agriculture in Hyderabad.,28,1951,1951-10-05,,Telangana,,Agriculture and Cooperation,8,1,section
telangana-indebted-agriculturists-landless-labourers-artisans-temporary-relief,"The Telangana Indebted Agriculturists, Landless Labourers and Artisans (Temporary Relief) Act, 1976.","An Act to provide temporary relief to certain indebted agriculturists, landless labourers and rural artisans.",24,1976,1976-03-09,,Telangana,,Revenue,11,1,section
telangana-interest-free-sales-tax-loans-industries-imposition,"The Telangana Interest Free Sales Tax Loans for Industries (Imposition of Ceiling) Act, 1987.",An Act to fix the maximum amount of Interest Free Sales Tax Loan to certain Industries in the State of Telangana.,20,1987,1987-04-12,1976-01-01,Telangana,,Industries and Commerce,4,1,section
telangana-intoxicating-liquors-prohibition-advertisements-act-1978,"The Telangana Intoxicating Liquors (Prohibition of Advertisements) Act, 1978.",An Act to prohibit advertisements in respect of intoxicating liquors in the State of Telangana.,30,1978,1978-10-23,,Telangana,,Revenue,12,1,section
telangana-irrigation-construction-maintenance-water-courses-act-1965,"The Telangana Irrigation (Construction and Maintenance of Water Courses) Act, 1965.",An Act to provide for the Construction and Maintenance of Water Courses in the Ayacut of Irrigation Works and for matters connected therewith.,12,1965,1965-04-23,1965-05-01,Telangana,,Irrigation and Command Area Development,17,1,section
telangana-land-licensed-cultivators-act-2011,"The Telangana Land Licensed Cultivators Act, 2011.","An Act to provide loan and other benefits eligibility card to the farmers, who raise crops with express or implied permission of owner or pattadar of land, but have no record for such enjoyment without effecting the rights of owners, enabling them to access credit from the public financial institutions and to claim benefits of input subsidy, crop insurance, compensation for damage to crop and for matters connected therewith and incidental thereto.",18,2011,2011-12-22,2011-06-07,Telangana,,Revenue,12,1,section
telangana-land-revenue-additional-wet-assessment-act-1975,"The Telangana Land Revenue (Additional Wet Assessment) Act, 1975.",An Act to provide for the levy of additional land revenue assessment on wet lands in the State of Telangana.,2,1975,1975-02-27,1974-07-01,Telangana,,Revenue,13,1,section
telangana-maternity-benefit-act-1349-fasli,The Telangana Maternity Benefit Act. 1349 Fasli.,,7,1349,,,Telangana,,"Health, Medical and Family Welfare",14,1,section
telangana-medical-act-1312-fasli,"The Telangana Medical Act, 1312 Fasli.",,1,1312,,,Telangana,,"Health, Medical and Family Welfare",10,1,section
telangana-medicare-service-persons-medicare-service-institutions-prevention,"The Telangana Medicare Service Persons and Medicare Service Institutions (Prevention of Violence and Damage to Property) Act, 2008.",An Act to Prohibit Violence against Medicare Service Persons and Damage to Property in Medicare Service Institutions and for matters connected therewith and incidental thereto.,11,2008,2008-04-20,2007-12-18,Telangana,,"Health, Medical and Family Welfare",8,1,section
telangana-metropolitan-planning-committee-act-2007,"The Telangana Metropolitan Planning Committee Act, 2007.",An Act to provide for the Constitution of Metropolitan Planning Committee in every Metropolitan Area in the State of Telangana for preparation of draft development plan for the Metropolitan Area as a whole and for matters connected therewith or incidental thereto.,32,2007,2007-12-06,2007-10-22,Telangana,,Municipal Administration and Urban Development,18,1,section
telangana-mica-act-1957,"The Telangana Mica Act, 1957.","An Act to regulate the possession and transport of, and trading in, mica in the State of Telangana.",7,1957,1957-06-27,,Telangana,,Industries and Commerce,33,1,section
telangana-mineral-bearing-lands-infrastructure-cess-act-2005,"The Telangana Mineral Bearing Lands (Infrastructure) Cess Act, 2005.",An Act to provide for the levy of cess on mineral bearing lands for the promotion of infrastructure facilities for rapid exploitation of mineral resources in the State of Telangana and matters connected therewith or incidental thereto.,38,2005,2005-10-27,2005-09-12,Telangana,,Industries and Commerce,9,1,section
telangana-minor-forest-produce-regulation-trade-act-1971,"The Telangana Minor Forest Produce (Regulation of Trade) Act, 1971.","An Act to make provision for regulating in the public interest the trade of certain, minor forest produce by creation of a State monopoly in such trade in the State of Telangana.",4,1971,1971-01-14,,Telangana,,"Environment, Forests, Science and Technology",24,1,section
telangana-municipalities-act-2019,"The Telangana Municipalities Act, 2019",An Act to consolidate and provide for the constitution of Municipalities (Municipal Councils and Municipal Corporations) other than the Greater Hyderabad Municipal Corporation in the State of Telangana in terms of Part-IX A of the Constitution of India for matters connected therewith or incidental thereto.,11,2019,2019-10-09,,Telangana,,Municipal Administration and Urban Development,1,1,section
telangana-mutually-aided-co-operative-societies-act-1995,"The Telangana Mutually Aided Co-operative Societies Act, 1995.","An Act to provide for the Voluntary formation of Co-operative Societies as accountable, competitive Self Reliant Business Enterprises, based on thrift self help and Mutual Aid and owned managed and controlled by Members for their Economic and Social betterment and for the matters connected therewith or incidental thereto.",30,1995,1995-05-17,,Telangana,,Agriculture and Cooperation,54,1,section
telangana-non-mulki-prostitutes-dancing-girls-act-1350-fasli,"The Telangana Non-mulki Prostitutes and Dancing Girls Act, 1350 Fasli.",,21,1350,,,Telangana,,"Department for Women, Children, Disabled and Senior Citizens",11,1,section
telangana-non-trading-companies-act-1962,"The Telangana Non-trading Companies Act, 1962.","An Act to provide for the incorporation, regulation and winding up of non-trading corporations with objects confined to the State of Telangana.",2,1962,1962-02-05,1956-04-01,Telangana,,"Consumer Affairs, Food and Civil Supplies",5,1,section
telangana-nurses-midwives-auxiliary-nurse-midwives-health-visitors-act,"The Telangana Nurses, Midwives, Auxiliary Nurse-midwives and Health Visitors Act, 1926.",An Act for the registration of nurses and midwives in the State of Telangana.,3,1926,1926-06-29,,Telangana,,"Health, Medical and Family Welfare",17,1,section
telangana-occupants-homesteads-conferment-ownership-act-1976,"The Telangana Occupants of Homesteads (Conferment of Ownership) Act, 1976.","An Act provide for the conferment of right of ownership on landless agriculturists, agricultural labourers and artisans in respect of sites occupied by and adjacent to, their dwelling houses or huts in rural areas of the State of Telangana.",21,1976,1976-03-09,1975-08-14,Telangana,,Revenue,17,1,section
telangana-oil-palm-regulation-production-processing-act-1993,"The Telangana Oil Palm (Regulation of Production and Processing) Act, 1993.",An Act to provide for the Regulation of Cultivation of Oil Palm and for orderly growth and processing thereof and for matters connected therewith.,3,1993,1993-01-20,,Telangana,,Agriculture and Cooperation,26,1,section
telangana-pathology-anatomy-act-1955,"The Telangana Pathology and Anatomy Act, 1955.",An Act to provide for the supply of unclaimed bodies of deceased person to teaching medical institutions for the purposes of pathology or anatomical examination and dissection.,10,1955,1955-09-27,,Telangana,,"Health, Medical and Family Welfare",9,1,section
telangana-pawn-brokers-act-2002,"The Telangana Pawn Brokers Act, 2002.",An Act to Consolidate the Laws relating to Pawn Broking in the State of Telangana and for matters connected therewith or incidental thereto.,6,2002,2002-03-04,,Telangana,,Home,37,1,section
telangana-payment-taxes-transfer-property-act-1951,"The Telangana Payment of Taxes (Transfer of Property) Act, 1951.",An Act to make provision for the payment of taxes before transfers of property are registered in certain cases.,21,1951,1951-05-28,,Telangana,,Revenue,9,1,section
telangana-prevention-couching-act-1964,"The Telangana Prevention of Couching Act, 1964.",An Act to consolidate and amend the law relating to the prevention of couching by unqualified persons in the State of Telangana.,4,1964,1964-01-25,,Telangana,,"Health, Medical and Family Welfare",6,1,section
telangana-prohibition-absorption-employees-state-government-public-sector,"The Telangana Prohibition of Absorption of Employees of State Government Public Sector Undertakings into Public Service Act, 1997.",An Act to prohibit absorption of employees of Public Sector Undertakings into Public Service and for matters connected therewith or incidental thereto.,14,1997,1997-04-21,1996-11-26,Telangana,,Public Enterprises,5,1,section
telangana-prohibition-smoking-health-protection-act-2002,"The Telangana Prohibition of Smoking and Health Protection Act, 2002.",An Act to provide for Prohibition of smoking in places of public work or public use and in public service vehicles in the State of Telangana and for matters connected therewith or incidental thereto.,14,2002,2002-05-02,,Telangana,,"Health, Medical and Family Welfare",19,1,section
telangana-propagation-other-religion-places-worship-or-prayer,"The Telangana Propagation of Other Religion in the places of worship or prayer (Prohibition) Act, 2007.",An Act empowering the State to prohibit propagation of religion in places of worship or prayer other than the religion traditionally practiced at such place and the matters connected therewith or incidental thereto.,24,2007,2007-08-09,2007-05-24,Telangana,,Revenue,5,1,section
telangana-public-employment-regulation-age-superannuation-act-1984,"The Telangana Public Employment (Regulation of Age of Superannuation) Act, 1984.",An Act to regulate the age of superannuation of persons appointed to public services and posts in connection with the affairs of the State of Telangana.,23,1984,1984-05-20,,Telangana,,Finance,9,1,section
telangana-public-property-malversation-act-1837,"The Telangana Public Property Malversation Act, 1837.",,36,1837,1837-11-20,,Telangana,,Revenue,2,1,section
telangana-public-safety-measures-enforcement-act-2013,"The Telangana Public Safety (Measures) Enforcement Act, 2013.",An Act to provide for the Public Safety Measures at the establishments in the State and for matters connected therewith or incidental thereto.,6,2013,2013-06-04,,Telangana,,Home,9,1,section
telangana-public-sector-undertakings-reconstitution-management-act-1996,"The Telangana Public Sector Undertakings (Reconstitution of Management) Act, 1996.",An Act to provide for effective functioning of Public Sector Undertakings by reconstituting their management and for the matters connected therewith or incidental thereto.,4,1996,1996-01-16,,Telangana,,Public Enterprises,8,1,section
telangana-railways-government-irrigation-sources-other-public-buildings,"The Telangana Railways, Government Irrigation Sources and other Public Buildings Protection Act, 1321 Fasli.",,1,1321,,,Telangana,,Revenue,22,1,section
telangana-registrar-general-births-deaths-marriages-act-1953,"The Telangana Registrar General of Births, Deaths and Marriages Act, 1953.","An Act to provide for the appointment of a Registrar General of Births, Deaths and Marriages and for matters connected therewith.",8,1953,1953-04-24,,Telangana,,Revenue,8,1,section
telangana-regulation-appointments-public-services-rationalisation-staff-pattern,"The Telangana (Regulation of Appointments to Public Services and Rationalisation of Staff Pattern and Pay Structure) Act, 1994.","An Act to Regulate Appointments and Prohibit Irregular Appointments in offices and establishments under the control of the State Government, Local Authorities, Corporations owned and controlled by the State Government and other bodies established under a law made by the Legislature of the State to rationalise the staff pattern and pay structure of employees therein and for matters connected therewith or incidental thereto.",2,1994,1994-01-15,1993-11-25,Telangana,,Finance,22,1,section
telangana-regulation-trade-indian-made-foreign-liquor-foreign,"The Telangana Regulation of Trade in Indian Made Foreign Liquor, Foreign Liquor Act, 1993.","An Act to provide for the taking over of the Wholesale Trade and Distribution in Indian Liquor, Foreign Liquor, Wine and Beer and to Regulate the Retail Trade thereof as a prelude to totally prohibit the consumption of intoxicating liquors.",15,1993,1993-09-04,,Telangana,,Revenue,16,1,section
telangana-rent-revenue-sales-act-1839,"The Telangana Rent and Revenue Sales Act, 1839.",,7,1839,1839-03-18,,Telangana,,Revenue,7,1,section
telangana-reservation-favour-socially-educationally-backward-classes-muslims,"The Telangana Reservation in favour of Socially and Educationally Backward Classes of Muslims Act, 2007.",An Act to provide Reservation to Socially and Educationally Backward Classes of Muslims in the Educational Institutions and Public Employment for their upliftment and for matters connected therewith or incidental thereto.,26,2007,2007-08-09,2007-07-06,Telangana,,Backward Classes Welfare,9,1,section
telangana-reservation-seats-educational-institutions-appointments-or-posts,"The Telangana Reservation of seats in the Educational Institutions and of appointments or posts in the Public Services under the State to Muslim Community Act, 2005.",An Act to provide Reservation to Muslim Community in the matters of admission into Educational Institutions and Appointments to Public Services in the State of Telangana and for matters connected therewith or incidental thereto.,21,2005,2005-10-23,2005-06-20,Telangana,,Backward Classes Welfare,8,1,section
telangana-revenue-enquiries-act-1893,"The Telangana Revenue Enquiries Act, 1893.",An Act for facilitating enquiries into matters connected with the administration of the Revenue and into the conduct of Public Servants and certain other matters.,5,1983,1893-10-10,,Telangana,,Revenue,4,1,section
telangana-revenue-recovery-act-1864,"The Telangana Revenue Recovery Act, 1864.",An Act to consolidate the Laws for the Recovery of Arrears of Revenue in the State of Telangana.,2,1864,1864-06-20,,Telangana,,Revenue,74,1,section
telangana-revenue-summonses-act-1869,"The Telangana Revenue Summonses Act, 1869.","An Act to empower Revenue-Officers, to summon persons to attend at their Kachahris for the settlement of matters connected with Revenue administration.",3,1869,1869-03-09,,Telangana,,Revenue,7,1,section
telangana-rights-land-pattadar-pass-books-act-2020,"The Telangana Rights in Land and Pattadar Pass Books Act, 2020",An Act to consolidate the law relating to the Record of Rights in Land in the State of Telangana.,9,2020,2020-09-19,2020-10-29,Telangana,,Revenue,18,1,section
telangana-sales-tax-settlement-disputes-act-2001,"The Telangana Sales Tax (Settlement of Disputes) Act, 2001.","An Act to provide for expeditious enforcement of payment of Arrear Tax, Additional Tax, Turnover Tax, Penalty or Interest in dispute under relevant Acts relating to Sales Tax, Entertainment Tax by way of settlement of such disputes and for matters connected there with or incidental thereto.",41,2001,2001-10-15,2001-07-17,Telangana,,Revenue,16,1,section
telangana-silkworm-seed-cocoon-control-act-1956,"The Telangana Silkworm Seed and Cocoon (Control) Act, 1956.",An Act to provide for the regulation of the rearing of silkworm seed in the State of Telangana.,15,1956,1956-08-31,,Telangana,,Agriculture and Cooperation,19,1,section
telangana-single-window-cooperative-credit-structure-at-state,"The Telangana Single Window Cooperative Credit Structure at State Level Act, 1994.","An Act to usher in the Single Window Co-operative Credit System at the State Level and to make consequential Amendments to the Telangana Cooperative Societies Act, 1964.",14,1994,1994-04-16,,Telangana,,Agriculture and Cooperation,4,1,section
telangana-sium-improvement-acquisition-land-act-1956,"The Telangana SIum Improvement (Acquisition of Land) Act, 1956.",An Act to provide for the acquisition of lands in slum areas in the State of Telangana.,33,1956,1956-11-07,,Telangana,,Municipal Administration and Urban Development,16,1,section
telangana-small-scale-industries-restriction-on-sales-tax,"The Telangana Small Scale Industries (Restriction on Sales Tax Holiday) Act, 1995.",An Act limit the maximum Fixed Capital Investment for the purpose of Sales Tax Holiday in respect of certain Small Scale Industries in the State of Telangana.,14,1995,1995-02-14,1989-10-03,Telangana,,Industries and Commerce,2,1,section
telangana-state-audit-act-1989,"The Telangana State Audit Act, 1989.",A Bill to authorise the Director of State Audit to Audit the Accounts relating to Local Authorities or other Authorities and for matters connected therewith or incidental thereto.,9,1989,1989-04-19,1989-01-07,Telangana,,Finance,17,1,section
telangana-state-co-operative-bank-formation-act-1963,"The Telangana State Co-operative Bank (Formation) Act, 1963.","An Act to provide for the formation of the Telangana State Co-Operative Bank Limited by amalgamation of the Andhra State Co-Operative Bank, Limited, and the Hyderabad Co-Operative Apex Bank, Limited, and for matters connected therewith or incidental thereto.",12,1963,1963-05-05,,Telangana,,Agriculture and Cooperation,7,1,section
telangana-state-co-operative-societies-reconstitution-act-1956,"The Telangana State Co-operative Societies (Reconstitution) Act, 1956.",An Act to reconstitute certain existing Co-operative Societies in the State of Telangana and to provide for other matters incidental or consequential thereto.,42,1956,1956-09-21,,Telangana,,Agriculture and Cooperation,8,1,section
telangana-state-commission-debt-relief-small-farmers-agricultural,"The Telangana State Commission for Debt Relief (Small Farmers, Agricultural Labourers and Rural Artisans) Act, 2016.","An Act to provide for constitution of a commission with power to pass awards after adjudication and to recommend appropriate measures for the redressal of the grievances of small farmers, agricultural labourers and rural artisans through conciliation and negotiation and for matters connected therewith or incidental thereto.",12,2016,2016-05-26,,Telangana,,Revenue,21,1,section
telangana-state-handloom-weavers-co-operative-society-formation-act,"The Telangana State Handloom Weavers Co-operative Society (Formation) Act, 1976.","An Act to provide for the formation of Telangana State Handloom Weavers’ Co-operative Society Limited, by amalgamation of the Andhra Handloom Weavers’ Co-operative Society Limited, the Hyderabad Handloom Weavers’ Central Co-operative Association Limited, and the Rayalaseema Apex Weavers’ Co-operative Society Limited and for matters connected therewith and incidental thereto.",54,1976,1976-08-18,1976-07-06,Telangana,,Industries and Commerce,11,1,section
telangana-state-handloom-weavers-co-operative-society-limited-merger,"The Telangana State Handloom Weavers Co-operative Society Limited (Merger of certain Co-operative Societies) Act, 1983.","An Act to provide for the merger of the Telangana State Wool Industrial Co-operative Society Limited, Hyderabad the Telangana State Textile Processing Co-operative Society Limited, Hyderabad and the Nellore District Weavers’ Service Co-operative Society Limited, Nellore with the Telangana State Handloom Weavers Co-operative Society Limited and for matters connected therewith or incidental.",14,1983,1983-09-24,1983-07-22,Telangana,,Industries and Commerce,12,1,section
telangana-state-minorities-commission-act-1998,"The Telangana State Minorities Commission Act, 1998.",An Act to provide for the establishment of religious Minority Commission to safeguard the interests of the Minority Communities in the State and for matters connected therewith or incidental thereto.,31,1998,1998-11-25,,Telangana,,Minorities Welfare,19,1,section
telangana-sugarcane-regulation-supply-purchase-act-1961,"The Telangana Sugarcane (Regulation of Supply and Purchase) Act, 1961.",An Act to provide for the regulation of supply and purchase of sugarcane required for use in sugar factories.,45,1961,1961-12-23,1962-01-05,Telangana,,Industries and Commerce,33,1,section
telangana-survey-boundaries-validation-act-1924,"The Telangana Survey and Boundaries (Validation) Act, 1924.","An Act to remove all doubts as to the validity of the Telangana Survey and Boundaries Act, 1923.",2,1925,1925-02-17,,Telangana,,Revenue,3,1,section
telangana-tax-on-professions-trades-callings-employments-act,"The Telangana Tax on Professions, Trades, Callings and Employments Act, 1987.","An Act to provide for the levy and collection of a Tax on Professions, Trades, Callings and Employments.",22,1987,1987-04-16,,Telangana,,Municipal Administration and Urban Development,41,1,section
telangana-taxation-offences-inapplicability-limitation-act-1982,"The Telangana Taxation Offences (Inapplicability of Limitation) Act, 1982.","An Act to provide for the inapplicability of the provisions of Chapter XXXVI of the Code of Criminal Procedure, 1973, to offences under certain taxation Laws of the State of Telangana.",17,1982,1982-12-15,,Telangana,,Revenue,3,1,section
telangana-vaccination-act-1951,"The Telangana Vaccination Act, 1951.",An Act to provide for making the vaccination of unprotected children and unprotected persons compulsory.,24,1951,1951-07-05,,Telangana,,"Health, Medical and Family Welfare",22,1,section
telangana-water-tax-act-1988,"The Telangana Water Tax Act, 1988.",An Act to provide for rationalisation of levy and collection of Water Tax in the State of Telangana and for matters connected therewith or incidental thereto.,11,1988,1988-04-19,1986-07-01,Telangana,,Revenue,15,1,section
telangana-womens-commission-act-1998,"The Telangana Womens Commission Act, 1998.",An Act to provide for the constitution of a Women’s Commission to improve the status of women in the State of Telangana and to inquire into unfair practices affecting women and for matters connected therewith or incidental thereto.,9,1998,1998-03-09,,Telangana,,"Department for Women, Children, Disabled and Senior Citizens",26,1,section
telecom-regulatory-authority-india-act-1997,"The Telecom Regulatory Authority of India Act, 1997","An Act to provide for the establishment of the Telecom Regulatory Authority of India and the Telecom Disputes Settlement and Appellate Tribunal to regulate the telecommunication services, adjudicate disputes, dispose of appeals and to protect the interests of service providers and consumers of the telecom sector, to promote and ensure orderly growth of the telecom sector and for matters connected therewith or incidental thereto.",24,1997,1997-03-28,1997-01-25,CENTRAL,Ministry of Communications,Department of Telecommunications,55,1,section
telecommunications-act-2023,"The Telecommunications Act, 2023.","An Act to amend and consolidate the law relating to development, expansion and operation of telecommunication services and telecommunication networks; assignment of spectrum; and for matters connected therewith or incidental thereto.",44,2023,2023-12-24,,CENTRAL,Ministry of Communications,Department of Telecommunications,62,1,section
territorial-army-act-1948,"The Territorial Army Act, 1948",An Act to provide for the constitution of a Territorial Army.,56,1948,1948-09-10,1948-09-10,CENTRAL,Ministry of Defence,Department of Military Affairs,19,1,section
territorial-waters-continental-shelf-exclusive-economic-zone-other,"The Territorial Waters, Continental Shelf, Exclusive Economic Zone and Other Maritime Zones Act, 1976","An Act to provide for certain matters relating to the territorial waters continental shelf, exclusive economic zone and other maritime zones of India.",80,1976,1976-08-25,1977-01-15,CENTRAL,Ministry of External Affairs,,16,1,section
terrorist-affected-areas-special-courts-act-1984,"The Terrorist Affected Areas (Special Courts) Act, 1984",An Act to provide for the speedy trial of certain offences in terrorist affected areas and for matters connected therewith.,61,1984,1984-08-31,1984-07-14,CENTRAL,Ministry of Home Affairs,Department of Internal Security,22,1,section
textile-undertakings-nationalisation-act-1995,"The Textile Undertakings (Nationalisation) Act, 1995","An Act to provide for the acquisition and transfer of the textile undertakings, and the right, title and interest of the owners in respect of the textile undertakings, specified in the First Schedule with a view to augmenting the production and distribution of different varieties of cloth and yarn so as to subserve the interests of the general public and for matters connected therewith or incidental thereto.",39,1995,1995-09-08,1994-04-01,CENTRAL,Ministry of Textiles,,39,1,section
textiles-committee-act-1963,"The Textiles Committee Act, 1963",An Act to provide for the establishment of a Committee for ensuring the quality of textiles and textile machinery and for matters connected therewith.,41,1963,1963-12-03,1964-08-22,CENTRAL,Ministry of Textiles,,31,1,section
tezpur-university-act-1993,"The Tezpur University Act, 1993",An Act to establish and incorporate a teaching and residential University in the State of Assam at Tezpur and to provide for matters connected therewith or incidental thereto.,45,1993,1993-06-01,1994-01-15,CENTRAL,Ministry of Education,Department of Higher Education,44,1,section
tobacco-board-act-1975,"The Tobacco Board Act, 1975",An Act to provide for the development under the control of the Union of the tobacco industry.,4,1975,1975-03-19,1976-08-28,CENTRAL,Ministry of Commerce and Industry,Department of Commerce,41,1,section
tobacco-duty-town-bombay-act-1857,"Tobacco Duty (Town of Bombay) Act, 1857","AN ACT to amend the law relating to the duties payable on Tobacco, and the retail sale and warehousing thereof in the Town of Bombay.",4,1857,1857-02-09,1857-02-09,CENTRAL,Ministry of Home Affairs,Department of States,21,1,section
tokyo-convention-act-1975,"The Tokyo Convention Act, 1975",An Act to give effect to the Convention on offences and certain other acts committed on board aircraft.,20,1975,1975-05-08,1976-01-01,CENTRAL,Ministry of Civil Aviation,,11,1,section
tp-act,"The Transfer of Property Act, 1882",An Act to amend the law relating to the Transfer of Property by act of Parties.,4,1882,1882-02-17,1882-07-01,CENTRAL,Ministry of Law and Justice,Legislative Department,148,1,section
trade-marks-act,"The Trade Marks Act, 1999","An Act to amend and consolidate the law relating to trade marks, to provide for registration and better protection of trade marks for goods and services and for the prevention of the use of fraudulent marks.",47,1999,1999-12-30,2003-09-15,CENTRAL,Ministry of Commerce and Industry,Department of Promotion of Industry and Internal Trade,169,1,section
trade-unions-act-1926-chandigarh,"The Trade Unions Act, 1926",,16,1926,1926-03-25,,Chandigarh,,Labour Department,1,1,section
transfer-prisoners-act-1950,"The Transfer of Prisoners Act, 1950",An Act to provide for the removal from one State to another of persons confined in a prison.,29,1950,1950-04-12,1950-04-12,CENTRAL,Ministry of Home Affairs,Department of Internal Security,4,1,section
transgender-persons-protection-rights-act-2019,"The Transgender Persons (Protection of Rights) Act, 2019.",An Act to provide for protection of rights of transgender persons and their welfare and for matters connected therewith and incidental thereto.,40,2019,2020-01-10,2019-12-05,CENTRAL,Ministry of Social Justice and Empowerment,Department of Social Justice and Empowerment,23,1,section
transplantation-human-organs-tissues-act-1994,"The Transplantation of Human Organs and Tissues Act, 1994","An Act to provide for the regulation of removal, storage and transplantation of human organs and tissues for therapeutic purposes and for the prevention of commercial dealings in human organs and tissues and for matters connected therewith or incidental thereto.",42,1994,1994-07-08,1995-02-04,CENTRAL,Ministry of Health and Family Welfare,Department of Health and Family Welfare,31,1,section
tribhuvan-sahkari-university-act-2025,"The ""Tribhuvan"" Sahkari University Act, 2025","An Act to establish the Institute of Rural Management Anand, as a University to be known as the “Tribhuvan” Sahkari University and to declare the same as an institution of national importance; to impart technical and management education and training in co-operative sector; to promote co-operative research and development and to attain standards of global excellence therein in order to realise the vision of “Sahkar Se Samriddhi” and to strengthen the co-operative movementin the country through a network of institutions, and also to declare the Institute as one of the Schools of the University and for matters connected therewith or incidental thereto.",11,2025,2025-04-03,2025-04-05,CENTRAL,Ministry of Cooperation,,53,1,section
tribunals-reforms-act-2021,"The Tribunals Reforms Act, 2021","An Act further to amend the Cinematograph Act, 1952, the Customs Act, 1962, the Airports Authority of India Act, 1994, the Trade Marks Act, 1999 and the Protection of Plant Varieties and Farmers' Rights Act, 2001 and certain other Acts.",33,2021,2021-08-13,,CENTRAL,Ministry of Finance,Department of Revenue,35,1,section
tripura-land-revenue-land-reforms-act-1960,"The Tripura Land Revenue and Land Reforms Act, 1960",An Act to consolidate and amend the law relating to land revenue in the Union territory of Tripura and to provide for the acquisition of estates and for certain other measures of land reform.,43,1960,1960-09-21,1960-09-21,CENTRAL,Ministry of Home Affairs,Department of States,199,1,section
tripura-university-act-2006,"The Tripura University Act, 2006",An Act to establish and incorporate a teaching and affiliating University in the State of Tripura and to provide for matters connected therewith or incidental thereto.,9,2007,2007-01-10,2007-07-02,CENTRAL,Ministry of Education,Department of Higher Education,48,1,section
tuljapur-development-authority-act-2008,"The Tuljapur Development Authority Act, 2008.",,3,2009,2009-01-06,,Maharashtra,Govt of Maharashtra,Urban Development Department,15,1,section
tyre-corporation-india-limited-disinvestment-ownership-act-2007,"The Tyre Corporation of India Limited (Disinvestment of Ownership) Act, 2007",An Act to provide for disinvestment of Government's equity in the Tyre Corporation of India Limited and for matters connected therewith or incidental thereto.,50,2007,2007-12-12,2007-12-12,CENTRAL,Ministry of Heavy Industries and Public Enterprises,Department of Heavy Industry,6,1,section
u-p-abolition-zare-chaharum-act-1951,"The U. P. Abolition of Zare Chaharum Act, 1951",,30,1951,1951-11-24,,Uttar Pradesh,,Revenue,9,1,section
u-p-ancient-historical-monuments-archaeological-sites-remains,"The U.P. Ancient and Historical Monuments and Archaeological Sites and Remains Preservation Act, 1956","उत्‍तर प्रदेश प्राचीन एवं ऐतिहासिक स्‍मारकों तथा पुरातात्‍वीय स्‍थानों और अवशेषों का परिरक्षण अधिनियम, 1956",7,1957,1957-01-19,,Uttar Pradesh,,Culture,4,1,section
u-p-course-books-act-1978,"The U.P. Course Books Act, 1978",,7,1979,1979-02-20,,Uttar Pradesh,,Secondary Education,16,1,section
u-p-fisheries-act-1948,The U.P. Fisheries Act 1948,,45,1948,1949-01-01,,Uttar Pradesh,,Fisheries,8,1,section
u-p-govt-electrical-undertakings-dues-recovery-act,"The U.P. Govt Electrical Undertakings (Dues Recovery) Act, 1958",,16,1958,1958-05-12,,Uttar Pradesh,,Energy,7,1,section
u-p-high-court-abolition-letters-patent-appeals,"The U.P High Court (Abolition of Letters Patent Appeals) Act, 1962",,14,1962,1962-11-13,,Uttar Pradesh,,Law,5,1,section
u-p-industrial-establishments-national-holidays-act-1961,"The U. P. Industrial Establishments (National Holidays) Act, 1961","The Uttar Pradesh Industrial Establishments (National Holidays) Act, 1961",18,1961,1961-08-08,1961-08-08,Uttar Pradesh,,Labour,9,1,section
u-p-industrial-housing-act-1955,"U.P. Industrial Housing Act, 1955","U.P. Industrial Housing Act, 1955 U.P. Act No. 23 of 1955",23,1955,1955-12-21,1955-12-21,Uttar Pradesh,,Labour,34,1,section
u-p-junior-high-schools-payment-salaries-teachers,"The U.P Junior High Schools (Payment of Salaries of Teachers and other Employees) Act, 1978",,6,1979,1979-01-12,,Uttar Pradesh,,Basic Education,18,1,section
u-p-krishi-evam-prodyogik-vishwavidyalaya-adhiniyam-1958,"The U.P. Krishi Evam Prodyogik Vishwavidyalaya Adhiniyam, 1958",,45,1958,1959-12-26,,Uttar Pradesh,,Agriculture Education & Research,39,1,section
u-p-land-revenue-provisions-extension-rampur-act,"The U. P. Land Revenue Provisions (Extension to Rampur) Act, 1969",,5,1969,1969-02-04,,Uttar Pradesh,,Revenue,3,1,section
u-p-large-land-holdings-tax-act-1957,"The U.P. Large Land Holdings Tax Act, 1957",,31,1957,1957-11-01,,Uttar Pradesh,,Revenue,29,1,section
u-p-pradeshik-armed-constabulary-act-1948,"The U.P. Pradeshik Armed Constabulary Act, 1948",,40,1948,1948-12-13,,Uttar Pradesh,,Home,16,1,section
u-p-prevention-cow-slaughter-act-1955,"The U. P. Prevention of Cow Slaughter Act, 1955",,1,1956,1956-01-06,,Uttar Pradesh,,Animal Husbandary,13,1,section
u-p-regulations-building-operations-act-1958,"The U.P. (Regulations of Building Operations) Act, 1958",,34,1958,1958-10-16,,Uttar Pradesh,,Housing and Urban Planning,26,1,section
u-p-sahkari-gram-vikas-bank-act-1964,The U P Sahkari Gram Vikas Bank Act 1964,,16,1964,1964-07-20,,Uttar Pradesh,,Cooperative,38,1,section
u-p-sugar-power-alcohol-industries-labour-welfare,"The U.P. Sugar and Power Alcohol Industries Labour Welfare and Development Fund Act, 1950",,16,1951,1951-06-02,1951-06-02,Uttar Pradesh,,Labour,14,1,section
u-p-sugarcane-regulation-supply-purchase-act-1953,"The U.P. Sugarcane (Regulation of Supply and Purchase) Act, 1953","The U.P. Sugarcane (Regulation of Supply and Purchase) Act, 1953",24,1953,1953-07-15,,Uttar Pradesh,,Cane Development,32,1,section
u-p-temple-entry-declaration-right-act-1956,"The U. P. Temple Entry (Declaration of Right) Act, 1956",,33,1956,1956-10-04,,Uttar Pradesh,,Dharmarth,8,1,section
uapa,"The Unlawful Activities (Prevention) Act, 1967","An Act to provide for the more effective prevention of certain unlawful activities of individuals and associations, and for dealing with terrorist activities, and for matters connected therewith.",37,1967,1967-12-30,1967-12-30,CENTRAL,Ministry of Home Affairs,Department of Internal Security,67,1,section
udaipur-development-authority-act-2023,"Udaipur Development Authority Act, 2023",,23,2023,2023-07-19,,Rajasthan,,Urban Development and Housing Department,100,1,section
unified-waqf-management-empowerment-efficiency-development-act-1995,"The Unified Waqf Management, Empowerment, Efficiency and Development Act, 1995",An Act to provide for the better administration of Auqaf and for matters connected therewith or incidental thereto.,43,1995,1995-11-22,1996-01-01,CENTRAL,Ministry of Minority Affairs,,126,1,section
union-duties-excise-distribution-act-1979,"The Union Duties of Excise (Distribution) Act, 1979","An Act to provide for the payment out of the Consolidated Fund of India of sums equivalent to a part of the net proceeds of certain Union duties of excise to the States to which the law imposing the duty extends and for the distribution of those sums among those States in accordance with the principles recommended by the Finance Commission in its report dated the 25th day of November, 1994.",24,1979,1979-05-20,1979-04-01,CENTRAL,Ministry of Finance,Department of Revenue,6,1,section
union-territories-direct-election-house-people-act-1965,"The Union Territories (Direct Election to the House of the People) Act, 1965",An Act to provide for direct election in certain Union territories for filling the seats allotted to them in the House of the People and for matters connected therewith.,49,1965,1965-12-22,1965-12-22,CENTRAL,Ministry of Law and Justice,Legislative Department,6,1,section
union-territories-laws-act-1950,"The Union Territories (Laws) Act, 1950",An Act to provide for the extension of laws to certain Union territories.,30,1950,1950-04-15,1950-04-16,CENTRAL,Ministry of Home Affairs,Department of States,4,1,section
union-territories-separation-judicial-executive-functions-act-1969,"The Union Territories (Separation of Judicial and Executive Functions) Act, 1969",An Act to provide for the separation of judicial and executive functions in Union Territories.,19,1969,1969-05-31,1969-10-02,CENTRAL,Ministry of Home Affairs,Department of States,9,1,section
union-territories-stamp-court-fees-laws-act-1961,"The Union Territories (Stamp and Court-fees Laws) Act, 1961",An Act to provide for the amendment and repeal of certain laws relating to stamp duties and court-fees as in force in certain Union territories.,33,1961,1961-08-29,,CENTRAL,Ministry of Law and Justice,Department of Justice,6,1,section
union-territory-goods-services-tax-act-2017,"The Union Territory Goods and Services Tax Act, 2017",An Act to make a provision for levy and collection of tax on intra-State supply of goods or services or both by the Union territories and for matters connected therewith or incidental thereto.,14,2017,2017-04-12,,CENTRAL,Ministry of Finance,Department of Revenue,29,1,section
union-territory-goods-services-tax-act-2017-chandigarh,"The Union Territory Goods and Services Tax Act, 2017",,14,2017,2017-04-12,,Chandigarh,,Excise and Taxation Department,2,1,section
unit-trust-india-transfer-undertaking-repeal-act-2002,"The Unit Trust of India (Transfer of Undertaking and Repeal) Act, 2002","An Act to provide for the transfer and vesting of the undertaking (excluding the specified undertaking) of the Unit Trust of India to the specified company to be formed and registered under the Companies Act, 1956, and the transfer and vesting of the specified undertaking of the Unit Trust of India in the Administrator and for matters connected therewith or incidental thereto and also to repeal the Unit Trust of India Act, 1963.",58,2002,2002-12-17,2002-10-29,CENTRAL,Ministry of Finance,Department of Investment and Public Asset Management,25,1,section
united-nations-privileges-immunities-act-1947,"The United Nations (Privileges and Immunities) Act, 1947",An Act to give effect to the Convection on the Privileges and immunities of the United Nations.,46,1947,1947-12-20,1947-12-20,CENTRAL,Ministry of External Affairs,,4,1,section
united-nations-security-council-act-1947,"The United Nations (Security Council) Act, 1947",An Act to enable effect to be given to certain provisions of the Charter of the United Nations.,43,1947,1947-12-20,1947-12-20,CENTRAL,Ministry of External Affairs,,2,1,section
united-provinces-acquisition-property-flood-relief-act-1948,"The United Provinces Acquisition of Property (Flood Relief) Act, 1948",,39,1948,1948-12-13,,Uttar Pradesh,,"Environment,Forest & Climate Change",15,1,section
united-provinces-aerial-ropeways1-act-1922,"The United Provinces Aerial, Ropeways1 Act, 1922",,1,1922,1922-03-25,,Uttar Pradesh,,Public Works Department,36,1,section
united-provinces-badrinath-sanitation-empowerment-repeal-act-1975,"The United Provinces Badrinath Sanitation and Empowerment (Repeal) Act, 1975",,27,1975,1975-08-18,,Uttar Pradesh,,Dharmarth,2,1,section
united-provinces-civil-judges-designation-act-1936,"The United Provinces Civil Judges (Designation) Act, 1936","THE UNITED PROVINCES CIVIL JUDGES (DESIGNATION) ACT, 1936 U. P. Act No. IV of 1936",4,1936,1936-08-15,,Uttar Pradesh,,Law,5,1,section
united-provinces-cotton-ginning-pressing-factories-act-1948,"The United Provinces Cotton Ginning and Pressing Factories Act, 1948",,9,1949,1949-06-18,,Uttar Pradesh,,Agriculture,22,1,section
united-provinces-cotton-pest-control-act-1936,"The United Provinces Cotton Pest Control Act, 1936",,11,1936,1937-02-08,,Uttarakhand,,DEPARTMENT OF AGRICULTURE AND FARMER WELFARE,15,1,section
united-provinces-cotton-statistics-act-1947,"The United Provinces Cotton (Statistics) Act, 1947",,5,1947,1947-03-22,,Uttar Pradesh,,Agriculture,11,1,section
united-provinces-court-wards-repeal-act-1969,"The United Provinces Court of Wards (Repeal) Act, 1969",,8,1969,1969-09-15,,Uttar Pradesh,,Law,3,1,section
united-provinces-debt-redemption-act-1940,"The United Provinces Debt Redemption Act, 1940",,13,1940,1940-12-28,,Uttar Pradesh,,Revenue,27,1,section
united-provinces-encumbered-estates-act-1934,"The United Provinces Encumbered Estates Act, 1934",,25,1934,1935-04-27,,Uttar Pradesh,,Revenue,55,1,section
united-provinces-estates-act-1920,"The United Provinces Estates Act, 1920",,7,1920,1920-12-25,,Uttar Pradesh,,Revenue,38,1,section
united-provinces-excise-act-1910,The United Provinces Excise Act 1910,THE UNITED PROVINCES EXCISE ACT 1910,4,1910,1910-06-12,1910-02-24,Uttar Pradesh,,Excise,98,1,section
united-provinces-honorary-munsifs-act-1896,"The United Provinces Honorary Munsifs Act, 1896",,2,1896,1897-01-02,,Uttar Pradesh,,Law,13,1,section
united-provinces-indian-medicine-act-1939,"The United Provinces (Indian Medicine) Act, 1939",,10,1939,1939-09-23,,Uttar Pradesh,,Ayush,60,1,section
united-provinces-industrial-dispute-act-1947,"The United Provinces Industrial Dispute Act, 1947","it is necessary to provide for powers to prevent strikes and lock-outs, and for the settlement of industrial disputes and other incidental matters",28,1947,1948-01-10,1948-02-01,Uttar Pradesh,,Labour,76,1,section
united-provinces-medical-act-1917,"The United Provinces Medical Act, 1917",,3,1917,1917-08-04,,Uttar Pradesh,,Medical Health,36,1,section
united-provinces-melas-act-1938,"The United Provinces Melas Act, 1938","THE UNITED PROVINCES MELAS ACT, 1938",16,1938,1939-03-04,,Uttar Pradesh,,Urban development,16,1,section
united-provinces-nurses-midwives-assistant-midwives-auxillary-nursemidwives,"The United Provinces Nurses, Midwives, Assistant Midwives Auxillary Nursemidwives and Health Visitors Registration Act, 1934",,15,1934,1934-08-25,,Uttar Pradesh,,Medical Health,37,1,section
united-provinces-objectionable-advertisements-control-act-1948,"The United Provinces Objectionable Advertisements Control Act, 1948",,2,1949,1949-02-19,,Uttar Pradesh,,State tax,16,1,section
united-provinces-panchayat-raj-act,The United Provinces Panchayat Raj Act,THE UNITED PROVINCES PANCHAYATRAJ ACT 1947,26,1947,1847-12-27,,Uttar Pradesh,,Panchayati Raj,115,1,section
united-provinces-private-forests-act-1948,"The United Provinces Private Forests Act, 1948",An Act to provide for the conservation of private forests and groves and afforestation of waste lands in the Uttar Pradesh.,6,1949,1949-05-11,,Uttar Pradesh,,"Environment,Forest & Climate Change",76,1,section
united-provinces-refugees-rehabilitation-loans-act-1948,"The United Provinces Refugees Rehabilitation (Loans) Act, 1948",,28,1948,1948-06-16,,Uttar Pradesh,,Home,16,1,section
united-provinces-regulation-agricultural-credit-act-1940,"The United Provinces Regulation of Agricultural Credit Act, 1940",,14,1940,1940-12-28,,Uttar Pradesh,,Revenue,8,1,section
united-provinces-requisition-motor-vehicles-emergency-powers-act,"The United Provinces Requisition of Motor Vehicles (Emergency Powers) Act, 1947","The United Provinces Requisition of Motor Vehicles (Emergency Powers) Act, 1947",27,1947,1947-12-22,,Uttar Pradesh,,Transport,16,1,section
united-provinces-roadside-land-control-act-1945,"The United Provinces Roadside Land Control Act, 1945",,10,1945,1945-12-13,,Uttar Pradesh,,Public Works Department,17,1,section
united-provinces-rural-development-requisitioning-land-act-1948,"The United Provinces Rural Development (Requisitioning of Land) Act, 1948",,27,1948,1948-06-01,,Uttar Pradesh,,Revenue,16,1,section
united-provinces-state-tube-wells-act-1936,"The United Provinces State Tube-Wells Act, 1936",,12,1936,1937-03-06,,Uttar Pradesh,,Irrigation & Water Resources,9,1,section
united-provinces-veterinary-council-act-1947,"The United Provinces Veterinary Council Act, 1947",,20,1947,1947-08-02,,Uttar Pradesh,,Animal Husbandary,36,1,section
university-allahabad-act-2005,"The University of Allahabad Act, 2005",An Act to declare the University of Allahabad to be an institution of national importance and to provide for its incorporation and matters connected therewith or incidental thereto.,26,2005,2005-06-23,2005-07-14,CENTRAL,Ministry of Education,Department of Higher Education,46,1,section
university-grants-commission-act-1956,"The University Grants Commission Act, 1956","An Act to make provision for the co-ordination and determination of standards in Universities and for that purpose, to establish a University Grants Commission.",3,1956,1956-03-03,1956-11-05,CENTRAL,Ministry of Education,Department of Higher Education,30,1,section
university-hyderabad-act-1974,"The University of Hyderabad Act, 1974",An Act to establish and incorporate a teaching University in the State of Andhra Pradesh and to provide for matters connected therewith or incidental thereto.,39,1974,1974-09-03,,CENTRAL,Ministry of Education,Department of Higher Education,41,1,section
university-science-technology-meghalaya-act-2008-act-no,"University of Science and Technology, Meghalaya Act, 2008 (Act No. 6 of 2008)","An Act to establish and incorporate an University in the State, with emphasis on providing high quality and industry-relevant education in the areas of Engineering Science, Management Science, Applied Life Sciences, Physical Sciences, Physical Education and Sports Sciences, Education and Teaching Technology, Media and Communication Technology, Pharmaceutical Sciences, Design and Architecture, Agriculture and Food Processing Sciences, Medical and Health Sciences and other related areas of Science and Technology sponsored by Education, Research and Development Foundation (ERDF), Guwahati and to provide for matters connected therewith or incidental thereto.",6,2008,2008-12-01,,Meghalaya,Meghalaya Law Department,Law Department,56,1,section
university-technology-management-act-2010-act-no-3,"The University of Technology and Management Act, 2010 (Act No. 3 of 2011)","An Act to establish and incorporate a University in the name of University of Technology and Management with facilities for education, training and research in the areas of applied sciences, technology, management, medicine, fashion & design, law and other related studies sponsored by Hydrocarbons Education & Research Society, registered under Societies Registration Act, 1860 at New Delhi and to provide for matters connected therewith or incidental thereto.",3,2011,2011-12-30,,Meghalaya,Meghalaya Law Department,Law Department,49,1,section
up-electricity-duty-act-1952,UP Electricity Duty Act 1952,,33,1952,1952-12-04,,Uttar Pradesh,,Energy,16,1,section
up-prisoners-release-on-probation-act-1938,UP Prisoners Release on Probation Act 1938,,8,1938,1938-09-24,,Uttar Pradesh,,Prisons Administration & Reform Services,9,1,section
urban-land-ceiling-regulation-repeal-act-1976,"The Urban Land (Ceiling and Regulation) Repeal, ACT, 1976","The Urban Land (Ceiling and Regulation) Repeal, Act, 1999",15,1999,1999-03-22,,Uttar Pradesh,,Housing and Urban Planning,5,1,section
urban-land-ceiling-regulation-repeal-act-1999,"The Urban Land (Ceiling and Regulation) Repeal Act, 1999","An Act to repeal the Urban Land (Ceiling and Regulation) Act, 1976",15,1999,1999-03-18,1999-03-18,CENTRAL,Ministry of Housing and Urban Affairs,,5,1,section
usha-martin-university-act-2012-amendment-act-2018,"Usha Martin University Act 2012(Amendment) Act, 2018",,4,2013,2013-02-26,,Jharkhand,,"Higher Technical Education and Skill Development Department, Government of Jharkhand",52,1,section
usurious-loans-act-1918,"The Usurious Loans Act, 1918",It is expedient to give additional powers to Court to deal in certain cases with usurious loans of money or in kind;,10,1918,1918-03-22,1918-03-22,CENTRAL,Ministry of Finance,Department of Economic Affairs,4,1,section
uttar-pradesh-aadhaar-act-2017,"The Uttar Pradesh Aadhaar Act, 2017","THE UTTAR PRADESH AADHAAR (TARGETED DELIVERY OF FINANCIAL AND OTHER SUBSIDIES, BENEFITS AND SERVICES) ACT, 2017",8,2018,2018-03-07,,Uttar Pradesh,,Planning,9,1,section
uttar-pradesh-absorption-retrenched-employees-government-or-public,"The Uttar Pradesh Absorption of Retrenched Employees of Government or Public Corporations in Government Service (Rescission of Rules) Act, 2009",,26,2009,2009-08-27,,Uttar Pradesh,,Personnel department,4,1,section
uttar-pradesh-accommodation-requistion-act-1947,"The Uttar Pradesh Accommodation Requistion Act, 1947",,25,1947,1947-12-15,,Uttar Pradesh,,Revenue,19,1,section
uttar-pradesh-admission-educational-institutions-act-2006,"The Uttar Pradesh Admission to Educational Institutions Act, 2006","THE UTTAR PRADESH ADMISSION TO EDUCATIONAL INSTITUTIONS (RESERVATION FOR SCHEDULED CASTES, SCHEDULED TRIBES AND OTHER BACKWARD CLASSES) ACT, 2006",23,2006,2006-09-08,,Uttar Pradesh,,Technical Education,14,1,section
uttar-pradesh-advocates-welfare-fund-act-1974,The Uttar Pradesh Advocates Welfare Fund Act-1974,,6,1974,1974-04-17,,Uttar Pradesh,,Law,18,1,section
uttar-pradesh-agricultural-credit-act-1973,"The Uttar Pradesh Agricultural Credit Act, 1973",,19,1973,1973-10-22,,Uttar Pradesh,,Agriculture,36,1,section
uttar-pradesh-agricultural-diseases-pests-act-1954,"The Uttar Pradesh Agricultural Diseases and Pests Act, 1954",,15,1955,1955-10-11,,Uttar Pradesh,,Agriculture,12,1,section
uttar-pradesh-anatomy-act-1956,"The Uttar Pradesh Anatomy Act, 1956",,6,1957,1957-01-19,,Uttar Pradesh,,Medical Health,11,1,section
uttar-pradesh-apartment-promotion-construction-ownership-maintenance-act,"The Uttar Pradesh Apartment (Promotion of construction, Ownership & Maintenance) Act,-2010","The Uttar Pradesh Apartment (Promotion of construction, Ownership & Maintenance) Act,-2010",16,2010,2010-03-18,,Uttar Pradesh,,Housing and Urban Planning,34,1,section
uttar-pradesh-appropriation-acts-repeal-act-2018,"The Uttar Pradesh Appropriation Acts (Repeal) Act, 2018",,21,2018,2018-04-09,,Uttar Pradesh,,Vidhai,3,1,section
uttar-pradesh-avas-evam-vikas-parishad-adhiniyam-1965,"The Uttar Pradesh Avas Evam Vikas Parishad Adhiniyam, 1965","The Uttar Pradesh Avas Evam Vikas Parishad Adhiniyam, 1965",1,1966,1966-02-16,,Uttar Pradesh,,Housing and Urban Planning,99,1,section
uttar-pradesh-basic-education-act-1972,"The Uttar Pradesh Basic Education Act, 1972",,34,1972,1972-08-17,1972-08-17,Uttar Pradesh,,Basic Education,25,1,section
uttar-pradesh-bhagirathi-river-valley-authority-act-1999,"The Uttar Pradesh Bhagirathi River Valley Authority Act, 1999",,14,1999,1999-03-24,,Uttar Pradesh,,U.P. Reorganisation & Coordination,22,1,section
uttar-pradesh-bhasha-vidheyak-tatha-adhiniyam-1950,"Uttar Pradesh Bhasha (Vidheyak tatha Adhiniyam), 1950",,1,1950,1950-02-10,,Uttar Pradesh,,Language,2,1,section
uttar-pradesh-bhoodan-yagya-act-1952,"The Uttar Pradesh Bhoodan Yagya Act, 1952","The U.P. Bhoodan Yagna Act, 1952, (U.P. Act No. 10 of 1953)",10,1953,1953-02-27,1953-03-05,Uttar Pradesh,,Revenue,18,1,section
uttar-pradesh-bhoomi-evam-jal-sanrakshan-adhiniyam-1963,"The Uttar Pradesh Bhoomi Evam Jal Sanrakshan Adhiniyam, 1963",,16,1963,1963-05-29,,Uttar Pradesh,,Agriculture,35,1,section
uttar-pradesh-board-development-municipal-financial-resources-act,"The Uttar Pradesh Board for Development of Municipal Financial Resources Act, 2011","THE UTTAR PRADESH BOARD FOR DEVELOPMENT OF MUNICIPAL FINANCIAL RESOURCES ACT, 2011",11,2011,2011-03-18,,Uttar Pradesh,,Urban development,38,1,section
uttar-pradesh-board-madarsa-education-act-2004,"The Uttar Pradesh Board of Madarsa Education Act, 2004",,29,2004,2004-09-03,,Uttar Pradesh,,Minority Welfare,33,1,section
uttar-pradesh-board-secondary-sanskrit-education-act-2000,"Uttar Pradesh Board of Secondary Sanskrit Education Act, 2000",SECONDARY EDUCATION SANSKRIT ACT 2000,32,2000,2000-11-01,,Uttar Pradesh,,Secondary Education,35,1,section
uttar-pradesh-braj-teerth-vikash-parishad-act-2015,"The Uttar Pradesh Braj (Teerth Vikash Parishad) Act, 2015","THE UTTAR PRADESH BRAJ (TEERTH VIKASH PARISHAD) ACT, 2015",5,2015,2015-04-06,,Uttar Pradesh,,Tourism,42,1,section
uttar-pradesh-bricks-regulation-supply-act-1990,"The Uttar Pradesh Bricks (Regulation of Supply) Act, 1990",,6,1991,1991-02-27,,Uttar Pradesh,,Food & Civil Supplies,7,1,section
uttar-pradesh-cinemas-regulation-act-1955,"The Uttar Pradesh Cinemas (Regulation) Act, 1955",,3,1956,1956-01-23,,Uttar Pradesh,,State tax,17,1,section
uttar-pradesh-co-operative-societies-act-1965,"The Uttar Pradesh Co-operative Societies Act, 1965",,11,1966,1966-04-15,,Uttar Pradesh,,Cooperative,153,1,section
uttar-pradesh-commission-minorities-act-1994,"The Uttar Pradesh Commission for Minorities Act, 1994",,22,1994,1994-08-31,,Uttar Pradesh,,Minority Welfare,19,1,section
uttar-pradesh-commission-scheduled-castes-scheduled-tribes-act,"The Uttar Pradesh Commission for the Scheduled Castes and Scheduled Tribes Act, 1995",,16,1995,1995-08-11,,Uttar Pradesh,,Social Welfare,24,1,section
uttar-pradesh-consolidation-holding-act-1953,"Uttar Pradesh Consolidation of Holding Act, 1953",U.P. Act No.5 of 1954,5,1954,1954-03-08,,Uttar Pradesh,,Revenue,89,1,section
uttar-pradesh-contingency-fund-act-1950,"Uttar Pradesh Contingency Fund Act, 1950",,19,1950,1950-05-02,,Uttar Pradesh,,Finance,6,1,section
uttar-pradesh-contingency-fund-act-1950-uttarakhand,"Uttar Pradesh Contingency Fund Act, 1950",,19,1950,1950-05-02,,Uttarakhand,,DEPARTMENT OF FINANCE,2,1,section
uttar-pradesh-control-goondas-act-1970,"The Uttar Pradesh Control of Goondas Act, 1970",,8,1971,1971-01-18,,Uttar Pradesh,,Home,16,1,section
uttar-pradesh-corneal-grafting-act-1964,"The Uttar Pradesh Corneal Grafting Act, 1964",,23,1964,1964-10-03,,Uttar Pradesh,,Medical Health,7,1,section
uttar-pradesh-court-fees-payment-cash-act-1975,"The Uttar Pradesh Court Fees (Payment in Cash) Act, 1975",,9,1975,1975-03-25,,Uttar Pradesh,,Stamp & Registration,3,1,section
uttar-pradesh-court-fees-remission-act-1950,"The Uttar Pradesh Court Fees (Remission) Act, 1950",,9,1950,1950-03-16,,Uttar Pradesh,,Stamp & Registration,3,1,section
uttar-pradesh-dacoity-affected-areas-act-1983,"The Uttar Pradesh Dacoity Affected Areas Act, 1983",,31,1983,1981-10-22,,Uttar Pradesh,,Home,31,1,section
uttar-pradesh-debt-relief-act-1977,"The Uttar Pradesh Debt Relief Act, 1977",,4,1977,1977-07-23,,Uttar Pradesh,,Revenue,36,1,section
uttar-pradesh-departmental-inquiries-enforcement-attendance-witnesses-production,"The Uttar Pradesh Departmental Inquiries (Enforcement of Attendance of Witnesses and Production of Documents) Act, 1976",,4,1976,1976-04-13,,Uttar Pradesh,,Law,7,1,section
uttar-pradesh-development-council-act-2006,"The Uttar Pradesh Development Council Act, 2006",,11,2006,2006-04-05,,Uttar Pradesh,,Infrastructure & Industrial Development,21,1,section
uttar-pradesh-disaster-management-act-2005,"The Uttar Pradesh Disaster Management Act, 2005",,20,2005,2005-08-11,,Uttar Pradesh,,Revenue,49,1,section
uttar-pradesh-dookan-aur-vanijya-adhishthan-adhiniyam-1962,"The Uttar Pradesh Dookan Aur Vanijya Adhishthan Adhiniyam, 1962","The U.P. Dookan Aur Vanijya Adhisthan Adhiniyam, 1962 (U.P. Act No. 26 of 1962)",26,1962,1962-12-26,,Uttar Pradesh,,Labour,46,1,section
uttar-pradesh-dr-bhimrao-ambedkar-samajik-parivartan-sthal,"The Uttar Pradesh Dr. Bhimrao Ambedkar Samajik Parivartan Sthal (Repeal) Act, 2009",,9,2009,2009-02-28,,Uttar Pradesh,,Housing and Urban Planning,2,1,section
uttar-pradesh-education-institutions-prevention-dissipation-assets-act,"The Uttar Pradesh Education Institutions (Prevention of Dissipation of Assets) Act, 1974",,3,1975,1975-03-03,,Uttar Pradesh,,Secondary Education,8,1,section
uttar-pradesh-education-service-selection-commission-act-2023,"Uttar Pradesh Education Service Selection Commission Act, 2023","UTTAR PRADESH EDUCATION SERVICE SELECTION COMMISSION ACT, 2023",15,2023,2023-08-21,,Uttar Pradesh,,Higher Education,31,1,section
uttar-pradesh-educational-institutions-reservation-teachers-cadre-act,"The Uttar Pradesh Educational Institutions (Reservation in Teacher’s Cadre) Act, 2021",,9,2021,2021-03-05,,Uttar Pradesh,,Higher Education,7,1,section
uttar-pradesh-electricity-reforms-act-1999,"The Uttar Pradesh Electricity Reforms Act, 1999",,24,1999,1999-07-07,,Uttar Pradesh,,Energy,55,1,section
uttar-pradesh-employment-substitute-workmen-act-1978,"The Uttar Pradesh Employment of Substitute Workmen Act, 1978",,4,1978,1978-04-18,,Uttar Pradesh,,Labour,11,1,section
uttar-pradesh-essential-services-maintenance-act-1966,"The Uttar Pradesh Essential Services Maintenance Act, 1966",,30,1966,1966-12-31,,Uttar Pradesh,,Secondary Education,9,1,section
uttar-pradesh-essential-services-maintenance-nirsan-adhiniyam-1955,"Uttar Pradesh Essential Services Maintenance (Nirsan) Adhiniyam, 1955",,11,1955,1955-04-21,,Uttar Pradesh,,Food & Civil Supplies,2,1,section
uttar-pradesh-fighters-democracy-honour-act-2016,"The Uttar Pradesh Fighters of Democracy Honour Act, 2016",,9,2016,2016-03-22,,Uttar Pradesh,,Political Pension,11,1,section
uttar-pradesh-fire-emergency-service-act,Uttar Pradesh Fire And Emergency Service Act,,16,2022,2022-12-13,,Uttar Pradesh,,Home,70,1,section
uttar-pradesh-fiscal-responsibility-budget-management-act-2004,"The Uttar Pradesh Fiscal Responsibility and Budget Management Act, 2004","THE UTTAR PRADESH FISCAL RESPONSIBILITY AND BUDGET MANAGEMENT ACT, 2004",5,2004,2004-02-27,,Uttar Pradesh,,Finance,10,1,section
uttar-pradesh-flood-emergency-powers-evacuation-requisition-act,"Uttar Pradesh Flood Emergency Powers (Evacuation and Requisition) Act, 1951",,9,1952,1952-06-07,,Uttar Pradesh,,"Environment,Forest & Climate Change",17,1,section
uttar-pradesh-forest-corporation-act-1974,Uttar Pradesh Forest Corporation Act 1974,,4,1975,1975-03-13,,Uttar Pradesh,,"Environment,Forest & Climate Change",35,1,section
uttar-pradesh-fourth-repealing-act-2021,"The Uttar Pradesh (Fourth) Repealing Act, 2021",,36,2021,2021-12-24,,Uttar Pradesh,,Vidhai,3,1,section
uttar-pradesh-fruit-nurseries-regulation-act-1976,"Uttar Pradesh Fruit Nurseries (Regulation) Act, 1976",,21,1976,1976-10-13,,Uttar Pradesh,,Horticulture,21,1,section
uttar-pradesh-fundamental-rule-56-amendment-act-1976,"The Uttar Pradesh Fundamental Rule 56 (Amendment) Act, 1976",,33,1976,1976-11-18,,Uttar Pradesh,,Finance,3,1,section
uttar-pradesh-fundamental-rule-56-amendment-validation-act,"The Uttar Pradesh Fundamental Rule 56 (Amendment and Validation) Act, 1975",,24,1975,1975-08-14,,Uttar Pradesh,,Finance,5,1,section
uttar-pradesh-fundamental-rule-56-amendment-validation-act-uttar-pradesh,"The Uttar Pradesh Fundamental Rule 56 (Amendment and Validation) Act, 1970",,5,1970,1970-04-01,,Uttar Pradesh,,Finance,4,1,section
uttar-pradesh-fundamental-rule-56-amendnent-validation-act,"The Uttar Pradesh Fundamental Rule 56 (Amendnent and Validation) Act, 2020",,9,2020,2020-03-13,,Uttar Pradesh,,Finance,3,1,section
uttar-pradesh-gangsters-anti-social-activities-prevention-act-1986,"The Uttar Pradesh Gangsters and Anti-Social Activities (Prevention) Act, 1986",,7,1986,1986-01-15,,Uttar Pradesh,,Home,24,1,section
uttar-pradesh-gautam-buddha-university-act-2002,"The Uttar Pradesh Gautam Buddha University Act, 2002",,9,2002,2002-09-06,,Uttar Pradesh,,Infrastructure & Industrial Development,50,1,section
uttar-pradesh-general-clauses-act-1904,The Uttar Pradesh General Clauses Act 1904,,1,1904,1973-04-28,,Uttar Pradesh,,Vidhai,39,1,section
uttar-pradesh-go-seva-ayog-adhiniyam-1999,"The Uttar Pradesh Go-Seva Ayog Adhiniyam, 1999",,15,1999,1999-03-24,,Uttar Pradesh,,Animal Husbandary,24,1,section
uttar-pradesh-goods-services-tax-act-2017,"The Uttar Pradesh Goods and Services Tax Act, 2017",,1,2017,2017-05-19,,Uttar Pradesh,,State tax,187,1,section
uttar-pradesh-goshala-adhiniyam-1964,"The Uttar Pradesh Goshala Adhiniyam, 1964",,10,1964,1964-04-15,,Uttar Pradesh,,Animal Husbandary,22,1,section
uttar-pradesh-ground-water-management-regulation-act-2019,"The Uttar Pradesh Ground Water (Management and Regulation) Act, 2019",,13,2019,,2019-10-02,Uttar Pradesh,,Namami Gange and Rural Water Supply,52,1,section
uttar-pradesh-harcourt-butler-technical-university-act-2016,"The Uttar Pradesh Harcourt Butler Technical University, Act, 2016 (U.P. Act No. 11 of 2016)",,11,2016,2016-04-07,,Uttar Pradesh,,Technical Education,59,1,section
uttar-pradesh-health-workers-health-supervisors-regulation-pay,"The Uttar Pradesh Health Workers and Health Supervisors (Regulation of Pay) Act, 1996",,2,1996,1996-01-05,,Uttar Pradesh,,Medical Health,8,1,section
uttar-pradesh-high-schools-intermediate-colleges-payment-salaries,"The Uttar Pradesh High Schools and Intermediate Colleges (Payment of Salaries of Teachers and Other Employees) Act, 1971",,24,1971,1971-08-30,,Uttar Pradesh,,Secondary Education,17,1,section
uttar-pradesh-higher-education-grants-commission-repeal-act,"The Uttar Pradesh Higher Education Grants Commission (Repeal) Act, 1986",,20,1986,1986-09-20,,Uttar Pradesh,,Higher Education,2,1,section
uttar-pradesh-hindu-religious-institutions-prevention-dissipation-properties,"The Uttar Pradesh Hindu Religious Institutions (Prevention of Dissipation of Properties) (Repeal) Act, 2000",,31,2000,2000-11-01,,Uttar Pradesh,,Dharmarth,3,1,section
uttar-pradesh-home-guards-act-1963,Uttar Pradesh Home Guards Act 1963,,29,1963,1963-12-30,,Uttar Pradesh,,Home Guard,15,1,section
uttar-pradesh-homoeopathic-medical-colleges-acqisition-amp-miscellaneous,"The Uttar Pradesh Homoeopathic Medical Colleges (Acqisition &Amp; Miscellaneous Provisions) Act, 1981",,21,1981,1981-12-11,,Uttar Pradesh,,Ayush,17,1,section
uttar-pradesh-homoeopathic-medicines-act-1951,"The Uttar Pradesh Homoeopathic Medicines Act, 1951",,8,1952,1952-05-19,,Uttar Pradesh,,Ayush,68,1,section
uttar-pradesh-house-sites-flood-affected-areas-temporary,"The Uttar Pradesh House Sites (Flood Affected Areas) (Temporary Powers) Act, 1957",,3,1958,1958-01-22,,Uttar Pradesh,,Revenue,6,1,section
uttar-pradesh-imposition-ceiling-on-land-holdings-act,"The Uttar Pradesh Imposition of Ceiling on Land Holdings Act, 1960","The Uttar Pradesh Imposition Of Ceiling On Land Holdings Act, 1960",1,1961,1961-01-03,,Uttar Pradesh,,Revenue,54,1,section
uttar-pradesh-indian-medical-institutions-acquisition-miscellaneous-provisions,"The Uttar Pradesh Indian Medical Institutions (Acquisition and Miscellaneous Provisions) Act, 1982",,18,1982,1982-04-17,,Uttar Pradesh,,Medical Education,18,1,section
uttar-pradesh-industrial-area-development-act-1976,"The Uttar Pradesh Industrial Area Development Act, 1976",,6,1976,1976-04-16,,Uttar Pradesh,,Infrastructure & Industrial Development,26,1,section
uttar-pradesh-industrial-area-development-removal-or-doubts,"The Uttar Pradesh Industrial Area Development (Removal or Doubts and Validation) Act, 1991",,27,1991,1991-08-19,,Uttar Pradesh,,Infrastructure & Industrial Development,5,1,section
uttar-pradesh-industrial-peace-timely-payment-wages-act,"The Uttar Pradesh Industrial Peace (Timely Payment of Wages) Act, 1978",,5,1978,1978-04-18,1977-12-12,Uttar Pradesh,,Labour,9,1,section
uttar-pradesh-industrial-undertakings-special-provisions-prevention-unemployment,"The Uttar Pradesh Industrial Undertakings (Special Provisions for Prevention of Unemployment) Act, 1966","UTTAR PRADESH INDUSTRIAL UNDERTAKINGS SPECIAL PROVISIONS FOR PREVENTION OF (UNEMPLOYEMNT) Act, 1966",25,1966,1966-10-15,1966-10-15,Uttar Pradesh,,Labour,4,1,section
uttar-pradesh-intoxicating-liquor-objectionable-advertisements-act-1976,"The Uttar Pradesh Intoxicating Liquor (Objectionable Advertisements) Act, 1976",,3,1976,1976-04-13,,Uttar Pradesh,,Excise,12,1,section
uttar-pradesh-jagadguru-rambhadracharya-divyang-state-university-act,"The Uttar Pradesh Jagadguru Rambhadracharya Divyang State University Act, 2023",,13,2023,2023-08-21,,Uttar Pradesh,,Empowerment Of Persons With Disabilities,63,1,section
uttar-pradesh-janhit-guarantee-adhiniyam-2011,"uttar pradesh janhit guarantee adhiniyam, 2011",,3,2011,2011-03-04,,Uttar Pradesh,,Public Service Management,12,1,section
uttar-pradesh-jute-goods-control-act-1950,"Uttar Pradesh Jute Goods (Control) Act, 1950",,15,1950,1950-03-16,,Uttar Pradesh,,Small Scale Industries & Export Promotion,9,1,section
uttar-pradesh-kans-eradication-act-1951,"Uttar Pradesh Kans Eradication Act, 1951",,22,1951,1951-10-15,,Uttar Pradesh,,Agriculture,14,1,section
uttar-pradesh-kesari-gram-prohibition-act-1983,"The Uttar Pradesh Kesari Gram (Prohibition) Act, 1983",,22,1983,1983-09-23,,Uttar Pradesh,,Medical Health,5,1,section
uttar-pradesh-khadi-village-industries-board-act-1960,"The Uttar Pradesh Khadi and Village Industries Board Act, 1960 ( in English)",,10,1960,1960-04-26,,Uttar Pradesh,,Khadi & Village Industries,44,1,section
uttar-pradesh-king-george-university-dental-science-repeal,"The Uttar Pradesh King George University of Dental Science (Repeal) Act, 2007",,7,2007,2007-07-09,,Uttar Pradesh,,Medical Education,5,1,section
uttar-pradesh-krishi-utpadan-mandi-adhiniyam-1964,"Uttar Pradesh Krishi Utpadan Mandi Adhiniyam, 1964","The Uttar Pradesh Krishi Utpadan Mandi Adhiniyam, 1964",25,1964,1964-11-10,,Uttar Pradesh,,Agriculture Marketing & Forign Trade,95,1,section
uttar-pradesh-kshettra-panchayat-zila-panchayat-act,Uttar Pradesh Kshettra Panchayat and Zila Panchayat Act,,33,1961,1961-05-01,,Uttar Pradesh,,Panchayati Raj,302,1,section
uttar-pradesh-kshettra-samitis-zila-parishads-alpakalik-vyavastha,"The Uttar Pradesh Kshettra Samitis and Zila Parishads (Alpakalik Vyavastha) Act, 1970",,22,1970,1970-06-06,,Uttar Pradesh,,Panchayati Raj,3,1,section
uttar-pradesh-labour-welfare-fund-act-1965,"The Uttar Pradesh Labour Welfare Fund Act, 1965",,14,1965,1965-07-26,,Uttar Pradesh,,Labour,28,1,section
uttar-pradesh-laws-amending-act-1961,"The Uttar Pradesh Laws Amending Act, 1961",,23,1961,1961-09-07,,Uttar Pradesh,,Law,2,1,section
uttar-pradesh-laws-expiration-act-1974,"The Uttar Pradesh Laws (Expiration) Act, 1974",,31,1974,1974-10-29,,Uttar Pradesh,,Vidhai,3,1,section
uttar-pradesh-laws-extension-application-act-1951,"Uttar Pradesh Laws (Extension of Application) Act, 1951",,14,1951,1951-04-14,,Uttar Pradesh,,Vidhai,5,1,section
uttar-pradesh-laws-extension-territories-transferred-from-bihar,"The Uttar Pradesh Laws (Extension to Territories Transferred from Bihar) Act, 1976",,52,1976,1976-12-10,,Uttar Pradesh,,Revenue,8,1,section
uttar-pradesh-laws-extension-territories-transferred-from-haryana,"The Uttar Pradesh Laws (Extension to Territories Transferred from Haryana) Act, 1989","To extend laws in force in Uttar Pradesh to the territories transferred from Haryana by or under the Haryana and Uttar Pradesh (Alteration of Boundaries) Act, 1979.",18,1992,1993-07-23,,Uttar Pradesh,,Revenue,6,1,section
uttar-pradesh-laws-replacement-references-old-coinage-by,"The Uttar Pradesh Laws (Replacement of References to Old Coinage by New Decimal Coinage) Act, 1963* (U.P. Act No. XX of 1963)",,20,1963,1963-10-04,,Uttar Pradesh,,Law,2,1,section
uttar-pradesh-lifts-escalators-act-2024,"The Uttar Pradesh Lifts and Escalators Act, 2024",,4,2024,2024-02-26,,Uttar Pradesh,,Energy,22,1,section
uttar-pradesh-local-authorities-payment-census-expenses-act,"The Uttar Pradesh Local Authorities (Payment of Census Expenses) Act, 1950",,18,1950,1950-05-02,,Uttar Pradesh,,Panchayati Raj,5,1,section
uttar-pradesh-local-bodies-appointment-administrator-act-1961,"The Uttar Pradesh Local Bodies (Appointment of Administrator) Act, 1961","THE UTTAR PRADESH LOCAL BODIES (APPOINTMENT OF ADMINISTRATOR) ACT, 1961",20,1961,1961-09-07,,Uttar Pradesh,,Urban development,3,1,section
uttar-pradesh-local-funds-audit-act-1984,"The Uttar Pradesh Local Funds Audit Act, 1984",,12,1984,1984-04-30,,Uttar Pradesh,,Finance,20,1,section
uttar-pradesh-locusts-destruction-act-1951,"The Uttar Pradesh Locusts Destruction Act, 1951",,20,1951,1951-07-09,,Uttar Pradesh,,Agriculture,11,1,section
uttar-pradesh-lok-ayukta-up-lok-ayuktas-act-1975,"The Uttar Pradesh Lok Ayukta and UP-Lok Ayuktas Act, 1975",,42,1975,1975-09-08,,Uttar Pradesh,,Vigilance,25,1,section
uttar-pradesh-madan-mohan-malaviya-university-technology-act,"The Uttar Pradesh Madan Mohan Malaviya University of Technology Act, 2013","THE UTTAR PRADESH MADAN MOHAN MALAVIYA UNIVERSITY OF TECHNOLOGY ACT, 2013",22,2013,2013-09-30,,Uttar Pradesh,,Technical Education,48,1,section
uttar-pradesh-maharishi-university-information-technology-act-2001,"Uttar Pradesh Maharishi University of Information Technology Act, 2001",,31,2001,2001-10-06,,Uttar Pradesh,,Information Technology & Electronics,52,1,section
uttar-pradesh-medicare-service-persons-medicare-service-institutions,"The Uttar Pradesh Medicare Service Persons and Medicare Service Institutions (Prevention of Violence And Damage to Property) Act, 2013",,16,2013,2013-09-26,,Uttar Pradesh,,Medical Health,7,1,section
uttar-pradesh-micro-small-medium-enterprises-facilitation-establishment,"Uttar Pradesh Micro, Small and Medium Enterprises (Facilitation of Establishment and Operation) Act, 2020","उत्तर प्रदेश सूक्ष्म, लघु एवं मध्यम उद्यम (स्थापन एवं संचालन सरलीकरण) अधिनियम, 2020",30,2020,2020-08-31,,Uttar Pradesh,,Small Scale Industries & Export Promotion,18,1,section
uttar-pradesh-milk-act-1976,"The Uttar Pradesh Milk Act, 1976","THE UTTAR PRADESH MILK ACT,1976",7,1976,1976-04-17,1976-04-17,Uttar Pradesh,,Dairy Development,28,1,section
uttar-pradesh-ministers-legislators-publication-assets-liabilities-act,"The Uttar Pradesh Ministers and Legislators (Publication of Assets and Liabilities) Act, 1975",,29,1975,1975-08-18,,Uttar Pradesh,,Parliamentary Affairs,9,1,section
uttar-pradesh-ministers-salaries-allowances-miscellaneous-provisionsion-act,"The Uttar Pradesh Ministers (Salaries, Allowances and Miscellaneous Provisionsion) Act, 1981",,14,1981,1981-10-03,1981-10-01,Uttar Pradesh,,CONFIDENTIAL(GOPAN),14,1,section
uttar-pradesh-motor-transport-vehicles-toll-repeal-act,"The Uttar Pradesh Motor Transport Vehicles (Toll) (Repeal) Act, 1994",,2,1994,1994-03-17,,Uttar Pradesh,,Transport,2,1,section
uttar-pradesh-motor-vehicles-taxation-act-1997,"Uttar Pradesh Motor Vehicles Taxation Act, 1997","Uttar Pradesh Motor Vehicles Taxation Act, 1997 (U.P. Act no. 21 of 1997)",21,1997,1997-12-15,,Uttar Pradesh,,Transport,31,1,section
uttar-pradesh-municipal-corporation-act-1959,"The Uttar Pradesh Municipal Corporation Act, 1959","THE UTTAR PRADESH MUNICIPAL CORPORATION ADHINIYAM, 1959",2,1959,1959-01-22,,Uttar Pradesh,,Urban development,610,1,section
uttar-pradesh-municipalities-act-1916,"Uttar Pradesh Municipalities Act, 1916","THE ‘‘UTTAR PRADESH’’ MUNICIPALITIES ACT, 1916",2,1916,1916-06-24,,Uttar Pradesh,,Urban development,429,1,section
uttar-pradesh-muslim-waqfs-repeal-act-2005,"The Uttar Pradesh Muslim Waqfs (Repeal) Act, 2005",,6,2005,2005-03-18,,Uttar Pradesh,,Minority Welfare,2,1,section
uttar-pradesh-nagar-kshettra-bhumi-aur-bhawan-kar,"The Uttar Pradesh (Nagar Kshettra) Bhumi Aur Bhawan Kar (Nirsan) Adhiniyam, 1974",,13,1974,1974-06-27,,Uttar Pradesh,,Urban development,2,1,section
uttar-pradesh-nagar-kshettra-rin-vidhi-pravritti-adhiniyam,"Uttar Pradesh Nagar Kshettra Rin Vidhi Pravritti Adhiniyam, 1962","UTTAR PRADESH NAGAR KSHETTRA RIN VIDHI PRAVRITTI ADHINIYAM, 1962",19,1962,1962-12-03,,Uttar Pradesh,,Urban development,6,1,section
uttar-pradesh-national-law-university-prayagraj-act-2020,"The Uttar Pradesh National Law University, Prayagraj Act, 2020 (U.p.act No. 26 of 2020)",,26,2020,2020-08-31,,Uttar Pradesh,,Law,34,1,section
uttar-pradesh-nodal-investment-region-manufacturing-nirman-kshetra,"The Uttar Pradesh Nodal Investment Region for Manufacturing (Nirman) Kshetra Act, 2024",,9,2024,2024-08-13,,Uttar Pradesh,,Infrastructure & Industrial Development,50,1,section
uttar-pradesh-pandit-deen-dayal-upadhyaya-pashu-chikitsa,"The Uttar Pradesh Pandit Deen Dayal Upadhyaya Pashu Chikitsa Vigyan Vishwavidyalaya Evam Go-Anusandhan Sansthan Adhiniyam, 2001",,27,2001,2001-10-05,,Uttar Pradesh,,Animal Husbandary,56,1,section
uttar-pradesh-parks-playgrounds-open-spaces-preservation-regulation,"The Uttar Pradesh Parks, Playgrounds and Open Spaces (Preservation and Regulation) Act, 1975","THE UTTAR PRADESH PARKS, PLAYGROUNDS AND OPEN SPACES (PRESERVATION AND REGULATION) ACT, 1975",55,1975,1975-10-28,,Uttar Pradesh,,Urban development,14,1,section
uttar-pradesh-participatory-irrigation-management-act-2009,"The Uttar Pradesh Participatory Irrigation Management Act, 2009",,4,2009,2009-02-20,,Uttar Pradesh,,Irrigation & Water Resources,54,1,section
uttar-pradesh-pashudhan-sudhar-adhiniyam-1964,"The Uttar Pradesh Pashudhan Sudhar Adhiniyam, 1964",,18,1964,1964-08-26,,Uttar Pradesh,,Animal Husbandary,17,1,section
uttar-pradesh-plastic-other-non--biodegradable-garbage-regulation,"The Uttar Pradesh Plastic and Other Non- Biodegradable Garbage (Regulation) Act, 2000","THE UTTAR PRADESH PLASTIC AND OTHER NON- BIODEGRADABLE GARBAGE (REGULATION) ACT, 2000",29,2000,2000-11-01,,Uttar Pradesh,,Urban development,22,1,section
uttar-pradesh-police-forensic-science-university-act-2020,"The Uttar Pradesh Police and Forensic Science University Act, 2020",,4,2020,2020-03-06,,Uttar Pradesh,,Home,44,1,section
uttar-pradesh-prantiya-rakshak-dal-vikas-dal-act-1948,THE Uttar Pradesh Prantiya Rakshak Dal/Vikas Dal ACT-1948,,38,1948,1948-12-11,,Uttar Pradesh,,Youth Welfare,20,1,section
uttar-pradesh-pravidhik-shiksha-adhiniyam-1962,"The Uttar Pradesh Pravidhik Shiksha Adhiniyam, 1962",,17,1962,1962-11-30,,Uttar Pradesh,,Technical Education,33,1,section
uttar-pradesh-prayagraj-mela-authority-allahabad-act-2017,"The Uttar Pradesh Prayagraj Mela Authority, Allahabad Act, 2017","THE UTTAR PRADESH PRAYAGRAJ MELA AUTHORITY, ALLAHABAD ACT, 2017",5,2018,2018-01-06,,Uttar Pradesh,,Urban development,24,1,section
uttar-pradesh-presidents-acts-re-enactment-with-modifications-act,"The Uttar Pradesh Presidents Acts (Re-Enactment with Modifications) Act, 1974",,30,1974,1974-09-30,,Uttar Pradesh,,Vidhai,2,1,section
uttar-pradesh-private-professional-educational-institutions-regulation-admission,The Uttar Pradesh Private Professional Educational Institutions (Regulation of Admission and Fixation of Fee) Act 2006,,24,2006,2006-09-08,,Uttar Pradesh,,Technical Education,17,1,section
uttar-pradesh-private-universities-act-2019,"The Uttar Pradesh Private Universities Act, 2019",,12,2019,2019-08-05,2019-09-01,Uttar Pradesh,,Higher Education,63,1,section
uttar-pradesh-prohibition-beggary-act-1975,"The Uttar Pradesh Prohibition of Beggary Act, 1975","THE UTTAR PRADESH PROHIBITION OF BEGGARY ACT, 1975",36,1975,1975-08-22,,Uttar Pradesh,,Social Welfare,31,1,section
uttar-pradesh-prohibition-ragging-educational-institutions-act-2010,"The Uttar Pradesh Prohibition of Ragging in Educational Institutions Act, 2010","THE UTTAR PRADESH PROHIBITION OF RAGGING IN EDUCATIONAL INSTITUTIONS ACT, 2010",14,2010,2010-03-19,,Uttar Pradesh,,Technical Education,11,1,section
uttar-pradesh-prohibition-simultaneous-membership-legislature-act-1950,"The Uttar Pradesh Prohibition of Simultaneous Membership of Legislature Act, 1950",,22,1950,1950-07-10,,Uttar Pradesh,,Parliamentary Affairs,4,1,section
uttar-pradesh-prohibition-smoking-cinema-houses-repeal-act,"The Uttar Pradesh Prohibition of Smoking (Cinema Houses) (Repeal) Act, 2021",,24,2021,2021-08-24,,Uttar Pradesh,,State tax,3,1,section
uttar-pradesh-prohibition-unlawful-conversion-religion-act-2021,"The Uttar Pradesh Prohibition of Unlawful Conversion of Religion Act, 2021",,3,2021,2021-03-05,,Uttar Pradesh,,Home,15,1,section
uttar-pradesh-promotion-protection-fruit-trees-regulation-harmful,"The Uttar Pradesh Promotion and Protection of Fruit Trees (Regulation of Harmful Establishments and Housing Schemes) Act, 1985",,18,1985,1984-05-15,,Uttar Pradesh,,Horticulture,15,1,section
uttar-pradesh-protection-interest-depositors-financial-establishments-act,"The Uttar Pradesh Protection of Interest of Depositors in Financial Establishments Act, 2016","IN pursuance of the provisions of clause (3) of Article 348 of the Constitution, the Governor is pleased to order the publication of the following English translation of the Uttar Pradesh Vittiya Adhishthanon men Jamakarta Hit Sanrakshan Adhiniyam, 2016 (Uttar Pradesh Adhiniyam Sankhya 16 of 2016) as passed by the Uttar Pradesh Legislature and assented to by the President on May 21, 2016.",16,2016,2016-06-08,,Uttar Pradesh,,Finance,18,1,section
uttar-pradesh-protection-trees-act-1976,"The Uttar Pradesh Protection of Trees Act, 1976",,45,1976,1976-11-22,,Uttar Pradesh,,"Environment,Forest & Climate Change",25,1,section
uttar-pradesh-provisional-collection-taxes-act-1980,"The Uttar Pradesh Provisional Collection of Taxes, Act, 1980",,14,1980,1980-09-24,,Uttar Pradesh,,State tax,5,1,section
uttar-pradesh-public-examination-prevention-unfair-means-act,"The Uttar Pradesh Public Examination (Prevention of Unfair Means) Act, 2024",,8,2024,2024-08-06,,Uttar Pradesh,,Home,27,1,section
uttar-pradesh-public-health-epidemic-diseases-control-act,"The Uttar Pradesh Public Health and Epidemic Diseases Control, Act 2020",,17,2020,2020-08-31,,Uttar Pradesh,,Medical Health,34,1,section
uttar-pradesh-public-land-permission-placing-maintaining-optical,"The Uttar Pradesh Public Land (Permission for Placing and Maintaining Optical Fibre Cable) Act, 2001",,6,2001,2001-03-28,,Uttar Pradesh,,Information Technology & Electronics,7,1,section
uttar-pradesh-public-libraries-act-2006,"The Uttar Pradesh Public Libraries Act, 2006",,21,2006,2006-08-11,,Uttar Pradesh,,Secondary Education,20,1,section
uttar-pradesh-public-moneys-recovery-dues-act-1972,"The Uttar Pradesh Public Moneys (Recovery of Dues) Act, 1972","To provide, with retrospective effect, for the speedy recovery of certain classes of dues payable to the State Government or to the Uttar Pradesh Financial Corporation or any other Corporation notified by the State Government in that behalf or to any nationalised or other Scheduled Bank or to a Government Company, and to validate certain acts done and proceedings taken in the past, and to provide for matters connected therewith",23,1972,1972-05-01,,Uttar Pradesh,,Revenue,7,1,section
uttar-pradesh-public-premises-eviction-unauthorised-occupants-act,"The Uttar Pradesh Public Premises (Eviction of Unauthorised Occupants) Act, 1972",,22,1972,1972-05-01,,Uttar Pradesh,,Revenue,24,1,section
uttar-pradesh-public-premisis-eviction-certain-unauthorised-occupants,"The Uttar Pradesh Public Premisis (Eviction of Certain Unauthorised Occupants) Act, 2010",,12,2010,2010-03-05,,Uttar Pradesh,,Estate,11,1,section
uttar-pradesh-public-records-act-2025,"The Uttar Pradesh Public Records Act, 2025",,11,2025,2025-08-21,,Uttar Pradesh,,Culture,18,1,section
uttar-pradesh-public-service-tribunal-act-1976,"The Uttar Pradesh Public Service (Tribunal) Act, 1976",,17,1976,1976-05-01,,Uttar Pradesh,,Law,14,1,section
uttar-pradesh-public-services-reservation-economically-weaker-sections,"The Uttar Pradesh Public Services (Reservation for Economically Weaker Sections) Act, 2020 (U.P. Act No. 10 of 2020)","THE UTTAR PRADESH PUBLIC SERVICES (RESERVATION FOR ECONOMICALLY WEAKER SECTIONS) ACT, 2020 (U.P. Act No. 10 OF 2020)",10,2020,2020-08-31,,Uttar Pradesh,,Personnel department,13,1,section
uttar-pradesh-public-services-reservation-physically-handicapped-dependents,"The Uttar Pradesh Public Services (Reservation for Physically Handicapped, Dependents of Freedom Fighters and Ex-Servicemen) Act, 1993","THE UTTAR PRADESH PUBLIC SERVICES (RESERVATION FOR PHYSICALLY HANDICAPPED, DEPENDENTS OF FREEDOM FIGHTERS AND EX-SERVICEMEN) ACT, 1993",4,1993,1993-12-30,,Uttar Pradesh,,Personnel department,6,1,section
uttar-pradesh-public-services-reservation-scheduled-castes-scheduled,"The Uttar Pradesh Public Services (Reservation for Scheduled Castes, Scheduled Tribes and Other Back-Ward Classes) Act, 1994","THE UTTAR PRADESH PUBLIC SERVICES (RESERVATION FOR SCHEDULED CASTES, SCHEDULED TRIBES AND OTHER BACK-WARD CLASSES) ACT, 1994",4,1994,1994-03-23,,Uttar Pradesh,,Personnel department,14,1,section
uttar-pradesh-qualifying-service-pension-validation-act-2021,"The Uttar Pradesh Qualifying Service for Pension and Validation Act, 2021",,1,2021,2021-03-05,,Uttar Pradesh,,Finance,5,1,section
uttar-pradesh-rajarshi-tandon-open-university-act-1999,"The Uttar Pradesh Rajarshi Tandon Open University Act, 1999",,10,1999,1999-03-24,,Uttar Pradesh,,Higher Education,44,1,section
uttar-pradesh-rajbhasha-adhinastha-nyayalaya-adhiniyam-1970,Uttar Pradesh Rajbhasha (Adhinastha Nyayalaya) Adhiniyam 1970,,17,1970,1970-04-08,,Uttar Pradesh,,Language,4,1,section
uttar-pradesh-rajbhasha-adhiniyam-1951,Uttar Pradesh Rajbhasha Adhiniyam 1951,,26,1951,1951-11-12,,Uttar Pradesh,,Language,3,1,section
uttar-pradesh-rajbhasha-anupoorak-upbandh-adhiniyam-1969,Uttar Pradesh Rajbhasha (Anupoorak Upbandh) Adhiniyam 1969,,9,1969,1969-09-15,,Uttar Pradesh,,Language,4,1,section
uttar-pradesh-rashtra-virodhi-tatwa-niwaran-nirsan-act,"The Uttar Pradesh Rashtra Virodhi Tatwa Niwaran (Nirsan) Act, 1982",,24,1982,1982-09-20,,Uttar Pradesh,,Home,2,1,section
uttar-pradesh-recovery-damages-public-private-property-act,"The Uttar Pradesh Recovery of Damages to Public and Private Property Act, 2020",,11,2020,2020-08-31,,Uttar Pradesh,,Home,30,1,section
uttar-pradesh-regulation-buildings-use-land-nuclear-installations,"The Uttar Pradesh Regulation of Buildings and Use of Land (Nuclear Installations Area) Act, 1988","THE UTTAR PRADESH REGULATION OF BUILDINGS AND USE OF LAND (NUCLEAR INSTALLATIONS AREA) ACT, 1988",19,1992,1992-08-20,,Uttar Pradesh,,Energy,20,1,section
uttar-pradesh-regulation-coaching-act-2002,"The Uttar Pradesh Regulation of Coaching Act, 2002",,5,2002,2002-09-04,2002-06-27,Uttar Pradesh,,Higher Education,16,1,section
uttar-pradesh-regulation-cold-storages-act-1976,"The Uttar Pradesh Regulation of Cold Storages Act, 1976",,11,1976,1976-04-19,,Uttar Pradesh,,Horticulture,47,1,section
uttar-pradesh-regulation-urban-premises-tenancy-act-2021,"The Uttar Pradesh Regulation of Urban Premises Tenancy Act, 2021",,16,2021,2021-08-24,,Uttar Pradesh,,Housing and Urban Planning,46,1,section
uttar-pradesh-reorganisation-act-2000,"The Uttar Pradesh Reorganisation Act, 2000",An Act to provide for the reorganisation of the existing State of Uttar Pradesh and for matters connected therewith.,29,2000,2000-08-25,2000-11-09,CENTRAL,Ministry of Home Affairs,Department of States,94,1,section
uttar-pradesh-repealing-act-2004,"The Uttar Pradesh Repealing Act, 2004",,32,2004,2004-12-27,2004-12-27,Uttar Pradesh,,Vidhai,3,1,section
uttar-pradesh-repealing-act-2017,"The Uttar Pradesh Repealing Act, 2017",,10,2018,2018-01-06,,Uttar Pradesh,,Vidhai,3,1,section
uttar-pradesh-repealing-act-2018,"The Uttar Pradesh Repealing Act, 2018",,39,2018,2018-09-10,,Uttar Pradesh,,Vidhai,3,1,section
uttar-pradesh-repealing-act-2020,"The Uttar Pradesh Repealing Act, 2020",,31,2020,2020-08-31,,Uttar Pradesh,,Vidhai,3,1,section
uttar-pradesh-repealing-act-2021,"The Uttar Pradesh Repealing Act, 2021",,10,2021,2021-03-09,,Uttar Pradesh,,Vidhai,3,1,section
uttar-pradesh-repealing-act-2022,"The Uttar Pradesh Repealing Act, 2022","THE UTTAR PRADESH REPEALING ACT, 2022",18,2022,2022-12-13,,Uttar Pradesh,,Vidhai,3,1,section
uttar-pradesh-repealing-act-2025,"The Uttar Pradesh Repealing Act, 2025",,5,2025,2025-08-21,,Uttar Pradesh,,Vidhai,4,1,section
uttar-pradesh-revenue-code-2006,Uttar Pradesh Revenue Code-2006,Uttar Pradesh Revenue Code-2006,8,2012,2016-02-11,,Uttar Pradesh,,Revenue,240,1,section
uttar-pradesh-rural-abadi-records-act-2025,"The Uttar Pradesh Rural Abadi Records Act, 2025",,4,2026,2026-01-02,,Uttar Pradesh,,Revenue,22,1,section
uttar-pradesh-rural-housing-board-act-1983,"The Uttar Pradesh Rural Housing Board Act, 1983",,27,1983,1982-07-01,,Uttar Pradesh,,Rural Development,67,1,section
uttar-pradesh-safai-mazdoors-protection-act-1976,"Uttar Pradesh Safai Mazdoors Protection Act, 1976","THE UTTAR PRADESH SAFAI MAZDOORS PROTECTION ACT, 1976",46,1976,1976-11-22,,Uttar Pradesh,,Urban development,3,1,section
uttar-pradesh-second-repealing-act-2021,"The Uttar Pradesh (Second) Repealing Act, 2021",,20,2021,2021-08-04,2021-08-24,Uttar Pradesh,,Vidhai,4,1,section
uttar-pradesh-self-financed-independent-schools-fee-regulation-act,"Uttar Pradesh Self-Financed Independent Schools (Fee Regulation) Act, 2018","Uttar Pradesh Self-Financed Independent Schools (Fee Regulation) (AMENDMENT) Act, 2018",40,2018,2018-09-12,,Uttar Pradesh,,Secondary Education,16,1,section
uttar-pradesh-senior-officer-s-residences-repeal-act,"The Uttar Pradesh Senior Officer's to Residences (Repeal) Act, 2007",,36,2007,2007-11-20,,Uttar Pradesh,,Estate,2,1,section
uttar-pradesh-shanti-suraksha-bal-nirsan-act-1999,"The Uttar Pradesh Shanti Suraksha Bal (Nirsan) Act, 1999",,28,1999,1999-07-28,,Uttar Pradesh,,Home,3,1,section
uttar-pradesh-sheera-niyantran-adhiiniyam-1964,"The Uttar Pradesh Sheera Niyantran Adhiiniyam, 1964",THE UTTAR PRADESH SHEERA NIYANTRAN ADHINIYAM 1964,24,1964,1964-11-09,,Uttar Pradesh,,Excise,26,1,section
uttar-pradesh-shree-ayodhya-jee-teerth-vikas-parishad,The Uttar Pradesh Shree Ayodhya Jee Teerth Vikas Parishad,,23,2023,2024-01-04,,Uttar Pradesh,,Tourism,43,1,section
uttar-pradesh-shree-chitrakoot-dham-teerth-vikas-parishad,"The Uttar Pradesh Shree Chitrakoot Dham Teerth Vikas Parishad Act, 2021",,29,2021,2021-08-24,,Uttar Pradesh,,Tourism,43,1,section
uttar-pradesh-shree-devipatan-dham-teerth-vikas-parishad,The Uttar Pradesh Shree Devipatan Dham Teerth Vikas Parishad,,24,2023,2023-12-08,,Uttar Pradesh,,Tourism,43,1,section
uttar-pradesh-shree-naimisharanya-dham-teerth-vikas-parishad,"The Uttar Pradesh Shree Naimisharanya Dham Teerth Vikas Parishad Act, 2022",,17,2022,2022-12-13,,Uttar Pradesh,,Tourism,43,1,section
uttar-pradesh-shree-shuk-teerth-vikas-parishad-act,"The Uttar Pradesh Shree Shuk Teerth Vikas Parishad Act, 2023",,25,2023,2023-12-08,,Uttar Pradesh,,Tourism,43,1,section
uttar-pradesh-shri-bankey-bihari-ji-temple-trust,"The Uttar Pradesh Shri Bankey Bihari Ji Temple Trust, Act, 2025",,4,2025,2025-08-21,,Uttar Pradesh,,Dharmarth,19,1,section
uttar-pradesh-slum-areas-improvement-clearance-act-1962,"Uttar Pradesh Slum Areas (Improvement and Clearance) Act, 1962","THE U.P. SLUM AREAS (IMPROVEMENT AND CLEARANCE) ACT, 1962",18,1962,1962-12-03,,Uttar Pradesh,,Urban development,41,1,section
uttar-pradesh-special-area-development-authorities-act-1986,"The Uttar Pradesh Special Area Development Authorities Act, 1986","The Uttar Pradesh Special Area Development Authorities Act, 1986",9,1986,1985-10-08,,Uttar Pradesh,,Housing and Urban Planning,53,1,section
uttar-pradesh-special-economic-zone-development-authority-act,"The Uttar Pradesh Special Economic Zone Development Authority Act, 2002",,10,2002,2002-09-07,,Uttar Pradesh,,Small Scale Industries & Export Promotion,23,1,section
uttar-pradesh-special-security-force-act-2020,"The Uttar Pradesh Special Security Force Act, 2020",,27,2020,2020-08-28,,Uttar Pradesh,,Home,19,1,section
uttar-pradesh-sports-registration-recognition-regulation-associations-repeal,"The Uttar Pradesh Sports (Registration, Recognition and Regulation of Associations) (Repeal) Act, 2007",,14,2007,2008-07-18,,Uttar Pradesh,,Sports,3,1,section
uttar-pradesh-sri-kashi-vishwanath-temple-act-1983,"The Uttar Pradesh Sri Kashi Vishwanath Temple Act, 1983",,29,1983,1983-10-12,,Uttar Pradesh,,Dharmarth,47,1,section
uttar-pradesh-stamp-repeal-act-2019,"The Uttar Pradesh Stamp (Repeal) Act, 2019",,10,2019,2019-08-05,,Uttar Pradesh,,Stamp & Registration,2,1,section
uttar-pradesh-state-capital-region-other-regions-development,"The Uttar Pradesh State Capital Region and Other Regions Development Authority Act, 2024",,6,2024,2024-08-06,,Uttar Pradesh,,Housing and Urban Planning,44,1,section
uttar-pradesh-state-cement-corporation-limited-acquisition-shares,"The Uttar Pradesh State Cement Corporation Limited (Acquisition of Shares) Act, 1992",,4,1992,1992-03-09,,Uttar Pradesh,,Infrastructure & Industrial Development,11,1,section
uttar-pradesh-state-commission-backward-classes-act-1996,"The Uttar Pradesh State Commission for Backward Classes Act, 1996",,1,1996,1996-01-05,,Uttar Pradesh,,Backward Welfare,23,1,section
uttar-pradesh-state-commission-women-act-2004,The Uttar Pradesh State commission for Women act 2004,,7,2004,2004-02-27,,Uttar Pradesh,,Women Welfare,20,1,section
uttar-pradesh-state-commission-women-repeal-act-1998,"The Uttar Pradesh State Commission for Women (Repeal) Act, 1998",,6,1998,1998-02-07,,Uttar Pradesh,,Women Welfare,3,1,section
uttar-pradesh-state-commission-women-repeal-act-2000,"The Uttar Pradesh State Commission for Women (Repeal) Act, 2000",,10,2000,2000-01-10,,Uttar Pradesh,,Women Welfare,3,1,section
uttar-pradesh-state-control-over-public-corporation-act,"The Uttar Pradesh State Control over Public Corporation Act, 1975",,41,1975,1975-09-04,,Uttar Pradesh,,Personnel department,2,1,section
uttar-pradesh-state-council-higher-education-act-1995,"The Uttar Pradesh State Council of Higher Education Act, 1995",,22,1995,1995-08-25,,Uttar Pradesh,,Higher Education,28,1,section
uttar-pradesh-state-emblem-prohibition-improper-use-act,"The Uttar Pradesh State Emblem (Prohibition of Improper Use) Act, 2019",,15,2019,2019-08-07,2019-10-02,Uttar Pradesh,,General Administration,12,1,section
uttar-pradesh-state-highways-authority-act-2004,"The Uttar Pradesh State Highways Authority Act, 2004",,19,2004,2004-08-12,,Uttar Pradesh,,Public Works Department,38,1,section
uttar-pradesh-state-industrial-development-corporation-limited-transfer,"The Uttar Pradesh State Industrial Development Corporation Limited (Transfer of Assets and Liabilities) Act, 2018",,34,2018,2018-09-10,,Uttar Pradesh,,Infrastructure & Industrial Development,8,1,section
uttar-pradesh-state-law-commission-repeal-act-2007,"The Uttar Pradesh State Law Commission (Repeal) Act, 2007",,20,2007,2007-08-03,,Uttar Pradesh,,Vidhai,3,1,section
uttar-pradesh-state-law-commission-repeal-act-2012,"The Uttar Pradesh State Law Commission (Repeal) Act, 2012",,7,2013,2013-03-28,,Uttar Pradesh,,Vidhai,3,1,section
uttar-pradesh-state-legislature-members-emoluments-pension-act,The Uttar Pradesh State Legislature (Members' Emoluments and Pension ) Act 1980,"THE UTTAR PRADESH STATE LEGISLATURE (MEMBERS EMOLUMENTS AND PENSION) ACT, 1980",23,1980,1980-10-25,,Uttar Pradesh,,Parliamentary Affairs,38,1,section
uttar-pradesh-state-legislature-officers-salaries-allowances-act,"The Uttar Pradesh State Legislature (Officers' Salaries and Allowances) Act, 1952","THE UTTAR PRADESH STATE LEGISLATURE (OFFICERS' SALARIES AND ALLOWANCES) ACT, 1952",11,1952,1952-06-07,,Uttar Pradesh,,Parliamentary Affairs,10,1,section
uttar-pradesh-state-legislature-prevention-disqualification-act-1971,"The Uttar Pradesh State Legislature (Prevention of Disqualification) Act, 1971",,15,1971,1971-07-19,,Uttar Pradesh,,Parliamentary Affairs,4,1,section
uttar-pradesh-state-legislature-proceedings-protection-publication-act,"The Uttar Pradesh State Legislature Proceedings (Protection of Publication) Act, 1977",,10,1977,1977-07-26,,Uttar Pradesh,,Parliamentary Affairs,5,1,section
uttar-pradesh-state-legislature-proceedings-protection-publication-repeal,"The Uttar Pradesh State Legislature Proceedings (Protection of Publication) (Repeal) Act, 1976",,9,1976,1976-04-17,,Uttar Pradesh,,Parliamentary Affairs,2,1,section
uttar-pradesh-state-legislature-residences-officers-leaders-opposition,"The Uttar Pradesh State Legislature (Residences of the Officers and Leaders of Opposition) (Repeal) Act, 2007",,13,2007,2007-07-16,,Uttar Pradesh,,Estate,3,1,section
uttar-pradesh-state-open-school-board-act-2008,"The Uttar Pradesh State Open School Board Act, 2008",,27,2008,2008-08-29,,Uttar Pradesh,,Secondary Education,44,1,section
uttar-pradesh-state-public-service-commission-regulation-procedure,"The Uttar Pradesh State Public Service Commission (Regulation of Procedure) Act, 1985",,23,1985,1985-08-23,,Uttar Pradesh,,Personnel department,14,1,section
uttar-pradesh-state-road-transport-corporation-employees-other,Uttar Pradesh State Road Transport Corporation Employees (Other Than Officers) (Appointing Authorities) Act 1987,"THE UTTAR PRADESH STATE ROAD TRANSPORT CORPORATION EMPLOYEES (OTHER THAN OFFICERS) (APPOINTING AUTHORITIES) ACT, 1987 (U.P. Act No. 15 of 1987)",15,1987,1987-07-29,,Uttar Pradesh,,Transport,5,1,section
uttar-pradesh-state-sports-university-act-2021,"The Uttar Pradesh State Sports University Act, 2021","The Uttar Pradesh State Sports University Act, 2021",8,2021,2021-07-29,,Uttar Pradesh,,Sports,54,1,section
uttar-pradesh-state-universities-act-1973,"The Uttar Pradesh State Universities Act, 1973",,10,1973,1973-09-02,,Uttar Pradesh,,Higher Education,109,1,section
uttar-pradesh-state-universities-valdation-appointments-act-1984,The Uttar Pradesh State Universities (Valdation of Appointments). Act 1984,,18,1984,1984-10-01,,Uttar Pradesh,,Higher Education,3,1,section
uttar-pradesh-sthaniya-nikaya-alpkalik-vyavastha-adhiniyam-1963,"Uttar Pradesh Sthaniya Nikaya (Alpkalik Vyavastha) Adhiniyam, 1963",,22,1963,1963-10-23,,Uttar Pradesh,,Urban development,5,1,section
uttar-pradesh-storage-requisition-act-1955,"The Uttar Pradesh Storage Requisition Act, 1955",,21,1955,1955-10-24,,Uttar Pradesh,,Horticulture,16,1,section
uttar-pradesh-storage-requisition-continuance-act-1971,"The Uttar Pradesh Storage Requisition (Continuance) Act, 1971",,22,1971,1971-08-22,,Uttar Pradesh,,Horticulture,3,1,section
uttar-pradesh-subordinate-services-selection-commission-act-2014,The Uttar Pradesh Subordinate Services Selection Commission Act.2014,,20,2014,2014-12-04,,Uttar Pradesh,,Personnel department,25,1,section
uttar-pradesh-subordinate-services-selection-commission-repeal-act,"The Uttar Pradesh Subordinate Services Selection Commission (Repeal) Act, 2007",,21,2007,2007-08-03,,Uttar Pradesh,,Personnel department,3,1,section
uttar-pradesh-subordinate-services-selection-commission-repeal-act-uttar-pradesh,"The Uttar Pradesh Subordinate Services Selection Commission (Repeal) Act, 1998",,5,1998,1998-02-07,,Uttar Pradesh,,Personnel department,3,1,section
uttar-pradesh-sugar-undertakings-acquisition-act-1971,"The Uttar Pradesh Sugar Undertakings (Acquisition) Act, 1971","THE UTTAR PRADESH SUGAR UNDERTAKINGS (ACQUISITION) ACT, 1971",23,1971,1971-07-03,,Uttar Pradesh,,Cane Development,27,1,section
uttar-pradesh-sugarcane-cess-repeal-act-2025,"The Uttar Pradesh Sugarcane Cess (Repeal) Act, 2025",,3,2026,2026-01-02,,Uttar Pradesh,,Cane Development,2,1,section
uttar-pradesh-taj-economic-zone-development-authority-act,"The Uttar Pradesh Taj Economic Zone Development Authority Act, 2002","THE UTTAR PRADESH TAJ ECONOMIC ZONE DEVELOPMENT AUTHORITY ACT, 2002",13,2002,2002-07-04,,Uttar Pradesh,,Civil Aviation,22,1,section
uttar-pradesh-technical-university-act-2000-u-p,"The Uttar Pradesh Technical University Act, 2000 (U.P. Act No. 23 of 2000)",,23,2000,2000-05-08,,Uttar Pradesh,,Technical Education,47,1,section
uttar-pradesh-tendu-patta-vyapar-viniyaman-adhiniyam-1972,"The Uttar Pradesh Tendu Patta (Vyapar Viniyaman) Adhiniyam, 1972",,19,1972,1972-04-25,1972-04-25,Uttar Pradesh,,"Environment,Forest & Climate Change",21,1,section
uttar-pradesh-third-repealing-act-2021,"The Uttar Pradesh (Third) Repealing Act,.2021",,21,2021,2021-08-24,,Uttar Pradesh,,Vidhai,3,1,section
uttar-pradesh-tolls-validation-act-1969,The Uttar Pradesh Tolls Validation Act 1969,,10,1969,1969-09-16,,Uttar Pradesh,,Public Works Department,3,1,section
uttar-pradesh-training-colleges-payment-salaries-teachers-other,"The Uttar Pradesh Training Colleges (Payment of Salaries of Teachers and Other Employees) Act, 1978",,4,1979,1979-01-19,,Uttar Pradesh,,Higher Education,12,1,section
uttar-pradesh-unauthorised-lottery-prevention-act-1995,"The Uttar Pradesh Unauthorised Lottery (Prevention) Act, 1995",,24,1995,1995-08-25,,Uttar Pradesh,,Finance,12,1,section
uttar-pradesh-unauthorised-medical-educational-institutions-prevention-act,"The Uttar Pradesh Unauthorised Medical Educational Institutions (Prevention) Act, 1973",,5,1973,1973-01-22,,Uttar Pradesh,,Medical Education,6,1,section
uttar-pradesh-universities-provisions-regarding-conduct-examinations-act,"The Uttar Pradesh Universities (Provisions Regarding Conduct of Examinations) Act, 1965",,24,1965,1965-11-24,,Uttar Pradesh,,Higher Education,4,1,section
uttar-pradesh-universities-re-enactment-amendment-act-1974,"The Uttar Pradesh Universities (Re-Enactment and Amendment) Act, 1974",,29,1974,1974-09-25,,Uttar Pradesh,,Higher Education,28,1,section
uttar-pradesh-university-medical-sciences-saifai-etawah,"Uttar Pradesh University of Medical Sciences Saifai,etawah",,15,2016,2016-05-17,,Uttar Pradesh,,Medical Education,51,1,section
uttar-pradesh-upahar-vastu-adhiniyam-1970,"The Uttar Pradesh Upahar Vastu Adhiniyam, 1970",,18,1970,1970-05-22,,Uttar Pradesh,,State tax,7,1,section
uttar-pradesh-urban-development-authorities-toll-act-1976,"Uttar Pradesh Urban Development Authorities (Toll) Act, 1976","THE UTTAR PRADESH URBAN DEVELOPMENT AUTHORITIES (TOLL) ACT, 1976",48,1976,1976-11-23,,Uttar Pradesh,,Urban development,4,1,section
uttar-pradesh-urban-planning-amp-development-act--,"The Uttar Pradesh Urban Planning &amp; Development Act,- 1973","The Uttar Pradesh Urban Planning & Development Act,- 1973 (President's Act No. 11 of 1973)",11,1973,1973-06-12,,Uttar Pradesh,,Housing and Urban Planning,74,1,section
uttar-pradesh-value-added-tax-act-2008,"The Uttar Pradesh Value Added Tax Act , 2008",,5,2008,2008-01-01,,Uttar Pradesh,,State tax,85,1,section
uttar-pradesh-vigilance-establishment-act-1965,The Uttar Pradesh Vigilance Establishment Act 1965,,7,1965,1965-03-20,,Uttar Pradesh,,Vigilance,5,1,section
uttar-pradesh-vindhya-dham-teerth-vikas-parishad-act,"The Uttar Pradesh Vindhya Dham Teerth Vikas Parishad Act, 2021",,28,2021,2021-08-24,,Uttar Pradesh,,Tourism,43,1,section
uttar-pradesh-vocational-education-training-repeal-act-2014,"The Uttar Pradesh Vocational Education and Training (Repeal) Act, 2014",,6,2014,2014-03-04,,Uttar Pradesh,,Vocational Education & Skill Development,2,1,section
uttar-pradesh-vrihat-jot-kar-nirsan-adhiniyam-1979,"The Uttar Pradesh Vrihat Jot-Kar (Nirsan) Adhiniyam, 1979",,31,1979,1979-09-14,,Uttar Pradesh,,Revenue,4,1,section
uttar-pradesh-vritti-vyapar-ajivika-aur-sevayojan-kar,"The Uttar Pradesh Vritti, Vyapar, Ajivika Aur Sevayojan Kar (Nirasan) Adhiniyam, 1970",,36,1970,1970-12-30,,Uttar Pradesh,,State tax,2,1,section
uttar-pradesh-warehouse-act-1958,"The Uttar Pradesh Warehouse Act, 1958",,3,1959,1959-02-19,,Uttar Pradesh,,Food & Civil Supplies,42,1,section
uttar-pradesh-water-management-regulatory-commission-repeal-act,"The Uttar Pradesh Water Management and Regulatory Commission (Repeal) Act, 2012",,8,2013,2013-03-28,,Uttar Pradesh,,Irrigation & Water Resources,3,1,section
uttar-pradesh-water-supply-sewerage-act-1975,"The Uttar Pradesh Water Supply and Sewerage Act, 1975","THE UTTAR PRADESH WATER SUPPLY AND SEWERAGE ACT, 1975",43,1975,1975-09-08,,Uttar Pradesh,,Urban development,107,1,section
uttar-pradesh-zila-parishads-alpaicalik-v-yavastili-adhini,"The Uttar Pradesh Zila Parishads (Alpaicalik V Yavastili) Adhini Yam, 1977",,15,1977,1977-10-07,,Uttar Pradesh,,Panchayati Raj,4,1,section
uttar-rpadesh-area-development-act-1976,"The Uttar Rpadesh Area Development Act, 1976","The Uttar Pradesh Area Development Act, 1976",51,1976,1976-11-23,,Uttar Pradesh,,Irrigation & Water Resources,59,1,section
uttarakhand-agricultural-produce-marketing-development-regulation-act-2011,"The Uttarakhand Agricultural Produce Marketing (Development and Regulation) Act, 2011",,9,2011,2011-04-18,,Uttarakhand,,DEPARTMENT OF AGRICULTURE AND FARMER WELFARE,96,1,section
uttarakhand-audit-act-2012,"The Uttarakhand Audit Act, 2012",,2,2012,,,Uttarakhand,,DEPARTMENT OF FINANCE,21,1,section
uttarakhand-boving-breeding-act,The Uttarakhand Boving Breeding Act,,19,2018,2018-04-17,,Uttarakhand,,DEPARTMENT OF ANIMAL HUSBANDRY,31,1,section
uttarakhand-cess-act-2015,"The Uttarakhand Cess Act, 2015",,23,2015,2015-11-17,,Uttarakhand,,DEPARTMENT OF FINANCE,13,1,section
uttarakhand-co-operative-societies-act-2003,"The Uttarakhand Co-operative Societies Act, 2003",,5,2003,2003-05-21,,Uttarakhand,,DEPARTMENT OF COOPERATIVES,5,1,section
uttarakhand-compulsory-registration-marriage-act,"The Uttarakhand Compulsory Registration of Marriage Act,",,19,2010,2010-03-26,,Uttarakhand,,DEPARTMENT OF FINANCE,19,1,section
uttarakhand-deveplopment-board-act,Uttarakhand Deveplopment Board Act,UTTARAKHAND TOURISM DEVEPLOPMENT BOARD ACT,12,2001,2001-11-28,,Uttarakhand,,DEPARTMENT OF TOURISM,21,1,section
uttarakhand-disaster-mitigation-management-prevention-act,Uttarakhand Disaster Mitigation Management and Prevention act,,29,2005,2005-11-11,,Uttarakhand,,DEPARTMENT OF DISASTER MANAGEMENT,40,1,section
uttarakhand-district-planning-committee-act-2007,"The Uttarakhand District Planning Committee Act, 2007",,4,2007,2007-07-13,,Uttarakhand,,DEPARTMENT OF PANCHAYATI RAJ,1,1,section
uttarakhand-fiscal-responsibility-budget-management-act,The Uttarakhand fiscal responsibility and Budget Management Act,,22,2005,2005-10-27,,Uttarakhand,,DEPARTMENT OF FINANCE,10,1,section
uttarakhand-fisheries-act,Uttarakhand fisheries Act,,2,2003,2003-05-27,,Uttarakhand,,DEPARTMENT OF FISHERIES,11,1,section
uttarakhand-former-chief-minister-facility-residential-other-facilities,"The Uttarakhand Former Chief Minister Facility (Residential and Other Facilities) Act, 2019.",,5,2020,2020-01-15,,Uttarakhand,,Department of Council of Ministers,10,1,section
uttarakhand-freedom-religion-act,The Uttarakhand Freedom of Religion Act,,28,2018,2018-05-14,,Uttarakhand,,DEPARTMENT OF CULTURE AND RELIGION,16,1,section
uttarakhand-green-energy-cess-act,Uttarakhand Green Energy Cess Act,,3,2015,2015-04-06,,Uttarakhand,,DEPARTMENT OF ENERGY,25,1,section
uttarakhand-ground-water-regulation-control-management-development,uttarakhand Ground Water (Regulation and control of Management and Development,,12,2016,2016-04-07,,Uttarakhand,,DEPARTMENT OF DRINKING WATER,5,1,section
uttarakhand-power-development-fund-act-2003,"The Uttarakhand Power Development Fund Act, 2003",,21,2003,2004-01-01,,Uttarakhand,,DEPARTMENT OF ENERGY,11,1,section
uttarakhand-protection-interest-depositors-financial-establishment-act,The Uttarakhand protection of interest of depositors (in financial establishment) Act,,9,2005,2005-01-27,,Uttarakhand,,DEPARTMENT OF FINANCE,21,1,section
uttarakhand-public-library-act,Uttarakhand Public Library Act,,19,2005,2005-04-26,,Uttarakhand,,DEPARTMENT OF EDUCATION,24,1,section
uttarakhand-retirement-benefits-act-2018,"The Uttarakhand Retirement Benefits Act, 2018",,17,2018,2018-04-13,,Uttarakhand,,DEPARTMENT OF FINANCE,13,1,section
uttarakhand-sanskrit-education-act,Uttarakhand sanskrit education act,,21,2014,2014-06-23,,Uttarakhand,,DEPARTMENT OF EDUCATION,53,1,section
uttarakhand-special-provisions-urban-bodies-authorities-act,"The Uttarakhand Special Provisions for Urban Bodies and Authorities Act,",,33,2018,2018-10-16,,Uttarakhand,,DEPARTMENT OF URBAN DEVELOPMENT,1,1,section
uttarakhand-urban-country-planning-development-act-1973-context,"the Uttarakhand Urban and Country Planning and Development Act, 1973 to the context of the State of Uttarakhand.",,11,1973,1973-07-02,,Uttarakhand,,DEPARTMENT OF AWAS,1,1,section
uttarakhand-value-added-tax-act-2005,"The Uttarakhand Value Added Tax Act, 2005",,27,2005,2005-11-11,,Uttarakhand,,DEPARTMENT OF FINANCE,73,1,section
uttarakhand-water-management-regulatory-act-2013,"The Uttarakhand Water Management and Regulatory Act, 2013",,24,2013,2013-04-04,,Uttarakhand,,DEPARTMENT OF DRINKING WATER,36,1,section
uttaranchal-alteration-name-act-2006,"The Uttaranchal (Alteration of Name) Act, 2006",An Act to alter the name of the State of Uttaranchal.,52,2006,2006-12-21,2007-01-01,CENTRAL,Ministry of Home Affairs,Department of States,8,1,section
utter-pradesh-water-management-regulatory-commission-act-2014,"The Utter Pradesh Water Management and Regulatory Commission Act, 2014",,5,2014,2014-03-04,,Uttar Pradesh,,Irrigation & Water Resources,23,1,section
uttrakhand-ceiling-on-government-guarantee-act-2016,"The Uttrakhand Ceiling On Government Guarantee Act, 2016",,41,2016,2016-12-19,,Uttarakhand,,DEPARTMENT OF FINANCE,7,1,section
uttrakhand-state-agricultural-produce-livestock-marketing-promotion-facilitation,The Uttrakhand State Agricultural Produce and Livestock Marketing ( Promotion & Facilitation ),,28,2020,2020-10-22,,Uttarakhand,,DEPARTMENT OF AGRICULTURE AND FARMER WELFARE,33,1,section
van-sanrakshan-evam-samvardhan-adhiniyam-1980,"The Van (Sanrakshan Evam Samvardhan) Adhiniyam, 1980",An Act to provide for the conservation of forests and for matters connected therewith or ancillary or incidental thereto.,69,1980,1980-12-27,1980-10-25,CENTRAL,"Ministry of Environment, Forest and Climate Change",,10,1,section
vice-president-s-pension-act-1997,"The Vice-President s Pension Act, 1997",An Act to provide for the payment of pension and other facilities to retiring Vice-Presidents.,30,1997,1997-05-28,1997-05-28,CENTRAL,Ministry of Home Affairs,Department of Home,7,1,section
victoria-memorial-act-1903,"The Victoria Memorial Act, 1903",An Act to provide for the erection and management of the Victoria Memorial at Calcutta.,10,1903,1903-03-20,1903-03-20,CENTRAL,Ministry of Culture,,6,1,section
vidarbha-irrigation-development-corporation-act-1997,"The Vidarbha Irrigation Development Corporation Act, 1997","An Act to make special provisions for mobilisation of resources for completion of .some ongoing irrigation projects in time bound manner, for promotion and operation of the said irrigation projects in Vidarbha region and command area development and scheme for generation of hydro electric energy to harness the water of Godavari and Tapi Rivers allocated to the State of Maharashtra under the Water Disputes Tribunal Award and other allied and incidental activities including flood control by establishing the Vidarbha Irrigation Development Corporation.",26,1997,1997-04-28,,Maharashtra,Govt of Maharashtra,Water Resources Department,71,1,section
viksit-bharatguarantee-rozgar-ajeevika-mission-gramin-vbg-ram,"The Viksit Bharat—Guarantee for Rozgar And Ajeevika Mission (Gramin): Vb—G Ram G (विकसित भारत—जी राम जी) Act, 2025","An Act to establish a rural development framework aligned with the national vision of Viksit Bharat @2047, by providing a statutory guarantee of one hundred and twenty-five days of wage employment in every financial year to every rural household whose adult members volunteer to undertake unskilled manual work; to promote empowerment, growth, convergence and saturation for a prosperous and resilient rural Bharat; and for matters connected therewith or incidental thereto.",36,2025,2025-12-20,,CENTRAL,Ministry of Rural Development,Department of Rural Development,37,1,section
visva-bharati-act-1951,"The Visva-Bharati Act, 1951","An Act to declare the institution known as ""Visva-Bharati"" to be an institution of national importance and to provide for its functioning as a unitary teaching and residential university.",29,1951,1951-05-09,1951-05-14,CENTRAL,Ministry of Education,Department of Higher Education,49,1,section
voluntary-surrender-salaries-exemption-from-taxation-act-1961,"The Voluntary Surrender of Salaries (Exemption from Taxation) Act, 1961",An Act to provide for exempting from taxes on income a portion of the salary or allowances payable to any person who has in the public interest volunteered to forego it.,46,1961,1961-12-06,1981-12-06,CENTRAL,Ministry of Finance,Department of Revenue,5,1,section
warangal-metropolitan-area-police-act-2015,"The Warangal (Metropolitan Area) Police Act, 2015.",An Act to provide for the establishment of Warangal Police Commissionerate for the Metropolitan Area of Warangal and for the matters connected therewith or incidental thereto.,3,2015,2015-04-07,2015-02-13,Telangana,,Home,12,1,section
warehousing-corporations-act-1962,"The Warehousing Corporations Act, 1962",An Act to provide for the incorporation and regulation of corporations for the purpose of warehousing of agricultural produce and certain other commodities and for matters connected therewith.,58,1962,1962-12-19,1963-03-18,CENTRAL,"Ministry of Consumer Affairs, Food and Public Distribution",Department of Food and Public Distribution,45,1,section
warehousing-corporations-supplementary-act-1965,"The Warehousing Corporations (Supplementary) Act, 1965","An Act to supplement the provisions of the Warehousing Corporations Act, 1962.",20,1965,1965-09-22,1965-11-27,CENTRAL,"Ministry of Consumer Affairs, Food and Public Distribution",Department of Food and Public Distribution,2,1,section
warehousing-development-regulation-act-2007,"The Warehousing (Development and Regulation) Act, 2007","An Act to make provisions for the development and regulation of warehouses, negotiability of warehouse receipts, establishment of a Warehousing Development and Regulatory Authority and for matters connected therewith or incidental thereto.",37,2007,2007-09-19,2010-10-25,CENTRAL,"Ministry of Consumer Affairs, Food and Public Distribution",Department of Food and Public Distribution,55,1,section
waste-lands-claims-act-1863,"The Waste-Lands (Claims) Act, 1863","WHEREAS it is expedient to make special provision for the speedy adjudication of claims which may be preferred to waste lands proposed to be sold, or otherwise dealt with, on account of Government, and of objections taken to the sale or other disposition of such lands ; It is enacted as follows.",23,1863,1863-03-10,,CENTRAL,Ministry of Home Affairs,Department of States,25,1,section
water-prevention-control-pollution-act-1974,"The Water (Prevention and Control of Pollution) Act, 1974","An Act to provide for the prevention and control of water pollution and the maintaining or restoring of wholesomeness of water, for the establishment, with a view to carrying out the purposes aforesaid, of Boards for the prevention and control of water pollution, for conferring on and assigning to such Boards powers and functions relating thereto and for matters connected therewith.",6,1974,1974-03-23,1974-03-23,CENTRAL,"Ministry of Environment, Forest and Climate Change",,75,1,section
water-prevention-control-pollution-act-1974-chandigarh-1974,"The Water (Prevention and Control of Pollution) Act, 1974",,6,1974,1974-03-23,,Chandigarh,,Environment,3,1,section
water-prevention-control-pollution-act-1974-chandigarh-1974-2,"The Water (Prevention and Control of Pollution) Act, 1974",,6,1974,1974-03-23,,Chandigarh,,Chandigarh Pollution Control Committee,1,1,section
wealth-tax-act,"The Wealth-tax Act, 1957",An Act to provide for the levy of wealth-tax.,27,1957,1957-09-12,1957-04-01,CENTRAL,Ministry of Finance,Department of Revenue,137,1,section
weapons-mass-destruction-their-delivery-systems-prohibition-unlawful,"The Weapons of Mass Destruction and their Delivery Systems (Prohibition of Unlawful Activities) Act, 2005","An Act to prohibit unlawful activities, in relation to weapons of mass destruction and their delivery systems and for matters connected therewith or incidental thereto.",21,2005,2005-06-06,2006-11-17,CENTRAL,Ministry of External Affairs,,28,1,section
west-godavari-district-assimilation-laws-on-federal-subjects,"The West Godavari District (Assimilation of Laws on Federal Subjects) Act, 1949",An Act to assimilate certain laws in force in different parts of the West Godavari District of the Province of Madras.,20,1949,1949-04-14,1949-07-01,CENTRAL,Ministry of Home Affairs,Department of States,4,1,section
west-khandesh-mehwassi-estates-proprietary-rights-abolition-etc,"The West Khandesh Mehwassi Estates (Proprietary Rights Abolition, etc.) Regulation, 1961.",,1,1962,1962-02-24,,Maharashtra,Govt of Maharashtra,Revenue & Forest Department,22,1,section
west-khandesh-mehwassi-estates-regulation-1949,"The West Khandesh Mehwassi Estates Regulation, 1949.",,1,1949,1950-01-31,,Maharashtra,Govt of Maharashtra,Revenue & Forest Department,7,1,section
white-phosphorus-matches-prohibition-act-1913,"The White Phosphorus Matches Prohibition Act, 1913","An Act to prohibit the importation, manufacture and sale of matches made with white phosphorus.",5,1913,1913-03-07,,CENTRAL,Ministry of Home Affairs,Department of States,6,1,section
wild-life-protection-act-1972,"The Wild Life (Protection) Act, 1972","An Act to provide for the protection of wild animals, birds and plants and for matters connected therewith or ancillary or incidental thereto with a view to ensuring the ecological and environmental security of the country.",53,1972,1972-09-09,,CENTRAL,"Ministry of Environment, Forest and Climate Change",,166,1,section
wildlife-protection-amendment-act-2002,"The Wildlife Protection Amendment Act, 2002",,16,2003,2003-01-17,,Chandigarh,,Forest and Wildlife,1,1,section
william-carey-university-act-2005-act-no-13,"The William Carey University Act, 2005 (Act No.13 of 2005)","An Act to establish and incorporate University in the State with emphasis on providing high quality and industry relevant education in the areas of Management,I.T, Bio-Technology,Education, Environment and other Scientific study and research sponsored by ACTS Academy of Higher Education affiliated to ACTS Ministries, Bangalore, India and to provide for matters connected therewith or incidental thereto.Be it enacted by the Legislature of the State of Meghalaya in the Fifty-sixth Year of the Republic of India as follows:-",13,2005,2005-07-06,,Meghalaya,Meghalaya Law Department,Law Department,51,1,section
womens-childrens-institutions-licensing-act-1956,"The Women’s and Children’s Institutions (Licensing) Act, 1956.",An Act to provide for the licensing of institutions for women and children and for matters incidental thereto.,105,1956,1956-12-30,,CENTRAL,Ministry of Women and Child Development,,12,1,section
working-journalist-and-other-news-paper-employees-conditions-service,"The Working Journalist And-Other News Paper Employees (Conditions of Service) and Miscellaneous Provisions Act, 19551",,45,1955,1955-12-20,,Chandigarh,,Labour Department,1,1,section
works-defence-act-1903,"The Works of Defence Act, 1903","An Act to provide for imposing restrictions upon the use and enjoyment of land in the vicinity of works of defence in order that such land may be kept free from buildings and other obstructions, and for determining the amount of compensation to be made on account of such imposition.",7,1903,1903-03-20,1903-03-20,CENTRAL,Ministry of Defence,Department of Defence,47,1,section
y-b-n-university-act-2017,The Y.b.n. University Act 2017,,15,2017,2017-07-04,,Jharkhand,,"Higher Technical Education and Skill Development Department, Government of Jharkhand",46,1,section
yashwantrao-chavan-maharashtra-open-university-act-1989,"The Yashwantrao Chavan Maharashtra Open University Act, 1989.",An Act to establish and incorporate an Open University in the State of Maharashtra for the introduction and promotion of the Open University and distance education system in the Educational Pattern of the State.,20,1989,1989-05-02,,Maharashtra,Govt of Maharashtra,Higher and Technical Education Department,46,1,section
