from_act,from_num,from_heading,to_act,to_num,to_heading,relation,score
crpc,1,Short title extent and commencement,bnss,1,"Short title, extent and commencement",near-identical,0.95
crpc,2,Definitions,bnss,2,Definitions,close,0.8451
crpc,3,Construction of references,bnss,3,Construction of references,near-identical,0.8572
crpc,4,Trial of offences under the Indian Penal Code and other laws,bnss,4,"Trial of offences under Bharatiya Nyaya Sanhita, 2023 and other laws",near-identical,1
crpc,5,Saving,bnss,5,Saving,close,0.809
crpc,6,Classes Criminal Courts,bnss,6,Classes of Criminal Courts,near-identical,0.9521
crpc,7,Territorial divisions,bnss,7,Territorial divisions,near-identical,0.9731
crpc,8,Metropolitan areas,bnss,,,none,0.2107
crpc,9,Court of Session,bnss,8,Court of Session,near-identical,0.9485
crpc,10,Subordination of Assistant Sessions Judges,bnss,8,Court of Session,weak,0.6094
crpc,11,Courts of Judicial Magistrates,bnss,9,Courts of Judicial Magistrates,near-identical,0.988
crpc,12,"Chief Judicial Magistrate and Additional Chief Judicial Magistrate,etc",bnss,10,"Chief Judicial Magistrate and Additional Chief Judicial Magistrate, etc",near-identical,0.9791
crpc,13,Special Judicial Magistrates,bnss,11,Special Judicial Magistrates,near-identical,0.9128
crpc,14,Local jurisdiction of Judicial Magistrates,bnss,12,Local Jurisdiction of Judicial Magistrates,near-identical,0.9568
crpc,15,Subordination of Judicial Magistrates,bnss,13,Subordination of Judicial Magistrates,near-identical,1
crpc,16,Courts of Metropolitan Magistrates,bnss,9,Courts of Judicial Magistrates,close,0.6539
crpc,17,Chief Metropolitan Magistrates and Additional Chief MetropolitanMagistrates,bnss,10,"Chief Judicial Magistrate and Additional Chief Judicial Magistrate, etc",weak,0.5779
crpc,18,Special Metropolitan Magistrates,bnss,11,Special Judicial Magistrates,close,0.7987
crpc,19,Subordination of Metropolitan Magistrates,bnss,13,Subordination of Judicial Magistrates,weak,0.608
crpc,20,Executive Magistrates,bnss,14,Executive Magistrates,near-identical,0.9175
crpc,21,Special Executive Magistrates,bnss,15,Special Executive Magistrates,near-identical,0.93
crpc,22,Local jurisdiction of Executive Magistrates,bnss,16,Local Jurisdiction of Executive,near-identical,0.9172
crpc,23,Subordination of Executive Magistrates,bnss,17,Subordination of Executive Magistrates,near-identical,0.95
crpc,24,Public Prosecutors,bnss,18,Public Prosecutors,near-identical,0.9381
crpc,25,Assistant Public Prosecutors,bnss,19,Assistant Public Prosecutors,near-identical,0.9141
crpc,26,Courts by which offences are triable,bnss,21,Courts by which offences are triable,near-identical,0.95
crpc,27,Jurisdiction in the case of juveniles,bnss,401,Order to release on probation of good conduct or after admonition,weak,0.5647
crpc,28,Sentences which High Courts and Sessions Judges may pass,bnss,22,Sentences which High Courts and Sessions Judges may pass,near-identical,0.95
crpc,29,Sentences which Magistrates may pass,bnss,23,Sentences which Magistrates may pass,near-identical,0.95
crpc,30,Sentences of imprisonment in default of fine,bnss,24,Sentence of imprisonment in default of fine,near-identical,0.9504
crpc,31,Sentences in cases of conviction of several offences at one trial,bnss,25,Sentence in cases of conviction of several offences at one trial,near-identical,0.9037
crpc,32,Mode of conferring powers,bnss,26,Mode of conferring powers,near-identical,1
crpc,33,Powers of officers appointed,bnss,27,Powers of officers appointed,near-identical,0.9658
crpc,34,Withdrawal of powers,bnss,28,Withdrawal of powers,near-identical,1
crpc,35,Powers of Judges and Magistrates exercisable by their successors-in-office,bnss,29,Powers of Judges and Magistrates exercisable by their successors-in-office,near-identical,0.95
crpc,36,Powers of superior officers of police,bnss,30,Powers of superior officers of police,near-identical,0.9507
crpc,37,Public when to assist Magistrates and police,bnss,31,Public when to assist Magistrates and police,near-identical,0.95
crpc,38,"Aid to person, other than police officer, executing, warrant",bnss,32,"Aid to person, other than police officer, executing warrant",near-identical,1
crpc,39,Public to give information of certain offences,bnss,33,Public to give information of certain offences,near-identical,0.95
crpc,40,Duty of officers employed in connection with the affairs of a villageto make certain report,bnss,34,Duty of officers employed in connection with affairs of a village to make certain report,near-identical,0.9235
crpc,41,When police may arrest without warrant,bnss,35,When police may arrest without warrant,near-identical,0.95
crpc,42,Arrest on refusal to give name and residence,bnss,39,Arrest on refusal to give name and residence,near-identical,0.95
crpc,43,Arrest by private person and procedure on such arrest,bnss,40,Arrest by private person and procedure on such arrest,near-identical,0.982
crpc,44,Arrest by Magistrate,bnss,41,Arrest by Magistrate,near-identical,1
crpc,45,Protection of members of the Armed Forces from arrest,bnss,42,Protection of members of Armed Forces from arrest,near-identical,0.9999
crpc,46,Arrest how made,bnss,43,Arrest how made,near-identical,0.9
crpc,47,Search of place entered by person sought to be arrested,bnss,44,Search of place entered by person sought to be arrested,near-identical,0.9969
crpc,48,Pursuit of offenders into other jurisdictions,bnss,45,Pursuit of offenders into other jurisdictions,near-identical,1
crpc,49,No unnecessary restraint,bnss,46,No unnecessary restraint,near-identical,1
crpc,50,Person arrested to be informed of grounds of arrest and of right tobail,bnss,47,Person arrested to be informed of grounds of arrest and of right to bail,near-identical,0.8679
crpc,51,Search of arrested person,bnss,49,Search of arrested person,near-identical,0.9995
crpc,52,Power to size offensive weapons,bnss,50,Power to seize offensive weapons,near-identical,0.8915
crpc,53,Examination of accused by medical practitioner at the request ofpolice officer,bnss,51,Examination of accused by medical practitioner at request of police officer,close,0.7712
crpc,54,Examination of arrested person by medical practitioner at the requestof the arrested person,bnss,52,Examination of person accused of rape by medical practitioner,weak,0.4698
crpc,55,Procedure when police officer deputes subordinate to arrest with outwarrant,bnss,55,Procedure when police officer deputes subordinate to arrest without warrant,near-identical,0.8718
crpc,56,Person arrested to be taken before Magistrate of officer in charge ofpolice station,bnss,57,Person arrested to be taken before Magistrate or officer in charge of police station,near-identical,0.9397
crpc,57,Person arrested not to be detained more than twenty-four hours,bnss,58,Person arrested not to be detained more than twenty-four hours,near-identical,0.95
crpc,58,Police to report apprehensions,bnss,59,Police to report apprehensions,near-identical,1
crpc,59,Discharge of person apprehended,bnss,60,Discharge of person apprehended,near-identical,0.95
crpc,60,"Power, on escape, to pursue and retake",bnss,61,"Power, on escape, to pursue and retake",near-identical,0.95
crpc,61,Form of summons,bnss,63,Form of summons,near-identical,0.9
crpc,62,Summons how served,bnss,64,Summons how served,near-identical,0.9
crpc,63,Service of summons on corporate bodies and societies,bnss,65,"Service of summons on corporate bodies, firms, and societies",near-identical,0.8554
crpc,64,Service when persons summoned cannot be found,bnss,66,Service when persons summoned cannot be found,near-identical,0.9856
crpc,65,Procedure when service cannot be effected as before provided,bnss,67,Procedure when service cannot be effected as before provided,near-identical,1
crpc,66,Service on Government servant,bnss,68,Service on Government servant,near-identical,0.9867
crpc,67,Service of summons outside local limits,bnss,69,Service of summons outside local limits,near-identical,1
crpc,68,Proof of service in such cases and when serving officer not present,bnss,70,Proof of service in such cases and when serving officer not present,near-identical,0.95
crpc,69,Service of summons on witness by post,bnss,71,Service of summons on witness,close,0.8219
crpc,70,Form of warrant of arrest and duration,bnss,72,Form of warrant of arrest and duration,near-identical,1
crpc,71,Power to direct security to be taken,bnss,73,Power to direct security to be taken,near-identical,0.9946
crpc,72,Warrants to whom directed,bnss,74,Warrants to whom directed,near-identical,1
crpc,73,Warrant may be directed any person,bnss,75,Warrant may be directed to any person,near-identical,1
crpc,74,Warrant directed to police officer,bnss,76,Warrant directed to police officer,near-identical,1
crpc,75,Notification of substance of warrant,bnss,77,Notification of substance of warrant,near-identical,1
crpc,76,Person arrested to be brought before Court without delay,bnss,78,Person arrested to be brought before Court without delay,near-identical,1
crpc,77,Where warrant may be executed,bnss,79,Where warrant may be executed,near-identical,1
crpc,78,Warrant forwarded for execution outside jurisdiction,bnss,80,Warrant forwarded for execution outside jurisdiction,near-identical,0.9832
crpc,79,Warrant directed to police officer for execution outside jurisdiction,bnss,81,Warrant directed to police officer for execution outside jurisdiction,near-identical,1
crpc,80,Procedure on arrest of person against whom warrant issued,bnss,82,Procedure on arrest of person against whom warrant issued,near-identical,0.95
crpc,81,Procedure by Magistrate before whom such person arrested is brought,bnss,83,Procedure by Magistrate before whom such person arrested is brought,near-identical,0.9755
crpc,82,Proclamation for person absconding,bnss,84,Proclamation for person absconding,near-identical,0.95
crpc,83,Attachment of Property of person absconding,bnss,85,Attachment of property of person absconding,near-identical,1
crpc,84,Claims and objections to attachment,bnss,87,Claims and objections to attachment,near-identical,1
crpc,85,"Release, sale and restoration of attached property",bnss,88,"Release, sale and restoration of attached property",near-identical,1
crpc,86,Appeal from order rejecting application for restoration of attachedproperty,bnss,89,Appeal from order rejecting application for restoration of attached property,close,0.7628
crpc,87,"Issue of warrant in lieu of, or in addition to, summons",bnss,90,"Issue of warrant in lieu of, or in addition to, summons",near-identical,1
crpc,88,Power to take bond for appearance,bnss,91,Power to take bond or bail bond for appearance,near-identical,0.9184
crpc,89,Arrest on breach of bond for appearance,bnss,92,Arrest on breach of bond or bail bond for appearance,close,0.7717
crpc,90,,bnss,,,none,0.4249
crpc,91,Summons to produce document or other thing,bnss,94,Summons to produce document or other thing,near-identical,0.95
crpc,92,Procedure as to letters and telegrams,bnss,95,Procedure as to letters,near-identical,0.8588
crpc,93,When search warrant may be issued,bnss,96,When search-warrant may be issued,near-identical,0.9898
crpc,94,"Search of place suspected to contain stolen property, forgeddocuments, etc",bnss,97,"Search of place suspected to contain stolen property, forged documents, etc",near-identical,0.9141
crpc,95,Power to declare certain publications forfeited and to issue searchwarrants for the same,bnss,98,Power to declare certain publications forfeited and to issue search-warrants for same,near-identical,0.9089
crpc,96,Application to High Court to set aside declaration of forfeiture,bnss,99,Application to High Court to set aside declaration of forfeiture,near-identical,1
crpc,97,Search for persons wrongfully confined,bnss,100,Search for persons wrongfully confined,near-identical,1
crpc,98,Power to compel restoration of abducted females,bnss,101,Power to compel restoration of abducted females,near-identical,0.95
crpc,99,"Direction, etc., of search warrants",bnss,102,"Direction, etc., of search-warrants",near-identical,0.95
crpc,100,Persons in charge of closed place to allow search,bnss,103,Persons in charge of closed place to allow search,near-identical,1
crpc,101,Disposal of things found in search beyond jurisdiction,bnss,104,Disposal of things found in search beyond jurisdiction,near-identical,0.9547
crpc,102,Power of police officer to seize certain property,bnss,106,Power of police officer to seize certain property,near-identical,0.95
crpc,103,Magistrate may direct search in his presence,bnss,108,Magistrate may direct search in his presence,near-identical,1
crpc,104,"Power to impound document, etc., produced",bnss,109,"Power to impound document, etc., produced",near-identical,1
crpc,105,Reciprocal arrangements regarding processes,bnss,110,Reciprocal arrangements regarding processes,near-identical,0.956
crpc,105A,Definition,bnss,111,Definitions,close,0.6933
crpc,105B,Assistance in securing transfer of persons,bnss,114,Assistance in securing transfer of persons,near-identical,0.9511
crpc,105C,Assistance in relation to orders of attachment or forefeiture ofproperty,bnss,115,Assistance in relation to orders of attachment or forfeiture of property,near-identical,0.8743
crpc,105D,Identifying unlawfully acquired property,bnss,116,Identifying unlawfully acquired property,near-identical,1
crpc,105E,Seizure or attachment of property,bnss,117,Seizure or attachment of property,near-identical,1
crpc,105F,Management of properties seized or forfeited under this Chapter,bnss,118,Management of properties seized or forfeited under this Chapter,near-identical,0.9875
crpc,105G,Notice of forfeiture of property,bnss,119,Notice of forfeiture of property,near-identical,0.9565
crpc,105H,Forfeiture of property in certain cases,bnss,120,Forfeiture of property in certain cases,near-identical,0.9533
crpc,105I,Fine in lieu of forfeiture,bnss,121,Fine in lieu of forfeiture,near-identical,1
crpc,105J,Certain transfers to be null and void,bnss,122,Certain transfers to be null and void,near-identical,1
crpc,105K,Procedure in respect of letter of request,bnss,123,Procedure in respect of letter of request,near-identical,0.9616
crpc,105L,Application of this Chapter,bnss,124,Application of this Chapter,near-identical,0.95
crpc,106,Security for keeping the peace on conviction,bnss,125,Security for keeping peace on conviction,close,0.7916
crpc,107,Security for keeping the peace in other cases,bnss,126,Security for keeping peace in other cases,near-identical,0.9902
crpc,108,Security for good behaviour from persons disseminating seditiousmatters,bnss,127,Security for good behaviour from persons disseminating certain matters,near-identical,0.8508
crpc,109,Security for good behaviour from suspected persons,bnss,128,Security for good behaviour from suspected persons,near-identical,0.95
crpc,110,Security for good behaviour from habitual offenders,bnss,129,Security for good behaviour from habitual offenders,near-identical,0.95
crpc,111,Order to be made,bnss,130,Order to be made,near-identical,0.95
crpc,112,Procedure in respect of person present in Court,bnss,131,Procedure in respect of person present in Court,near-identical,0.95
crpc,113,Summons or warrant in case of person not so present,bnss,132,Summons or warrant in case of person not so present,near-identical,1
crpc,114,Copy of order to accompany summons or warrant,bnss,133,Copy of order to accompany summons or warrant,near-identical,1
crpc,115,Power to dispense with personal attendance,bnss,134,Power to dispense with personal attendance,near-identical,0.966
crpc,116,Inquiry as to truth of information,bnss,135,Inquiry as to truth of information,near-identical,0.9894
crpc,117,Order to give security,bnss,136,Order to give security,near-identical,0.95
crpc,118,Discharge of person informed against,bnss,137,Discharge of person informed against,near-identical,1
crpc,119,Commencement of period for which security is required,bnss,138,Commencement of period for which security is required,near-identical,1
crpc,120,Contents of bond,bnss,139,Contents of bond,near-identical,0.965
crpc,121,Power to reject sureties,bnss,140,Power to reject sureties,near-identical,0.9941
crpc,122,Imprisonment in default of security,bnss,141,Imprisonment in default of security,near-identical,0.9814
crpc,123,Power to release persons imprisoned for failing to give security,bnss,142,Power to release persons imprisoned for failing to give security,near-identical,0.9863
crpc,124,Security for unexpired period of bond,bnss,143,Security for unexpired period of bond,near-identical,0.95
crpc,125,"Order for maintenance of wives, children and parents",bnss,144,"Order for maintenance of wives, children and parents",near-identical,0.95
crpc,126,Procedure,bnss,145,Procedure,near-identical,0.964
crpc,127,Alteration in allowance,bnss,146,Alteration in allowance,near-identical,0.9444
crpc,128,Enforcement of order of maintenance,bnss,147,Enforcement of order of maintenance,near-identical,0.95
crpc,129,Dispersal of assembly by use of civil force,bnss,148,Dispersal of assembly by use of civil force,near-identical,0.993
crpc,130,Use of armed forces to disperse assembly,bnss,149,Use of armed forces to disperse assembly,near-identical,0.9759
crpc,131,Power of certain armed force officers to disperse assembly,bnss,150,Power of certain armed force officers to disperse assembly,near-identical,1
crpc,132,Protection against prosecution for acts done under preceding sections,bnss,151,"Protection against prosecution for acts done under sections 148, 149 and 150",near-identical,0.951
crpc,133,Conditional order for removal of nuisance,bnss,152,Conditional order for removal of nuisance,near-identical,0.9907
crpc,134,Service or notification of order,bnss,153,Service or notification of order,near-identical,0.95
crpc,135,Person to whom addressed to obey or show cause,bnss,154,Person to whom order is addressed to obey or show cause,near-identical,0.8926
crpc,136,Consequences of his failing to do so,bnss,155,Penalty for failure to comply with section 154,close,0.6617
crpc,137,Procedure where existence of public right is denied,bnss,156,Procedure where existence of public right is denied,near-identical,1
crpc,138,Procedure where he appears to show cause,bnss,157,Procedure where person against whom order is made under section 152 appears to show-cause,close,0.8444
crpc,139,Power of Magistrate to direct local investigation and examination ofan expert,bnss,158,Power of Magistrate to direct local investigation and examination of an expert,near-identical,0.9102
crpc,140,"Power of Magistrate to furnish written instructions, etc",bnss,159,"Power of Magistrate to furnish written instructions, etc",near-identical,1
crpc,141,Procedure on order being made absolute and consequences ofdisobedience,bnss,160,Procedure on order being made absolute and consequences of disobedience,near-identical,0.9085
crpc,142,Injunction pending inquiry,bnss,161,Injunction pending inquiry,near-identical,1
crpc,143,"Magistrate may prohibit repetition or connuance of public nuisance,",bnss,162,Magistrate may prohibit repetition or Continuance of public nuisance,close,0.7757
crpc,144,Power to issue order in urgent cases of nuisance of apprehendeddanger,bnss,163,Power to issue order in urgent cases of nuisance or apprehended danger,near-identical,0.8884
crpc,145,Procedure where dispute concerning land or water is likely to causebreach of peace,bnss,164,Procedure where dispute concerning land or water is likely to cause breach of peace,near-identical,0.9428
crpc,146,Power to attach subject of dispute and to appoint receiver,bnss,165,Power to attach subject of dispute and to appoint receiver,near-identical,1
crpc,147,Dispute concerning right of use of land or water,bnss,166,Dispute concerning right of use of land or water,near-identical,0.9935
crpc,148,Local inquiry,bnss,167,Local inquiry,near-identical,0.9192
crpc,149,Police to prevent cognizable offences,bnss,168,Police to prevent cognizable offences,near-identical,1
crpc,150,Information of design to commit cognizable offences,bnss,169,Information of design to commit cognizable offences,near-identical,1
crpc,151,Arrest to prevent the commission of cognizable offences,bnss,170,Arrest to prevent commission of cognizable offences,near-identical,1
crpc,152,Prevention of injury to public property,bnss,171,Prevention of injury to public property,near-identical,0.95
crpc,153,Inspection of weights and measures,bnss,,,none,0.2405
crpc,154,Information in cognizable cases,bnss,173,Information in cognizable cases,near-identical,0.95
crpc,155,Information as to non-cognizable cases and investigation of suchcases,bnss,174,Information as to non-cognizable cases and investigation of such cases,near-identical,0.9073
crpc,156,Police officer's power to investigate cognizable case,bnss,175,Police officer’s power to investigate cognizable case,near-identical,0.95
crpc,157,Procedure for investigation preliminary inquiry,bnss,176,Procedure for investigation,close,0.7834
crpc,158,Report how submitted,bnss,177,Report how submitted,near-identical,1
crpc,159,Power to hold investigation or,bnss,178,Power to hold investigation or preliminary inquiry,near-identical,0.9307
crpc,160,Police officer's power to require attendance of witnesses,bnss,179,Police officer's power to require attendance of witnesses,near-identical,0.95
crpc,161,Examination of witnesses by police,bnss,180,Examination of witnesses by police,near-identical,0.95
crpc,162,Statements to police not to be signed: Use of statements in evidence,bnss,181,Statements to police and use thereof,near-identical,0.9007
crpc,163,No inducement to be offered,bnss,182,No inducement to be offered,near-identical,1
crpc,164,Recording of confessions and statements,bnss,183,Recording of confessions and statements,near-identical,0.95
crpc,165,Search by police officer,bnss,185,Search by police officer,near-identical,0.95
crpc,166,When officer in charge of police station may require an other to issuesearch warrant,bnss,186,When officer in charge of police station may require another to issue search-warrant,near-identical,0.8852
crpc,166A,Letter of request competent authority for investigation in a countryor place outside India,bnss,112,Letter of request to competent authority for investigation in a country or place outside India,near-identical,0.9433
crpc,166B,Letter of request from a country or place outside India to a Court oran authority for investigation in India,bnss,113,Letter of request from a country or place outside India to a Court or an authority for investigation in India,near-identical,0.9471
crpc,167,Procedure when investigation cannot be completed in twenty four hours,bnss,187,Procedure when investigation cannot be completed in twenty-four hours,near-identical,0.95
crpc,168,Report of investigation by subordinate police officer,bnss,188,Report of investigation by subordinate police officer,near-identical,1
crpc,169,Release of accused when evidence deficient,bnss,189,Release of accused when evidence deficient,near-identical,0.95
crpc,170,"Cases to be sent to Magistrate, when evidence is sufficient",bnss,190,"Cases to be sent to Magistrate, when evidence is sufficient",near-identical,0.9567
crpc,171,Complainant and witnesses not to be required to accompany policeofficer and not to be subjected to restraint,bnss,191,Complainant and witnesses not to be required to accompany police officer and not to be subject to restraint,near-identical,0.8931
crpc,172,Diary of proceedings in investigation,bnss,192,Diary of proceedings in investigation,near-identical,0.95
crpc,173,Report of police officer on completion of investigation,bnss,193,Report of police officer on completion of investigation,near-identical,0.95
crpc,174,"Police to enquire and report on suicide, etc",bnss,194,"Police to enquire and report on suicide, etc",near-identical,0.9756
crpc,175,Power to summon persons,bnss,195,Power to summon persons,near-identical,0.95
crpc,176,Inquiry by Magistrate into cause of death,bnss,196,Inquiry by Magistrate into cause of death,near-identical,0.95
crpc,177,Ordinary place of inquiry and trial,bnss,197,Ordinary place of inquiry and trial,near-identical,1
crpc,178,Place of inquiry or trial,bnss,198,Place of inquiry or trial,near-identical,1
crpc,179,Offence triable where act is done or consequence ensues,bnss,199,Offence triable where act is done or consequence ensues,near-identical,1
crpc,180,Place of trial where act is an offence by reason of relation to otheroffence,bnss,200,Place of trial where act is an offence by reason of relation to other offence,near-identical,0.9303
crpc,181,Place of trial in case of certain offences,bnss,201,Place of trial in case of certain offences,near-identical,0.963
crpc,182,"Offences committed by letters, etc",bnss,202,"Offences committed by means of electronic communications, letters, etc",near-identical,0.8679
crpc,183,Offence committed on journey or voyage,bnss,203,Offence committed on journey or voyage,near-identical,1
crpc,184,Place of trial for offences triable together,bnss,204,Place of trial for offences triable together,near-identical,1
crpc,185,Power to order cases to be tried in different sessions divisions,bnss,205,Power to order cases to be tried in different sessions divisions,near-identical,0.9934
crpc,186,"High Court to decide, in case of doubt, district where inquiry ortrial shall take place",bnss,206,"High Court to decide, in case of doubt, district where inquiry or trial shall take place",near-identical,0.9064
crpc,187,Power to issue summons or warrant for offence committed beyond localjurisdiction,bnss,207,Power to issue summons or warrant for offence committed beyond local jurisdiction,near-identical,0.9053
crpc,188,Offence committed outside India,bnss,208,Offence committed outside India,near-identical,0.9533
crpc,189,Receipt of evidence relating to offences committed outside India,bnss,209,Receipt of evidence relating to offences committed outside India,near-identical,0.95
crpc,190,Cognizance of offences by Magistrates,bnss,210,Cognizance of offences by Magistrate,close,0.8213
crpc,191,Transfer on application of the accused,bnss,211,Transfer on application of accused,near-identical,1
crpc,192,Making over of cases to Magistrates,bnss,212,Making over of cases to Magistrates,near-identical,1
crpc,193,Cognizance of offences by Courts of Session,bnss,213,Cognizance of offences by Court of Session,near-identical,0.9506
crpc,194,Additional and Assistant Sessions Judges to try cases made over tothem,bnss,214,Additional Sessions Judges to try cases made over to them,near-identical,0.8614
crpc,195,"Prosecution for contempt of lawful authority of public servants, foroffences against public justice and for offences relating to documentsgiven in evidence",bnss,215,". Prosecution for contempt of lawful authority of public servants, for offences against public justice and for offences relating to documents given in evidence",close,0.6902
crpc,196,Prosecution for offences against the State and for criminalconspiracy to commit such offence,bnss,217,Prosecution for offences against State and for criminal conspiracy to commit such offence,near-identical,0.8798
crpc,197,Prosecution of Judges and public servants,bnss,218,Prosecution of Judges and public servants,near-identical,0.95
crpc,198,Prosecution for offences against marriage,bnss,219,Prosecution for offences against marriage,near-identical,0.95
crpc,199,Prosecution for defamation,bnss,222,Prosecution for defamation,near-identical,0.9163
crpc,200,Examination of complainant,bnss,223,Examination of complainant,near-identical,0.9
crpc,201,Procedure by Magistrate not competent to take cognizance of the case,bnss,224,Procedure by Magistrate not competent to take cognizance of case,near-identical,1
crpc,202,Postponement of issue of process,bnss,225,Postponement of issue of process,near-identical,0.9676
crpc,203,Dismissal of complaint,bnss,226,Dismissal of complaint,close,0.8376
crpc,204,Issue of process,bnss,227,Issue of process,near-identical,0.9383
crpc,205,Magistrate may dispense with personal attendance of accused,bnss,228,Magistrate may dispense with personal attendance of accused,near-identical,0.9755
crpc,206,Special summons in cases of petty offence,bnss,229,Special summons in cases of petty offence,near-identical,0.95
crpc,207,Supply to the accused of copy of police report and other documents,bnss,230,Supply to accused of copy of police report and other documents,near-identical,0.8923
crpc,208,Supply of copies of statements and documents to accused in other casestriable by Court of Session,bnss,231,Supply of copies of statements and documents to accused in other cases triable by Court of Session,near-identical,0.8681
crpc,209,Commitment of case to Court of Session when offence is triableexclusively by it,bnss,232,Commitment of case to Court of Session when offence is triable exclusively by it,close,0.8293
crpc,210,Procedure to be followed when there is a complaint case and policeinvestigation in respect of the same offence,bnss,233,Procedure to be followed when there is a complaint case and police investigation in respect of same offence,near-identical,0.8966
crpc,211,Contents of charge,bnss,234,Contents of charge,near-identical,0.9586
crpc,212,"Particulars as to time, place and person",bnss,235,"Particulars as to time, place and person",near-identical,1
crpc,213,When manner of committing offence must be stated,bnss,236,When manner of committing offence must be stated,near-identical,1
crpc,214,Words in charge taken in sense of law under which offence ispunishable,bnss,237,Words in charge taken in sense of law under which offence is punishable,near-identical,0.9163
crpc,215,Effect of errors,bnss,238,Effect of errors,near-identical,0.992
crpc,216,Court may alter charge,bnss,239,Court may alter charge,near-identical,1
crpc,217,Recall of witnesses when charge altered,bnss,240,Recall of witnesses when charge altered,near-identical,0.9671
crpc,218,Separate charges for distinct offences,bnss,241,Separate charges for distinct offences,near-identical,1
crpc,219,Three offences of same kind within year may be charged together,bnss,242,Offences of same kind within year may be charged together,near-identical,0.9104
crpc,220,Trial for more than one offence,bnss,243,Trial for more than one offence,near-identical,0.9775
crpc,221,Where it is doubtful what offence has been committed,bnss,244,Where it is doubtful what offence has been committed,near-identical,0.9912
crpc,222,When offence proved included in offence charged,bnss,245,When offence proved included in offence charged,near-identical,0.9732
crpc,223,What persons may be charged jointly,bnss,246,What persons may be charged jointly,near-identical,0.9921
crpc,224,Withdrawal of remaining charges on conviction on one of severalcharges,bnss,247,Withdrawal of remaining charges on conviction on one of several charges,near-identical,0.8965
crpc,225,Trial to be conducted by Public Prosecutor,bnss,248,Trial to be conducted by Public Prosecutor,near-identical,1
crpc,226,Opening case for prosecution,bnss,249,Opening case for prosecution,near-identical,0.9743
crpc,227,Discharge,bnss,250,Discharge,near-identical,0.9
crpc,228,Framing of charge,bnss,251,Framing of charge,near-identical,0.9
crpc,229,Conviction on plea of guilty,bnss,252,Conviction on plea of guilty,near-identical,1
crpc,230,Date for prosecution evidence,bnss,253,Date for prosecution evidence,near-identical,1
crpc,231,Evidence for prosecution,bnss,254,Evidence for prosecution,near-identical,0.9
crpc,232,Acquittal,bnss,255,Acquittal,near-identical,1
crpc,233,Entering upon defence,bnss,256,Entering upon defence,near-identical,1
crpc,234,Arguments,bnss,257,Arguments,near-identical,0.9277
crpc,235,Judgment of acquittal or conviction,bnss,258,Judgment of acquittal or conviction,near-identical,0.95
crpc,236,Previous conviction,bnss,259,Previous conviction,near-identical,1
crpc,237,Procedure in cases instituted under section 199(2),bnss,260,Procedure in cases instituted under sub-section (2) of section 222,near-identical,0.9344
crpc,238,Compliance with section 207,bnss,261,Compliance with section 230,near-identical,1
crpc,239,When accused shall be discharged,bnss,262,When accused shall be discharged,near-identical,0.95
crpc,240,Framing of charge,bnss,263,Framing of charge,near-identical,0.9527
crpc,241,Conviction on plea of guilty,bnss,264,Conviction on plea of guilty,near-identical,1
crpc,242,Evidence for prosecution,bnss,265,Evidence for prosecution,near-identical,0.9
crpc,243,Evidence for defence,bnss,266,Evidence for defence,near-identical,0.9453
crpc,244,Evidence for prosecution,bnss,267,Evidence for prosecution,near-identical,1
crpc,245,When accused shall be discharged,bnss,268,When accused shall be discharged,near-identical,1
crpc,246,Procedure where accused is not discharged,bnss,269,Procedure where accused is not discharged,near-identical,0.95
crpc,247,Evidence for defence,bnss,270,Evidence for defence,near-identical,0.9039
crpc,248,Acquittal or conviction,bnss,271,Acquittal or conviction,near-identical,0.9915
crpc,249,Absence of complainant,bnss,272,Absence of complainant,near-identical,0.9374
crpc,250,Compensation for accusation without reasonable cause,bnss,273,Compensation for accusation without reasonable cause,near-identical,0.9838
crpc,251,Substance of accusation to be stated,bnss,274,Substance of accusation to be stated,near-identical,0.95
crpc,252,Conviction on plea of guilty,bnss,275,Conviction on plea of guilty,near-identical,1
crpc,253,Conviction on plea of guilty in absence of accused in petty cases,bnss,276,Conviction on plea of guilty in absence of accused in petty cases,near-identical,0.9709
crpc,254,Procedure when not convicted,bnss,277,Procedure when not convicted,near-identical,1
crpc,255,Acquittal or conviction,bnss,278,Acquittal or conviction,near-identical,1
crpc,256,Non-appearance or death of complainant,bnss,279,Non-appearance or death of complainant,near-identical,0.9613
crpc,257,Withdrawal of complaint,bnss,280,Withdrawal of complaint,near-identical,1
crpc,258,Power to stop proceedings in certain cases,bnss,281,Power to stop proceedings in certain cases,near-identical,1
crpc,259,Power of Court to convert summons-cases into warrant-cases,bnss,282,Power of Court to convert summons-cases into warrant-cases,near-identical,0.95
crpc,260,Power to try summarily,bnss,283,Power to try summarily,near-identical,0.95
crpc,261,Summary trial by magistrate of the second class,bnss,284,Summary trial by Magistrate of second class,near-identical,1
crpc,262,Procedure for summary trials,bnss,285,Procedure for summary trials,near-identical,0.95
crpc,263,Record in summary trials,bnss,286,Record in summary trials,near-identical,1
crpc,264,Judgement in cases tried summarily,bnss,287,Judgment in cases tried summarily,near-identical,0.9292
crpc,265,Language of record and judgement,bnss,288,Language of record and judgment,close,0.7112
crpc,266,Definitions,bnss,301,Definitions,near-identical,1
crpc,267,Power to require attendance of prisoners,bnss,302,Power to require attendance of prisoners,near-identical,0.95
crpc,268,Power of State Government to exclude certain persons from operation of section 267,bnss,303,Power of State Government or Central Government to exclude certain persons from operation of section 302,near-identical,0.9383
crpc,269,Officer in charge of prison to abstain from carrying out certaincontingencies,bnss,304,Officer in charge of prison to abstain from carrying out order in certain contingencies,near-identical,0.8804
crpc,270,Prisoner to be brought to Court in custody,bnss,305,Prisoner to be brought to Court in custody,near-identical,1
crpc,271,Power to issue commission for examination of witness in prison,bnss,306,Power to issue commission for examination of witness in prison,near-identical,0.95
crpc,272,Language of Courts,bnss,307,Language of Courts,near-identical,1
crpc,273,Evidence to be taken in presence of accused,bnss,308,Evidence to be taken in presence of accused,near-identical,0.95
crpc,274,Record in summons-cases and inquiries,bnss,309,Record in summons-cases and inquiries,near-identical,1
crpc,275,Record in warrant-cases,bnss,310,Record in warrant-cases,near-identical,0.9555
crpc,276,Record in trial before Court of Session,bnss,311,Record in trial before Court of Session,near-identical,1
crpc,277,Language of record of evidence,bnss,312,Language of record of evidence,near-identical,1
crpc,278,Procedure in regard to such evidence when completed,bnss,313,Procedure in regard to such evidence when completed,near-identical,0.9551
crpc,279,Interpretation of evidence to accused or his pleader,bnss,314,Interpretation of evidence to accused or his advocate,close,0.8457
crpc,280,Remarks respecting demeanour of witness,bnss,315,Remarks respecting demeanour of witness,near-identical,1
crpc,281,Record of examination of accused,bnss,316,Record of examination of accused,near-identical,0.95
crpc,282,Interpreter to be bound to interpret truthfully,bnss,317,Interpreter to be bound to interpret truthfully,near-identical,1
crpc,283,Record in High Court,bnss,318,Record in High Court,near-identical,0.9591
crpc,284,When attendance of witness may be dispensed with and commissionissued,bnss,319,When attendance of witness may be dispensed with and commission issued,near-identical,0.8959
crpc,285,Commission to whom to be issued,bnss,320,Commission to whom to be issued,near-identical,0.9891
crpc,286,Execution of commissions,bnss,321,Execution of commissions,near-identical,0.9396
crpc,287,Parties may examine witnesses,bnss,322,Parties may examine witnesses,near-identical,0.9815
crpc,288,Return of commission,bnss,323,Return of commission,near-identical,0.9551
crpc,289,Adjournment of proceeding,bnss,324,Adjournment of proceeding,near-identical,1
crpc,290,Execution of foreign commissions,bnss,325,Execution of foreign commissions,near-identical,1
crpc,291,Deposition of medical witness,bnss,326,Deposition of medical witness,near-identical,1
crpc,292,Evidence of officers of the Mint,bnss,328,Evidence of officers of Mint,near-identical,0.8597
crpc,293,Reports of certain Government scientific experts,bnss,329,Reports of certain Government scientific experts,near-identical,0.9812
crpc,294,No formal proof of certain documents,bnss,330,No formal proof of certain documents,near-identical,0.95
crpc,295,Affidavit in proof of conduct of public servants,bnss,331,Affidavit in proof of conduct of public servants,near-identical,1
crpc,296,Evidence of formal character on affidavit,bnss,332,Evidence of formal character on affidavit,near-identical,0.9755
crpc,297,Authorities before whom affidavits may be sworn,bnss,333,Authorities before whom affidavits may be sworn,near-identical,1
crpc,298,Previous conviction or acquittal how proved,bnss,334,Previous conviction or acquittal how proved,near-identical,1
crpc,299,Record of evidence in absence of accused,bnss,335,Record of evidence in absence of accused,near-identical,0.95
crpc,300,Person once convicted or acquitted not to be tried for same offence,bnss,337,Person once convicted or acquitted not to be tried for same offence,near-identical,0.9962
crpc,301,Appearance by Public Prosecutors,bnss,338,Appearance by Public Prosecutors,near-identical,0.9595
crpc,302,Permission to conduct prosecution,bnss,339,Permission to conduct prosecution,near-identical,0.9884
crpc,303,Right of person against whom proceedings are instituted to bedefended,bnss,340,Right of person against whom proceedings are instituted to be defended,near-identical,0.8679
crpc,304,Legal aid to accused at State expense in certain cases,bnss,341,Legal aid to accused at State expense in certain cases,near-identical,0.95
crpc,305,Procedure when corporation or registered society is an accused,bnss,342,Procedure when corporation or registered society is an accused,near-identical,0.9816
crpc,306,Tender of pardon to accomplice,bnss,343,Tender of pardon to accomplice,near-identical,0.953
crpc,307,Power to direct tender of pardon,bnss,344,Power to direct tender of pardon,near-identical,1
crpc,308,Trial of person not complying with conditions of pardon,bnss,345,Trial of person not complying with conditions of pardon,near-identical,1
crpc,309,Power to postpone or adjourn proceedings,bnss,346,Power to postpone or adjourn proceedings,near-identical,0.95
crpc,310,Local inspection,bnss,347,Local inspection,near-identical,0.9886
crpc,311,"Power to summon material witness, or examine person present",bnss,348,"Power to summon material witness, or examine person present",near-identical,0.95
crpc,312,Expenses of complaints and witnesses,bnss,350,Expenses of complainants and witnesses,near-identical,0.897
crpc,313,Power to examine the accused,bnss,351,Power to examine accused,near-identical,0.9304
crpc,314,Oral arguments and memorandum of arguments,bnss,352,Oral arguments and memorandum of arguments,near-identical,0.9721
crpc,315,Accused person to be competent witness,bnss,353,Accused person to be competent witness,near-identical,1
crpc,316,No influence to be used to induce disclosure,bnss,354,No influence to be used to induce disclosure,near-identical,1
crpc,317,Provision for inquiries and trial being held in the absence ofaccused in certain cases,bnss,355,Provision for inquiries and trial being held in absence of accused in certain cases,near-identical,0.8538
crpc,318,Procedure where accused does not understand proceedings,bnss,357,Procedure where accused does not understand proceedings,near-identical,0.95
crpc,319,Power to proceed against other persons appearing to be guilty ofoffence,bnss,358,Power to proceed against other persons appearing to be guilty of offence,near-identical,0.8794
crpc,320,Compounding of offences,bnss,359,Compounding of offences,close,0.8496
crpc,321,Withdrawal from prosecution,bnss,360,Withdrawal from prosecution,near-identical,0.8957
crpc,322,Procedure in cases which Magistrate cannot dispose of,bnss,361,Procedure in cases which Magistrate cannot dispose of,near-identical,0.9718
crpc,323,"Procedure when, after Commencement of inquiry or trial, Magistratefinds case should be committed",bnss,362,"Procedure when after commencement of inquiry or trial, Magistrate finds case should be committed",close,0.7857
crpc,324,"Trial of persons previously convicted of offences against coinage,stamp-law or property",bnss,363,"Trial of persons previously convicted of offences against coinage, stamp-law or property",near-identical,0.95
crpc,325,Procedure when Magistrate cannot pass sentence sufficiently severe,bnss,364,Procedure when Magistrate cannot pass sentence sufficiently severe,near-identical,0.9835
crpc,326,Conviction or commitment on evidence partly recorded by oneMagistrate and partly by another,bnss,365,Conviction or commitment on evidence partly recorded by one Magistrate and partly by another,near-identical,0.9362
crpc,327,Court to be open,bnss,366,Court to be open,near-identical,0.95
crpc,328,Procedure in case of accused being lunatic,bnss,367,Procedure in case of accused being person of unsound mind,close,0.7779
crpc,329,Procedure in case of person of unsound mind tried before Court,bnss,368,Procedure in case of person of unsound mind tried before Court,near-identical,0.95
crpc,330,Release of lunatic pending investingaion or trial,bnss,369,Release of person of unsound mind pending investigation or trial,weak,0.5396
crpc,331,Resumption of inquiry or trial,bnss,370,Resumption of inquiry or trial,near-identical,0.9502
crpc,332,Procedure on accused appearing before Magistrate or Court,bnss,371,Procedure on accused appearing before Magistrate or Court,near-identical,0.9847
crpc,333,When accused appears to have been of sound mind,bnss,372,When accused appears to have been of sound mind,near-identical,1
crpc,334,Judgement of acquittal on ground of unsoundness of mind,bnss,373,Judgment of acquittal on ground of unsoundness of mind,near-identical,0.9536
crpc,335,Person acquitted on such ground to be detained in safe custody,bnss,374,Person acquitted on ground of unsoundness of mind to be detained in safe custody,near-identical,0.855
crpc,336,Power of State Government to empower officer in charge to discharge,bnss,375,Power of State Government to empower officer in charge to discharge,near-identical,1
crpc,337,Procedure where lunatic prisoner is reported capable of making hisdefence,bnss,376,Procedure where prisoner of unsound mind is reported capable of making his defence,close,0.6677
crpc,338,Procedure where lunatic detained is declared fit to be released,bnss,377,Procedure where person of unsound mind detained is declared fit to be released,close,0.7678
crpc,339,Delivery of lunatic to care of relative or friend,bnss,378,Delivery of person of unsound mind to care of relative or friend,near-identical,0.864
crpc,340,Procedure in cases mentioned in section 195,bnss,379,Procedure in cases mentioned in section 215,near-identical,0.9922
crpc,341,Appeal,bnss,380,Appeal,near-identical,1
crpc,342,Power to order costs,bnss,381,Power to order costs,near-identical,1
crpc,343,Procedure of Magistrate taking cognizance,bnss,382,Procedure of Magistrate taking cognizance,near-identical,0.9735
crpc,344,Summary procedure for trial for giving false evidence,bnss,383,Summary procedure for trial for giving false evidence,near-identical,0.9768
crpc,345,Procedure in certain cases of contempt,bnss,384,Procedure in certain cases of contempt,near-identical,0.9729
crpc,346,"Procedure where Court considers, that case should not be dealt withunder section 345",bnss,385,Procedure where Court considers that case should not be dealt with under section 384,near-identical,0.9556
crpc,347,When Registrar or Sub-Registrar to be deemed a Civil Court,bnss,386,When Registrar or Sub-Registrar to be deemed a Civil Court,near-identical,1
crpc,348,Discharge of offender on submission of apology,bnss,387,Discharge of offender on submission of apology,near-identical,1
crpc,349,Imprisonment or committal of person refusing to answer or producedocument,bnss,388,Imprisonment or committal of person refusing to answer or produce document,near-identical,0.8911
crpc,350,Summary procedure for punishment for non-attendance by a witness inobedience to summons,bnss,389,Summary procedure for punishment for non-attendance by a witness in obedience to summons,near-identical,0.9127
crpc,351,"Appeals from convictions under sections 344, 345, 349, and 350",bnss,390,"Appeals from convictions under sections 383, 384, 388 and 389",near-identical,0.9592
crpc,352,Certain Judges and Magistrates not to try certain offences whencommitted before themselves,bnss,391,Certain Judges and Magistrates not to try certain offences when committed before themselves,close,0.7572
crpc,353,Judgment,bnss,392,Judgment,near-identical,0.9218
crpc,354,Language and contents of judgment,bnss,393,Language and contents of judgment,near-identical,0.9923
crpc,355,Metropolitan Magistrate's judgment,bnss,286,Record in summary trials,weak,0.4578
crpc,356,Order for notifying address of previously convicted offender,bnss,394,Order for notifying address of previously convicted offender,near-identical,0.9629
crpc,357,Order to pay compensation,bnss,395,Order to pay compensation,near-identical,1
crpc,358,Compensation to persons groundlessly arrested,bnss,399,Compensation to persons groundlessly arrested,near-identical,0.9622
crpc,359,Order to pay costs in non-cognizable cases,bnss,400,Order to pay costs in non-cognizable cases,near-identical,0.9865
crpc,360,Order to release on probation of good conduct or after admonition,bnss,401,Order to release on probation of good conduct or after admonition,near-identical,0.9878
crpc,361,Special reasons to be recorded in certain cases,bnss,402,Special reasons to be recorded in certain cases,near-identical,0.95
crpc,362,Court not to after judgement,bnss,403,Court not to alter judgment,close,0.786
crpc,363,Copy of judgement to be given to the accused and other persons,bnss,404,Copy of judgment to be given to accused and other persons,near-identical,0.9398
crpc,364,Judgement when to be translated,bnss,405,Judgment when to be translated,near-identical,0.8809
crpc,365,Court of Session to send copy of finding and sentence to DistrictMagistrate,bnss,406,Court of Session to send copy of finding and sentence to District Magistrate,close,0.6818
crpc,366,Sentence of death to be submitted by Court of session forconfirmation,bnss,407,Sentence of death to be submitted by Court of Session for confirmation,near-identical,0.8731
crpc,367,Power to direct further inquiry to be made or additional evidence tobe taken,bnss,408,Power to direct further inquiry to be made or additional evidence to be taken,near-identical,0.958
crpc,368,Power of High Court to confirm sentence or annul conviction,bnss,409,Power of High Court to confirm sentence or annul conviction,near-identical,1
crpc,369,Confirmation or new sentence to be signed by two Judges,bnss,410,Confirmation or new sentence to be signed by two Judges,near-identical,1
crpc,370,Procedure in case of difference of opinion,bnss,411,Procedure in case of difference of opinion,near-identical,1
crpc,371,Procedure in cases submitted to High Court for confirmation,bnss,412,Procedure in cases submitted to High Court for confirmation,near-identical,0.95
crpc,372,"No appeal to lie, unless otherwise provided",bnss,413,No appeal to lie unless otherwise provided,near-identical,0.95
crpc,373,Appeal from orders requiring security or refusal to accept orrejecting surety for keeping peace or good behaviour,bnss,414,Appeal from orders requiring security or refusal to accept or rejecting surety for keeping peace or good behavior,near-identical,0.8966
crpc,374,Appeals from convictions,bnss,415,Appeals from convictions,near-identical,0.926
crpc,375,No Appeal in certain cases when accused pleads guilty,bnss,416,No appeal in certain cases when accused pleads guilty,near-identical,0.95
crpc,376,No appeal in petty cases,bnss,417,No appeal in petty cases,near-identical,0.9892
crpc,377,Appeal by the State Government against sentence,bnss,418,Appeal by State Government against sentence,near-identical,0.8735
crpc,378,Appeal in case of acquittal,bnss,419,Appeal in case of acquittal,near-identical,0.95
crpc,379,Appeal against conviction by High Court in certain cases,bnss,420,Appeal against conviction by High Court in certain cases,near-identical,1
crpc,380,Special right of appeal in certain cases,bnss,421,Special right of appeal in certain cases,near-identical,0.9853
crpc,381,Appeal to Court of Session how heard,bnss,422,Appeal to Court of Session how heard,near-identical,0.9694
crpc,382,Petition of appeal,bnss,423,Petition of appeal,near-identical,0.891
crpc,383,Procedure when appellant in jail,bnss,424,Procedure when appellant in jail,near-identical,1
crpc,384,Summary dismissal of appeal,bnss,425,Summary dismissal of appeal,near-identical,0.9791
crpc,385,Procedure for hearing appeals not dismissed summarily,bnss,426,Procedure for hearing appeals not dismissed summarily,near-identical,0.9897
crpc,386,Power of the Appellate Court,bnss,427,Powers of Appellate Court,near-identical,0.9301
crpc,387,Judgments of subordinate Appellate Court,bnss,428,Judgments of subordinate Appellate Court,near-identical,0.95
crpc,388,Order of High Court on appeal to be certificated to lower Court,bnss,429,Order of High Court on appeal to be certified to lower Court,near-identical,0.9317
crpc,389,Suspension of sentence pending the appeal; release of appellant onbail,bnss,430,Suspension of sentence pending appeal; release of appellant on bail,near-identical,0.8744
crpc,390,Arrest of accused in appeal from acquittal,bnss,431,Arrest of accused in appeal from acquittal,near-identical,1
crpc,391,Appellate Court may take further evidence or direct it to be taken,bnss,432,Appellate Court may take further evidence or direct it to be taken,near-identical,0.95
crpc,392,Procedure where Judges of Court of Appeal are equally divided,bnss,433,Procedure where Judges of Court of appeal are equally divided,near-identical,1
crpc,393,Finality of judgments and orders on appeal,bnss,434,Finality of judgments and orders on appeal,near-identical,0.95
crpc,394,Abatement of appeals,bnss,435,Abatement of appeals,near-identical,0.9587
crpc,395,Reference to High Court,bnss,436,Reference to High Court,near-identical,0.9903
crpc,396,Disposal of case according to decision of High Court,bnss,437,Disposal of case according to decision of High Court,near-identical,1
crpc,397,Calling for records to exercise powers of revision,bnss,438,Calling for records to exercise powers of revision,near-identical,0.9925
crpc,398,Power to order inquiry,bnss,439,Power to order inquiry,near-identical,0.9766
crpc,399,Sessions Judge's powers of revision,bnss,440,Sessions Judge's powers of revision,near-identical,1
crpc,400,Power of Additional Sessons Judge,bnss,441,Power of Additional Sessions Judge,near-identical,0.9143
crpc,401,High Court's Powers of revisions,bnss,442,High Court's powers of revision,near-identical,0.8669
crpc,402,Powers of High Court to withdraw or tranfer revision cases,bnss,443,Power of High Court to withdraw or transfer revision cases,near-identical,0.9156
crpc,403,Option of Court to hear parties,bnss,444,Option of Court to hear parties,near-identical,0.95
crpc,404,Statement by Metropolitan Magistrate of ground of his decision to beconsidered by High Court,bnss,,,none,0.2637
crpc,405,High Courts' order to be certified to lower Court,bnss,445,High Court's order to be certified to lower Court,near-identical,0.8758
crpc,406,Power of Supreme Court to transfer cases and appeals,bnss,446,Power of Supreme Court to transfer cases and appeals,near-identical,0.9867
crpc,407,Power of High Court to transfer cases and appeals,bnss,447,Power of High Court to transfer cases and appeals,near-identical,0.9867
crpc,408,Power of Sessions Judge to transfer cases and appeals,bnss,448,Power of Sessions Judge to transfer cases and appeals,near-identical,0.95
crpc,409,Withdrawal of cases and appeals by Sessions Judges,bnss,449,Withdrawal of cases and appeals by Sessions Judges,near-identical,0.9901
crpc,410,Withdrawal of cases by Judicial Magistrates,bnss,450,Withdrawal of cases by Judicial Magistrates,near-identical,0.9916
crpc,411,Making over or withdrawal of cases by Excutive Magistrates,bnss,451,Making over or withdrawal of cases by Executive Magistrates,near-identical,0.9226
crpc,412,Reasons to be recorded,bnss,452,Reasons to be recorded,near-identical,0.95
crpc,413,Execution of order passed under section 368,bnss,453,Execution of order passed under section 409,near-identical,1
crpc,414,Execution of sentence of death passed by High Court,bnss,454,Execution of sentence of death passed by High Court,near-identical,1
crpc,415,Postponement of execution sentence of death in case of appeal toSupreme Court,bnss,455,Postponement of execution of sentence of death in case of appeal to Supreme Court,near-identical,0.9241
crpc,416,Postponement of capital sentence pregnant woman,bnss,456,Commutation of sentence of death on pregnant woman,close,0.7899
crpc,417,Power to appoint place of imprisonment,bnss,457,Power to appoint place of imprisonment,near-identical,0.95
crpc,418,Execution of sentence of imprisonment,bnss,458,Execution of sentence of imprisonment,near-identical,1
crpc,419,Direction of warrant for execution,bnss,459,Direction of warrant for execution,near-identical,1
crpc,420,Warrant with whom to be lodged,bnss,460,Warrant with whom to be lodged,near-identical,0.95
crpc,421,Warrant for levy of fine,bnss,461,Warrant for levy of fine,near-identical,0.9995
crpc,422,Effect of such warrant,bnss,462,Effect of such warrant,near-identical,1
crpc,423,Warrant for levy of fine issued by a Court in any territory to whichthis Code does not extend,bnss,463,Warrant for levy of fine issued by a Court in any territory to which this Sanhita does not extend,near-identical,0.9182
crpc,424,Suspension of execution of sentence of imprisonment,bnss,464,Suspension of execution of sentence of imprisonment,near-identical,0.95
crpc,425,Who may issue warrant,bnss,465,Who may issue warrant,near-identical,1
crpc,426,Sentence on escaped convict when to take effect,bnss,466,Sentence on escaped convict when to take effect,near-identical,1
crpc,427,Sentence on offender already sentenced for another offence,bnss,467,Sentence on offender already sentenced for another offence,near-identical,0.9503
crpc,428,Period of detention undergone by the accused to be set off againstthe sentence or imprisonment,bnss,468,Period of detention undergone by accused to be set off against sentence of imprisonment,near-identical,0.9125
crpc,429,Saving,bnss,469,Saving,near-identical,1
crpc,430,Return of warrant on execution sentence,bnss,470,Return of warrant on execution of sentence,near-identical,1
crpc,431,Money ordered to be paid recoverable as a fine,bnss,471,Money ordered to be paid recoverable as a fine,near-identical,0.95
crpc,432,Power to suspend or remit sentences,bnss,473,Power to suspend or remit sentences,near-identical,0.9878
crpc,433,Power to commute sentence,bnss,474,Power to commute sentence,near-identical,0.95
crpc,433A,Restriction on powers of remission or Commutation in certain cases,bnss,475,Restriction on powers of remission or commutation in certain cases,near-identical,1
crpc,434,Concurrent power of Central Government in case of death sentences,bnss,476,Concurrent power of Central Government in case of death sentences,near-identical,1
crpc,435,State Government to act after consultation with Central Government incertain cases,bnss,477,State Government to act after concurrence with Central Government in certain cases,close,0.8052
crpc,436,In what cases bail to be taken,bnss,478,In what cases bail to be taken,near-identical,0.95
crpc,437,When bail may be taken in case of non-bailable offence,bnss,480,When bail may be taken in case of non-bailable offence,near-identical,0.95
crpc,438,Direction for grant of bail to person apprehending arrest,bnss,482,Direction for grant of bail to person apprehending arrest,near-identical,0.9639
crpc,439,Special powers of High Court or Court of Session regarding bail,bnss,483,Special powers of High Court or Court of Session regarding bail,near-identical,0.95
crpc,440,Amount of bond and reduction thereof,bnss,484,Amount of bond and reduction thereof,near-identical,1
crpc,441,Bond of accused and sureties,bnss,485,Bond of accused and sureties,near-identical,0.9845
crpc,442,Discharge from custody,bnss,487,Discharge from custody,near-identical,0.9893
crpc,443,Power to order sufficient bail when that first taken is insufficient,bnss,488,Power to order sufficient bail when that first taken is insufficient,near-identical,1
crpc,444,Discharge of sureties,bnss,489,Discharge of sureties,near-identical,1
crpc,445,Deposit instead of recognizance,bnss,490,Deposit instead of recognizance,near-identical,0.9719
crpc,446,Procedure when bond has been forfeited,bnss,491,Procedure when bond has been forfeited,near-identical,0.9657
crpc,446A,"section against his surety or sureties, and, ;if such certified copy is so used, the Court shall presume that such offence was committed by him unless the contrary is proved",bnss,492,Cancellation of bond and bail bond,close,0.7284
crpc,447,Procedure in case of insolvency or death of surety or when a bond isforfeited,bnss,493,Procedure in case of insolvency or death of surety or when a bond is forfeited,near-identical,0.8675
crpc,448,Bond required from minor,bnss,494,Bond required from child,close,0.7531
crpc,449,Appeal from orders under section 446,bnss,495,Appeal from orders under section 491,near-identical,1
crpc,450,Power to direct levy of amount due on certain recognizances,bnss,496,Power to direct levy of amount due on certain recognizances,near-identical,0.95
crpc,451,Order for custody and disposal of property pending trial in certaincases,bnss,497,Order for custody and disposal of property pending trial in certain cases,close,0.8317
crpc,452,Order for disposal of property at conclusion of trial,bnss,498,Order for disposal of property at conclusion of trial,near-identical,0.9733
crpc,453,Payment to innocent purchaser of money found on accused,bnss,499,Payment to innocent purchaser of money found on accused,near-identical,0.9797
crpc,454,Appeal against orders under section 452 or section 453,bnss,500,Appeal against orders under section 498 or section 499,near-identical,0.993
crpc,455,Destruction of libellous and other matter,bnss,501,Destruction of libellous and other matter,near-identical,0.9908
crpc,456,Power to restore possession of immovable property,bnss,502,Power to restore possession of immovable property,near-identical,0.95
crpc,457,Procedure by police upon seizure of property,bnss,503,Procedure by police upon seizure of property,near-identical,1
crpc,458,Procedure where no claimant appears within six months,bnss,504,Procedure where no claimant appears within six months,near-identical,0.9642
crpc,459,Power to sell perishable property,bnss,505,Power to sell perishable property,near-identical,0.95
crpc,460,Irregularities which do not vitiate proceedings,bnss,506,Irregularities which do not vitiate proceedings,near-identical,1
crpc,461,Irregularities which vitiate proceedings,bnss,507,Irregularities which vitiate proceedings,near-identical,0.9875
crpc,462,Proceedings in wrong place,bnss,508,Proceedings in wrong place,near-identical,1
crpc,463,Non-compliance with provisions of section 164 or section 281,bnss,509,Non-compliance with provisions of section 183 or section 316,near-identical,0.9592
crpc,464,"Effect of omission to frame, or absence of, or error in, charge",bnss,510,"Effect of omission to frame, or absence of, or error in, charge",near-identical,0.9788
crpc,465,"Finding or sentence when reversible by reason of error, omission orirregularity",bnss,511,"Finding or sentence when reversible by reason of error, omission or irregularity",near-identical,0.9369
crpc,466,Defect or error not to make attachment unlawful,bnss,512,Defect or error not to make attachment unlawful,near-identical,0.95
crpc,467,Definitions,bnss,513,Definitions,near-identical,1
crpc,468,Bar to taking cognizance after lapse of the period of limitation,bnss,514,Bar to taking cognizance after lapse of period of limitation,close,0.843
crpc,469,Commencement of the period of limitation,bnss,515,Commencement of period of limitation,near-identical,1
crpc,470,Exclusion of time in certain cases,bnss,516,Exclusion of time in certain cases,near-identical,0.9963
crpc,471,Exclusion of date on which Court is closed,bnss,517,Exclusion of date on which Court is closed,near-identical,1
crpc,472,Continuing offence,bnss,518,Continuing offence,near-identical,1
crpc,473,Extension of period of limitation in certain cases,bnss,519,Extension of period of limitation in certain cases,near-identical,0.95
crpc,474,Trials before High Courts,bnss,520,Trials before High Courts,near-identical,0.9631
crpc,475,Delivery to commanding officers of persons liable to be tried byCourt-martial,bnss,521,Delivery to commanding officers of persons liable to be tried by Court-martial,near-identical,0.9265
crpc,476,Forms,bnss,522,Forms,near-identical,1
crpc,477,Power of High Court to make rules,bnss,523,Power of High Court to make rules,near-identical,0.9882
crpc,478,Power to alter functions allocated to Executive Magistrates in certaincases,bnss,524,Power to alter functions allocated to Executive Magistrate in certain cases,close,0.8352
crpc,479,Case in which Judge or Magistrate is personally interested,bnss,525,Cases in which Judge or Magistrate is personally interested,near-identical,0.9001
crpc,480,Practising pleader not to sit as Magistrate in certain Courts,bnss,526,Practising advocate not to sit as Magistrate in certain Courts,close,0.6268
crpc,481,Public servant concerned in sale not to purchase or bid for property,bnss,527,Public servant concerned in sale not to purchase or bid for property,near-identical,1
crpc,482,Saving of inherent powers of High Court,bnss,528,Saving of inherent powers of High Court,near-identical,1
crpc,483,Duty of High Court to exercise continuous superintendence over Courtsof Judicial Magistrates,bnss,529,Duty of High Court to exercise continuous superintendence over Courts,close,0.8396
crpc,484,Repeal and savings,bnss,531,Repeal and savings,near-identical,0.8784
iea,1,Short title,bsa,1,"Short title, application and commencement",weak,0.5614
iea,2,Repeal of enactments,bsa,,,none,0.1895
iea,3,Interpretation-clause,bsa,2,Definitions,close,0.6372
iea,4,“May presume”,bsa,2,Definitions,close,0.6788
iea,5,Evidence may be given of facts in issue and relevant facts,bsa,3,Evidence may be given of facts in issue and relevant facts,near-identical,1
iea,6,Relevancy of facts forming part of same transaction,bsa,4,Relevancy of facts forming part of same transaction,near-identical,0.9713
iea,7,"Facts which are the occasion, cause or effect of facts in issue",bsa,5,"Facts which are occasion, cause or effect of facts in issue or relevant facts",near-identical,0.9927
iea,8,"Motive, preparation and previous or subsequent conduct",bsa,6,"Motive, preparation and previous or subsequent conduct",near-identical,0.975
iea,9,Facts necessary to explain or introduce relevant facts,bsa,7,Facts necessary to explain or introduce fact in issue or relevant facts,near-identical,0.96
iea,10,Things said or done by conspirator in reference to common design,bsa,8,Things said or done by conspirator in reference to common design,near-identical,0.9512
iea,11,When facts not otherwise relevant become relevant,bsa,9,When facts not otherwise relevant become relevant,near-identical,0.96
iea,12,"In suits for damages, facts tending to enable Court to determine amount are relevant",bsa,10,Facts tending to enable Court to determine amount are relevant in suits for damages,near-identical,1
iea,13,Facts relevant when right or custom is in question,bsa,11,Facts relevant when right or custom is in question,near-identical,0.9527
iea,14,"Facts showing existence of state of mind, or of body of bodily feeling",bsa,12,"Facts showing existence of state of mind, or of body or bodily feeling",near-identical,0.9784
iea,15,Facts bearing on question whether act was accidental or intentional,bsa,13,Facts bearing on question whether act was accidental or intentional,near-identical,0.959
iea,16,Existence of course of business when relevant,bsa,14,Existence of course of business when relevant,near-identical,0.95
iea,17,Admission defined,bsa,15,Admission defined,near-identical,1
iea,18,Admission,bsa,16,Admission by party to proceeding or his agent,close,0.8353
iea,19,Admissions by persons whose position must be proved as against party to suit,bsa,17,Admissions by persons whose position must be proved as against party to suit,near-identical,0.9864
iea,20,Admissions by persons expressly referred to by party to suit,bsa,18,Admissions by persons expressly referred to by party to suit,near-identical,1
iea,21,"Proof of admissions against persons making them, and by or on their behalf",bsa,19,"Proof of admissions against persons making them, and by or on their behalf",near-identical,0.9535
iea,22,When oral admissions as to contents of documents are relevant,bsa,20,When oral admissions as to contents of documents are relevant,near-identical,1
iea,22A,When oral admission as to contents of electronic records are relevant,bsa,20,When oral admissions as to contents of documents are relevant,weak,0.589
iea,23,Admissions in civil cases when relevant,bsa,21,Admissions in civil cases when relevant,near-identical,0.95
iea,24,"Confession caused by inducement, threat or promise, when irrelevant in criminal proceeding",bsa,22,"Confession caused by inducement, threat, coercion or promise, when irrelevant in criminal proceeding",near-identical,0.885
iea,25,Confession to police-officer not to be proved,bsa,23,Confession to police officer,near-identical,0.8849
iea,26,Confession by accused while in custody of police not to be proved against him,bsa,,,none,0.365
iea,27,How much of information received from accused may be proved,bsa,23,Confession to police officer,weak,0.6181
iea,28,"Confession made after removal of impression caused by inducement, threat or promise, relevant",bsa,22,"Confession caused by inducement, threat, coercion or promise, when irrelevant in criminal proceeding",close,0.7355
iea,29,"Confession otherwise relevant not to become irrelevant because of promise of secrecy, etc",bsa,22,"Confession caused by inducement, threat, coercion or promise, when irrelevant in criminal proceeding",close,0.7312
iea,30,Consideration of proved confession affecting person making it and others jointly under trial for same offence,bsa,24,Consideration of proved confession affecting person making it and others jointly under trial for same offence,near-identical,0.95
iea,31,"Admissions not conclusive proof, but may estop",bsa,25,"Admissions not conclusive proof, but may estop",near-identical,0.95
iea,32,"Cases in which statement of relevant fact by person who is dead or cannot be found, etc., is relevant",bsa,26,"Cases in which statement of relevant fact by person who is dead or cannot be found, etc., is relevant",near-identical,0.9672
iea,33,"Relevancy of certain evidence for proving, in subsequent proceeding, the truth of facts therein stated",bsa,27,"Relevancy of certain evidence for proving, in subsequent proceeding, truth of facts therein stated",near-identical,0.9761
iea,34,Entries in books of account when relevant,bsa,28,Entries in books of account when relevant,near-identical,0.9708
iea,35,Relevancy of entry in public record made in performance of duty,bsa,29,Relevancy of entry in public record or an electronic record made in performance of duty,near-identical,0.9506
iea,36,"Relevancy of statements in maps, charts and plans",bsa,30,"Relevancy of statements in maps, charts and plans",near-identical,1
iea,37,Relevancy of statement as to fact of public nature contained in certain Acts or notifications,bsa,31,Relevancy of statement as to fact of public nature contained in certain Acts or notifications,near-identical,0.95
iea,38,Relevancy of statements as to any law contained in law-books,bsa,32,Relevancy of statements as to any law contained in law books including electronic or digital form,close,0.8206
iea,39,"What evidence to be given when statement forms part of a conversation, document, electronic record, book or series of letters or papers",bsa,33,"What evidence to be given when statement forms part of a conversation, document, electronic record, book or series of letters or papers",near-identical,0.9693
iea,40,Previous judgments relevant to bar a second suit or trial,bsa,34,Previous judgments relevant to bar a second suit or trial,near-identical,1
iea,41,"Relevancy of certain judgments in probate, etc., jurisdiction",bsa,35,"Relevancy of certain judgments in probate, etc., jurisdiction",near-identical,0.9904
iea,42,"Relevancy and effect of judgments, orders or decrees, other than those mentioned in relate to matters of a public nature relevant to the enquiry; but such judgments, orders or decrees are not conclusive proof of that which they state",bsa,36,"Relevancy and effect of judgments, orders or decrees, other than those mentioned in section 35",close,0.8414
iea,43,"Judgments, etc., other than those mentioned in sections 40, 41 and 42, when relevant",bsa,37,"Judgments, etc., other than those mentioned in sections 34, 35 and 36 when relevant",near-identical,0.95
iea,44,"Fraud or collusion in obtaining judgment, or incompetency of Court, may be proved",bsa,38,"Fraud or collusion in obtaining judgment, or incompetency of Court, may be proved",near-identical,0.95
iea,45,Opinions of experts,bsa,39,Opinions of experts,near-identical,0.92
iea,45A,Opinion of Examiner of Electronic Evidence,bsa,39,Opinions of experts,close,0.7
iea,46,Facts bearing upon opinions of experts,bsa,40,Facts bearing upon opinions of experts,near-identical,1
iea,47,"Opinion as to hand-writing, when relevant",bsa,41,"Opinion as to handwriting and signature, when relevant",close,0.8038
iea,47A,"Opinion as to digital signature, when relevant",bsa,41,"Opinion as to handwriting and signature, when relevant",close,0.8343
iea,48,"Opinion as to existence of right or custom, when relevant",bsa,42,"Opinion as to existence of general custom or right, when relevant",near-identical,0.9657
iea,49,"Opinion as to usages, tenets, etc., when relevant",bsa,43,"Opinion as to usages, tenets, etc., when relevant",near-identical,0.95
iea,50,"Opinion on relationship, when relevant",bsa,44,"Opinion on relationship, when relevant",near-identical,0.9707
iea,51,"Grounds of opinion, when relevant",bsa,45,"Grounds of opinion, when relevant",near-identical,0.9644
iea,52,"In civil cases character to prove conduct imputed, irrelevant",bsa,46,"In civil cases character to prove conduct imputed, irrelevant",near-identical,1
iea,53,In criminal cases previous good character relevant,bsa,47,In criminal cases previous good character relevant,near-identical,1
iea,53A,Evidence of character or previous sexual experience not relevant in certain cases,bsa,48,Evidence of character or previous sexual experience not relevant in certain cases,near-identical,0.9636
iea,54,"Previous bad character not relevant, except in reply",bsa,49,"Previous bad character not relevant, except in reply",near-identical,0.9989
iea,55,Character as affecting damages,bsa,50,Character as affecting damages,near-identical,0.95
iea,56,Fact judicially noticeable need not be proved,bsa,51,Fact judicially noticeable need not be proved,near-identical,1
iea,57,Facts of which Court must take judicial notice,bsa,52,Facts of which Court shall take judicial notice,close,0.8046
iea,58,Facts admitted need not be proved,bsa,53,Facts admitted need not be proved,near-identical,0.95
iea,59,Proof of facts by oral evidence,bsa,54,Proof of facts by oral evidence,near-identical,0.95
iea,60,Oral evidence must be direct,bsa,55,Oral evidence to be direct,near-identical,0.9727
iea,61,Proof of contents of documents,bsa,56,Proof of contents of documents,near-identical,1
iea,62,Primary evidence,bsa,57,Primary evidence,near-identical,0.9
iea,63,Secondary evidence,bsa,58,Secondary evidence,near-identical,0.9329
iea,64,Proof of documents by primary evidence,bsa,59,Proof of documents by primary evidence,near-identical,1
iea,65,Cases in which secondary evidence relating to documents may be given,bsa,60,Cases in which secondary evidence relating to documents maybe given,near-identical,0.9272
iea,65A,Special provisions as to evidence relating to electronic record,bsa,62,Special provisions as to evidence relating to electronic record,near-identical,1
iea,65B,Admissibility of electronic records,bsa,63,Admissibility of electronic records,near-identical,0.95
iea,66,Rules as to notice to produce,bsa,64,Rules as to notice to produce,near-identical,0.9789
iea,67,Proof of signature and handwriting of person alleged to have signed or written document produced,bsa,65,Proof of signature and handwriting of person alleged to have signed or written document produced,near-identical,1
iea,67A,Proof as to [electronic signature,bsa,66,Proof as to electronic signature,near-identical,1
iea,68,Proof of execution of document required by law to be attested,bsa,67,Proof of execution of document required by law to be attested,near-identical,1
iea,69,Proof where no attesting witness found,bsa,68,Proof where no attesting witness found,near-identical,0.95
iea,70,Admission of execution by party to attested document,bsa,69,Admission of execution by party to attested document,near-identical,1
iea,71,Proof when attesting witness denies the execution,bsa,70,Proof when attesting witness denies execution,near-identical,1
iea,72,Proof of document not required by law to be attested,bsa,71,Proof of document not required by law to be attested,near-identical,1
iea,73,"Comparison of signature, writing or seal with others admitted or proved",bsa,72,"Comparison of signature, writing or seal with others admitted or proved",near-identical,1
iea,73A,Proof as to verification of digital signature,bsa,73,Proof as to verification of digital signature,near-identical,0.95
iea,74,Public documents,bsa,74,Public and private documents,close,0.8403
iea,75,Private documents,bsa,74,Public and private documents,near-identical,0.8635
iea,76,Certified copies of public documents,bsa,75,Certified copies of public documents,near-identical,0.95
iea,77,Proof of documents by production of certified copies,bsa,76,Proof of documents by production of certified copies,near-identical,1
iea,78,Proof of other official documents,bsa,77,Proof of other official documents,near-identical,0.95
iea,79,Presumption as to genuineness of certified copies,bsa,78,Presumption as to genuineness of certified copies,near-identical,0.95
iea,80,Presumption as to documents produced as record of evidence,bsa,79,"Presumption as to documents produced as record of evidence, etc",near-identical,0.9442
iea,81,"Presumption as to Gazettes, newspapers, private Acts of Parliament and other documents",bsa,80,"Presumption as to Gazettes, newspapers, and other documents",weak,0.5935
iea,81A,Presumption as to Gazettes in electronic forms,bsa,81,Presumption as to Gazettes in electronic or digital record,close,0.815
iea,82,Presumption as to document admissible in England without proof of seal or signature,bsa,,,none,0.2824
iea,83,Presumption as to maps or plans made by authority of Government,bsa,82,Presumption as to maps or plans made by authority of Government,near-identical,1
iea,84,Presumption as to collections of laws and reports of decisions,bsa,83,Presumption as to collections of laws and reports of decisions,near-identical,0.95
iea,85,Presumption as to powers-of-attorney,bsa,84,Presumption as to powers-of-attorney,near-identical,1
iea,85A,Presumption as to electronic agreements,bsa,85,Presumption as to electronic agreements,near-identical,0.95
iea,85B,Presumption as to electronic records and [electronic signatures,bsa,86,Presumption as to electronic records and electronic signatures,near-identical,0.9516
iea,85C,Presumption as to [Electronic Signature Certificates,bsa,87,Presumption as to Electronic Signature Certificates,near-identical,1
iea,86,Presumption as to certified copies of foreign judicial records,bsa,88,Presumption as to certified copies of foreign judicial records,near-identical,0.95
iea,87,"Presumption as to books, maps and charts",bsa,89,"Presumption as to books, maps and charts",near-identical,1
iea,88,Presumption as to telegraphic messages,bsa,90,Presumption as to electronic messages,close,0.6758
iea,88A,Presumption as to electronic messages,bsa,90,Presumption as to electronic messages,near-identical,0.95
iea,89,"Presumption as to due execution, etc., of documents not produced",bsa,91,"Presumption as to due execution, etc., of documents not produced",near-identical,1
iea,90,Presumption as to documents thirty years old,bsa,92,Presumption as to documents thirty years old,near-identical,0.95
iea,90A,Presumption as to electronic records five years old,bsa,93,Presumption as to electronic records five years old,near-identical,0.95
iea,91,"Evidence of terms of contracts, grants and other dispositions of property reduced to form of document",bsa,94,"Evidence of terms of contracts, grants and other dispositions of property reduced to form of document",near-identical,0.9893
iea,92,Exclusion of evidence of oral agreement,bsa,95,Exclusion of evidence of oral agreement,near-identical,0.9651
iea,93,Exclusion of evidence to explain or amend ambiguous document,bsa,96,Exclusion of evidence to explain or amend ambiguous document,near-identical,0.95
iea,94,Exclusion of evidence against application of document to existing facts,bsa,97,Exclusion of evidence against application of document to existing facts,near-identical,0.9626
iea,95,Evidence as to document unmeaning in reference to existing facts,bsa,98,Evidence as to document unmeaning in reference to existing facts,near-identical,0.95
iea,96,Evidence as to application of language which can apply to one only of several persons,bsa,99,Evidence as to application of language which can apply to one only of several persons,near-identical,0.95
iea,97,"Evidence as to application of language to one of two sets of facts, to neither of which the whole correctly applies",bsa,100,". Evidence as to application of language to one of two sets of facts, to neither of which the whole correctly applies",near-identical,1
iea,98,"Evidence as to meaning of illegible characters, etc",bsa,101,"Evidence as to meaning of illegible characters, etc",near-identical,0.9653
iea,99,Who may give evidence of agreement varying terms of document,bsa,102,Who may give evidence of agreement varying terms of document,near-identical,1
iea,100,Saving of provisions of Indian Succession Act relating to wills,bsa,103,Saving of provisions of Indian Succession Act relating to wills,near-identical,0.95
iea,101,Burden of proof,bsa,104,Burden of proof,near-identical,1
iea,102,On whom burden of proof lies,bsa,105,On whom burden of proof lies,near-identical,1
iea,103,Burden of proof as to particular fact,bsa,106,Burden of proof as to particular fact,near-identical,0.9897
iea,104,Burden of proving fact to be proved to make evidence admissible,bsa,107,Burden of proving fact to be proved to make evidence admissible,near-identical,1
iea,105,Burden of proving that case of accused comes within exceptions,bsa,108,Burden of proving that case of accused comes within exceptions,near-identical,0.95
iea,106,Burden of proving fact especially within knowledge,bsa,109,Burden of proving fact especially within knowledge,near-identical,1
iea,107,Burden of proving death of person known to have been alive within thirty years,bsa,110,Burden of proving death of person known to have been alive within thirty years,near-identical,1
iea,108,Burden of proving that person is alive who has not been heard of for seven years,bsa,111,Burden of proving that person is alive who has not been heard of for seven years,near-identical,0.9916
iea,109,"Burden of proof as to relationship in the cases of partners, landlord and tenant, principal and agent",bsa,112,"Burden of proof as to relationship in the cases of partners, landlord and tenant, principal and agent",near-identical,1
iea,110,Burden of proof as to ownership,bsa,113,Burden of proof as to ownership,near-identical,1
iea,111,Proof of good faith in transactions where one party is in relation of active confidence,bsa,114,Proof of good faith in transactions where one party is in relation of active confidence,near-identical,0.9687
iea,111A,Presumption as to certain offences,bsa,115,Presumption as to certain offences,near-identical,0.9989
iea,112,"Birth during marriage, conclusive proof of legitimacy",bsa,116,"Birth during marriage, conclusive proof of legitimacy",near-identical,0.9719
iea,113,Proof of cession of territory,bsa,,,none,0.1957
iea,113A,Presumption as to abetment of suicide by a married woman,bsa,117,Presumption as to abetment of suicide by a married woman,near-identical,0.9953
iea,113B,Presumption as to dowry death,bsa,118,Presumption as to dowry death,near-identical,0.9927
iea,114,Court may presume existence of certain facts,bsa,119,Court may presume existence of certain facts,near-identical,0.9906
iea,114A,Presumption as to absence of consent in certain prosecution for rape,bsa,120,Presumption as to absence of consent in certain prosecution for rape,near-identical,0.95
iea,115,Estoppel,bsa,121,Estoppel,near-identical,0.9951
iea,116,Estoppel of tenants and of licensee of person in possession,bsa,122,Estoppel of tenant and of licensee of person in possession,near-identical,0.9055
iea,117,"Estoppel of acceptor of bill of exchange, bailee or licensee",bsa,123,"Estoppel of acceptor of bill of exchange, bailee or licensee",near-identical,0.9907
iea,118,Who may testify,bsa,124,Who may testify,near-identical,0.9406
iea,119,Witness unable to communicate verbally,bsa,125,Witness unable to communicate verbally,near-identical,0.95
iea,120,"Parties to civil suit, and their wives or husbands. Husband or wife of person under criminal trial",bsa,126,Competency of husband and wife as witnesses in certain cases,close,0.8267
iea,121,Judges and Magistrates,bsa,127,Judges and Magistrates,near-identical,0.9973
iea,122,Communications during marriage,bsa,128,Communications during marriage,near-identical,1
iea,123,Evidence as to affairs of State,bsa,129,Evidence as to affairs of State,near-identical,1
iea,124,Official communications,bsa,130,Official communications,near-identical,1
iea,125,Information as to commission of offences,bsa,131,Information as to commission of offences,near-identical,0.95
iea,126,Professional communications,bsa,132,Professional communications,close,0.8337
iea,127,"Section 126 to apply to interpreters, etc",bsa,,,none,0.2941
iea,128,Privilege not waived by volunteering evidence,bsa,133,Privilege not waived by volunteering evidence,near-identical,0.95
iea,129,Confidential communications with legal advisers,bsa,134,Confidential communication with legal advisers,near-identical,0.9251
iea,130,Production of title-deeds of witness not a party,bsa,135,Production of title-deeds of witness not a party,near-identical,0.9538
iea,131,"Production of documents or electronic records which another person, having possession, could refuse to produce",bsa,136,"Production of documents or electronic records which another person, having possession, could refuse to produce",near-identical,1
iea,132,Witness not excused from answering on ground that answer will criminate,bsa,137,Witness not excused from answering on ground that answer will criminate,near-identical,0.9726
iea,133,Accomplice,bsa,138,Accomplice,close,0.8393
iea,134,Number of witnesses,bsa,139,Number of witnesses,near-identical,0.8923
iea,135,Order of production and examination of witnesses,bsa,140,Order of production and examination of witnesses,near-identical,1
iea,136,Judge to decide as to admissibility of evidence,bsa,141,Judge to decide as to admissibility of evidence,near-identical,1
iea,137,Examination-in-chief,bsa,142,Examination of witnesses,close,0.8496
iea,138,Order of examinations,bsa,143,Order of examinations,near-identical,0.9727
iea,139,Cross-examination of person called to produce a document,bsa,144,Cross examination of person called to produce a document,near-identical,1
iea,140,Witnesses to character,bsa,145,Witnesses to character,near-identical,1
iea,141,Leading questions,bsa,146,Leading questions,near-identical,0.9
iea,142,When they must not be asked,bsa,146,Leading questions,close,0.7
iea,143,When they may be asked,bsa,146,Leading questions,close,0.7
iea,144,Evidence as to matters in writing,bsa,147,Evidence as to matters in writing,near-identical,0.9852
iea,145,Cross-examination as to previous statements in writing,bsa,148,Cross examination as to previous statements in writing,near-identical,1
iea,146,Questions lawful in cross-examination,bsa,149,Questions lawful in cross examination,near-identical,0.9999
iea,147,When witness to be compelled to answer,bsa,150,When witness to be compelled to answer,near-identical,1
iea,148,Court to decide when question shall be asked and when witness compelled to answer,bsa,151,Court to decide when question shall be asked and when witness compelled to answer,near-identical,0.9961
iea,149,Question not to be asked without reasonable grounds,bsa,152,Question not to be asked without reasonable grounds,near-identical,0.95
iea,150,Procedure of Court in case of question being asked without reasonable grounds,bsa,153,Procedure of Court in case of question being asked without reasonable grounds,near-identical,0.95
iea,151,Indecent and scandalous questions,bsa,154,Indecent and scandalous questions,near-identical,1
iea,152,Questions intended to insult or annoy,bsa,155,Questions intended to insult or annoy,near-identical,1
iea,153,Exclusion of evidence to contradict answers to questions testing veracity,bsa,156,Exclusion of evidence to contradict answers to questions testing veracity,near-identical,0.95
iea,154,Question by party to his own witness,bsa,157,Question by party to his own witness,near-identical,0.9812
iea,155,Impeaching credit of witness,bsa,158,Impeaching credit of witness,near-identical,0.95
iea,156,"Questions tending to corroborate evidence of relevant fact, admissible",bsa,159,"Questions tending to corroborate evidence of relevant fact, admissible",near-identical,1
iea,157,Former statements of witness may be proved to corroborate later testimony as to same fact,bsa,160,Former statements of witness may be proved to corroborate later testimony as to same fact,near-identical,1
iea,158,What matters may be proved in connection with proved statement relevant under section 32 or 33,bsa,161,What matters may be proved in connection with proved statement relevant under section 26 or 27,near-identical,1
iea,159,Refreshing memory,bsa,162,Refreshing memory,near-identical,0.9839
iea,160,Testimony to facts stated in document mentioned in section 159,bsa,163,Testimony to facts stated in document mentioned in section 162,near-identical,1
iea,161,Right of adverse party as to writing used to refresh memory,bsa,164,Right of adverse party as to writing used to refresh memory,near-identical,1
iea,162,Production of documents,bsa,165,Production of documents,near-identical,0.9265
iea,163,"Giving, as evidence, of document called for and produced on notice",bsa,166,"Giving, as evidence, of document called for and produced on notice",near-identical,1
iea,164,"Using, as evidence, of document production of which was refused on notice",bsa,167,"Using, as evidence, of document production of which was refused on notice",near-identical,1
iea,165,Judge’s power to put questions or order production,bsa,168,Judge's power to put questions or order production,near-identical,0.95
iea,166,Power of jury or assessors to put questions,bsa,,,none,0.2953
iea,167,No new trial for improper admission or rejection of evidence,bsa,169,No new trial for improper admission or rejection of evidence,near-identical,0.95
income-tax-act,1,"Short title, extent and commencement",income-tax-act-2025,1,"Short title, extent and commencement",official,
income-tax-act,2,Definitions,income-tax-act-2025,2,Definitions,official,
income-tax-act,3,"""Previous year"" defined",income-tax-act-2025,3,"Definition of ""tax year""",official,
income-tax-act,4,Charge of income-tax,income-tax-act-2025,4,Charge of Income-tax,official,
income-tax-act,5,Scope of total income,income-tax-act-2025,5,Scope of total income,official,
income-tax-act,5A,Apportionment of income between spouses governed by Portuguese Civil Code,income-tax-act-2025,10,Apportionment of income between spouses governed by Portuguese Civil Code,official,
income-tax-act,6,Residence in India,income-tax-act-2025,6,Residence in India,official,
income-tax-act,7,Income deemed to be received,income-tax-act-2025,7,Income deemed to be received and dividend deemed to be income in a tax year,official,
income-tax-act,8,Dividend income,income-tax-act-2025,7,Income deemed to be received and dividend deemed to be income in a tax year,official,
income-tax-act,9,Income deemed to accrue or arise in India,income-tax-act-2025,9,Income deemed to accrue or arise in India,official,
income-tax-act,9A,Certain activities not to constitute business connection in India,income-tax-act-2025,9,Income deemed to accrue or arise in India,official,
income-tax-act,9B,Income on receipt of capital asset or stock in trade by specified person from specified entity,income-tax-act-2025,8,Income on receipt of capital asset or stock-in-trade by specified person from specified entity,official,
income-tax-act,10,Incomes not included in total income,income-tax-act-2025,11,Incomes not included in total income,official,
income-tax-act,10A,"Special provision in respect of newly established undertakings in free trade zone, etc",income-tax-act-2025,,,official-none,
income-tax-act,10AA,Special provisions in respect of newly established Units in Special Economic Zones,income-tax-act-2025,144,Special provisions in respect of newly established Units in Special Economic Zones,official,
income-tax-act,10B,Special provisions in respect of newly established hundred per cent export-oriented undertakings,income-tax-act-2025,,,official-none,
income-tax-act,10BA,Special provisions in respect of export of certain articles or things,income-tax-act-2025,,,official-none,
income-tax-act,10BB,Meaning of computer programmes in certain cases,income-tax-act-2025,,,official-none,
income-tax-act,10C,Special provision in respect of certain industrial undertakings in North- Eastern Region,income-tax-act-2025,,,official-none,
income-tax-act,11,Income from property held for charitable or religious purposes,income-tax-act-2025,332,Application for registration,official,
income-tax-act,12,Income of trusts or institutions from contributions,income-tax-act-2025,335,Regular income,official,
income-tax-act,12A,Conditions for applicability of sections 11 and 12,income-tax-act-2025,332,Application for registration,official,
income-tax-act,12AA,Procedure for registration,income-tax-act-2025,,,official-none,
income-tax-act,12AB,Procedure for fresh registration,income-tax-act-2025,332,Application for registration,official,
income-tax-act,12AC,Merger of charitable trusts or institutions in certain cases,income-tax-act-2025,352,Tax on accreted income,official,
income-tax-act,13,Section 11 not to apply in certain cases,income-tax-act-2025,337,Specified income,official,
income-tax-act,13A,Special provision relating to incomes of political parties,income-tax-act-2025,12,Incomes not included in total income of political parties and electoral trusts,official,
income-tax-act,13B,Special provisions relating to voluntary contributions received by electoral trust,income-tax-act-2025,12,Incomes not included in total income of political parties and electoral trusts,official,
income-tax-act,14,Heads of income,income-tax-act-2025,13,Heads of income,official,
income-tax-act,14A,Expenditure incurred in relation to income not includible in total income,income-tax-act-2025,14,Income not forming part of total income and expenditure in relation to such income,official,
income-tax-act,15,Salaries,income-tax-act-2025,15,Salaries,official,
income-tax-act,16,Deductions from salaries,income-tax-act-2025,19,Deductions from salaries,official,
income-tax-act,17,"""Salary"", ""perquisite"" and ""profits in lieu of salary"" defined",income-tax-act-2025,16,Income from salary,official,
income-tax-act,22,Income from house property,income-tax-act-2025,20,Income from house property,official,
income-tax-act,23,Annual value how determined,income-tax-act-2025,21,Determination of annual value,official,
income-tax-act,24,Deductions from income from house property,income-tax-act-2025,22,Deductions from income from house property,official,
income-tax-act,25,Amounts not deductible from income from house property,income-tax-act-2025,22,Deductions from income from house property,official,
income-tax-act,25A,Special provision for arrears of rent and unrealised rent received subsequently,income-tax-act-2025,23,Arrears of rent and unrealised rent received subsequently,official,
income-tax-act,26,Property owned by co-owners,income-tax-act-2025,24,Property owned by co-owners,official,
income-tax-act,27,"""Owner of house property"", ""annual charge"", etc., defined",income-tax-act-2025,21,Determination of annual value,official,
income-tax-act,28,Profits and gains of business or profession,income-tax-act-2025,26,"Income under head ""Profits and gains of business or profession""",official,
income-tax-act,29,"Income from profits and gains of business or profession, how computed",income-tax-act-2025,27,Manner of computing profits and gains of business or profession,official,
income-tax-act,30,"Rent, rates, taxes, repairs and insurance for buildings",income-tax-act-2025,28,"Rent, rates, taxes, repairs and insurance",official,
income-tax-act,31,"Repairs and insurance of machinery, plant and furniture",income-tax-act-2025,28,"Rent, rates, taxes, repairs and insurance",official,
income-tax-act,32,Depreciation,income-tax-act-2025,33,Deduction for depreciation,official,
income-tax-act,32A,Investment allowance,income-tax-act-2025,,,official-none,
income-tax-act,32AB,Investment deposit account,income-tax-act-2025,,,official-none,
income-tax-act,32AC,Investment in new plant or machinery,income-tax-act-2025,,,official-none,
income-tax-act,32AD,Investment in new plant or machinery in notified backward areas in certain States,income-tax-act-2025,,,official-none,
income-tax-act,33,Development rebate,income-tax-act-2025,,,official-none,
income-tax-act,33A,Development allowance,income-tax-act-2025,,,official-none,
income-tax-act,33AB,"Tea development account ,coffee development account and rubber development account",income-tax-act-2025,48,"Tea development account, coffee development account and rubber development account",official,
income-tax-act,33ABA,Site Restoration Fund,income-tax-act-2025,49,Site Restoration Fund,official,
income-tax-act,33AC,Reserves for shipping business,income-tax-act-2025,,,official-none,
income-tax-act,33B,Rehabilitation allowance,income-tax-act-2025,,,official-none,
income-tax-act,34,Conditions for depreciation allowance and development rebate,income-tax-act-2025,,,official-none,
income-tax-act,34A,Restriction on unabsorbed depreciation and unabsorbed investment allowance for limited period in case of certain domestic companies,income-tax-act-2025,,,official-none,
income-tax-act,35,Expenditure on scientific research,income-tax-act-2025,45,Expenditure on scientific research,official,
income-tax-act,35A,Expenditure on acquisition of patent rights or copyrights,income-tax-act-2025,,,official-none,
income-tax-act,35AB,Expenditure on know-how,income-tax-act-2025,,,official-none,
income-tax-act,35ABA,Expenditure for obtaining right to use spectrum for telecommunication services,income-tax-act-2025,52,"Amortisation of expenditure for telecommunications services, amalgamation, demerger, scheme of voluntary retirement, etc",official,
income-tax-act,35ABB,Expenditure for obtaining licence to operate telecommunication services,income-tax-act-2025,52,"Amortisation of expenditure for telecommunications services, amalgamation, demerger, scheme of voluntary retirement, etc",official,
income-tax-act,35AC,Expenditure on eligible projects or schemes,income-tax-act-2025,,,official-none,
income-tax-act,35AD,Deduction in respect of expenditure on specified business,income-tax-act-2025,46,Capital expenditure of specified business,official,
income-tax-act,35CCA,Expenditure by way of payment to associations and institutions for carrying out rural development programmes,income-tax-act-2025,,,official-none,
income-tax-act,35CCB,Expenditure by way of payment to associations and institutions for carrying out programmes of conservation of natural resources,income-tax-act-2025,,,official-none,
income-tax-act,35CCC,Expenditure on agricultural extension project,income-tax-act-2025,47,Expenditure on agricultural extension project and skill development project,official,
income-tax-act,35CCD,Expenditure on skill development project,income-tax-act-2025,47,Expenditure on agricultural extension project and skill development project,official,
income-tax-act,35D,Amortisation of certain preliminary expenses,income-tax-act-2025,44,Amortisation of certain preliminary expenses,official,
income-tax-act,35DD,Amortisation of expenditure in case of amalgamation or demerger,income-tax-act-2025,52,"Amortisation of expenditure for telecommunications services, amalgamation, demerger, scheme of voluntary retirement, etc",official,
income-tax-act,35DDA,Amortisation of expenditure incurred under voluntary retirement scheme,income-tax-act-2025,52,"Amortisation of expenditure for telecommunications services, amalgamation, demerger, scheme of voluntary retirement, etc",official,
income-tax-act,35E,"Deduction for expenditure on prospecting, etc., for certain minerals",income-tax-act-2025,51,Amortisation of expenditure for prospecting certain minerals,official,
income-tax-act,36,Other deductions,income-tax-act-2025,29,Deductions related to employee welfare,official,
income-tax-act,37,General,income-tax-act-2025,34,General conditions for allowable deductions,official,
income-tax-act,38,"Building, etc., partly used for business, etc., or not exclusively so used",income-tax-act-2025,28,"Rent, rates, taxes, repairs and insurance",official,
income-tax-act,40,Amounts not deductible,income-tax-act-2025,35,Amounts not deductible in certain circumstances,official,
income-tax-act,40A,Expenses or payments not deductible in certain circumstances,income-tax-act-2025,29,Deductions related to employee welfare,official,
income-tax-act,41,Profits chargeable to tax,income-tax-act-2025,38,Certain sums deemed as profits and gains of business or profession,official,
income-tax-act,42,"Special provision for deductions in the case of business for prospecting, etc., for mineral oil",income-tax-act-2025,54,Business of prospecting for mineral oils,official,
income-tax-act,43,Definitions of certain terms relevant to income from profits and gains of business or profession,income-tax-act-2025,39,Computation of actual cost,official,
income-tax-act,43A,Special provisions consequential to changes in rate of exchange of currency,income-tax-act-2025,42,Capitalising impact of foreign exchange fluctuation,official,
income-tax-act,43AA,Taxation of foreign exchange fluctuation,income-tax-act-2025,43,Taxation of foreign exchange fluctuation,official,
income-tax-act,43B,Certain deductions to be only on actual payment,income-tax-act-2025,37,Certain deductions allowed on actual payment basis only,official,
income-tax-act,43C,Special provision for computation of cost of acquisition of certain assets,income-tax-act-2025,40,Special provision for computation of cost of acquisition of certain assets,official,
income-tax-act,43CA,Special provision for full value of consideration for transfer of assets other than capital assets in certain cases,income-tax-act-2025,53,Full value of consideration for transfer of assets other than capital assets in certain cases,official,
income-tax-act,43CB,Computation of income from construction and service contracts,income-tax-act-2025,57,Revenue recognition for construction and service contracts,official,
income-tax-act,43D,***] etc,income-tax-act-2025,56,Special provision in case of interest income of specified financial institutions,official,
income-tax-act,44,Insurance business,income-tax-act-2025,55,Insurance business,official,
income-tax-act,44A,"Special provision for deduction in the case of trade, professional or similar association",income-tax-act-2025,50,"Special provision in case of trade, profession or similar association",official,
income-tax-act,44AA,Maintenance of accounts by certain persons carrying on profession or business,income-tax-act-2025,58,Special provision for computing profits and gains of business or profession on presumptive basis in case of certain residents,official,
income-tax-act,44AB,Audit of accounts of certain persons carrying on business or profession,income-tax-act-2025,58,Special provision for computing profits and gains of business or profession on presumptive basis in case of certain residents,official,
income-tax-act,44AD,Special provision for computing profits and gains of business on presumptive basis,income-tax-act-2025,58,Special provision for computing profits and gains of business or profession on presumptive basis in case of certain residents,official,
income-tax-act,44ADA,Special provision for computing profits and gains of profession on presumptive basis,income-tax-act-2025,58,Special provision for computing profits and gains of business or profession on presumptive basis in case of certain residents,official,
income-tax-act,44AE,"Special provision for computing profits and gains of business of plying, hiring or leasing goods carriages",income-tax-act-2025,58,Special provision for computing profits and gains of business or profession on presumptive basis in case of certain residents,official,
income-tax-act,44AF,Special provisions for computing profits and gains of retail business,income-tax-act-2025,,,official-none,
income-tax-act,44B,Special provision for computing profits and gains of shipping business other than cruise shipping in case of non-residents,income-tax-act-2025,61,Special provision for computation of income on presumptive basis in respect of certain business activities of certain non-residents,official,
income-tax-act,44BB,"Special provision for computing profits and gains in connection with the business of exploration, etc., of mineral oils",income-tax-act-2025,61,Special provision for computation of income on presumptive basis in respect of certain business activities of certain non-residents,official,
income-tax-act,44BBA,Special provision for computing profits and gains of the business of operation of aircraft in the case of non-residents,income-tax-act-2025,61,Special provision for computation of income on presumptive basis in respect of certain business activities of certain non-residents,official,
income-tax-act,44BBB,"Special provision for computing profits and gains of foreign companies engaged in the business of civil construction, etc., in certain turnkey power projects",income-tax-act-2025,61,Special provision for computation of income on presumptive basis in respect of certain business activities of certain non-residents,official,
income-tax-act,44BBC,Special provision for computing profits and gains of business of operation of cruise ships in case of non-residents,income-tax-act-2025,61,Special provision for computation of income on presumptive basis in respect of certain business activities of certain non-residents,official,
income-tax-act,44BBD,"Special provision for computing profits and gains of non-residents engaged in business of providing services or technology for setting up an electronics manufacturing facility or in connection with manufacturing or producing electronic goods, article or thing in India",income-tax-act-2025,61,Special provision for computation of income on presumptive basis in respect of certain business activities of certain non-residents,official,
income-tax-act,44C,Deduction of head office expenditure in the case of non-residents,income-tax-act-2025,60,Deduction of head office expenditure in case of non-residents,official,
income-tax-act,44D,"Special provisions for computing income by way of royalties, etc., in the case of foreign companies",income-tax-act-2025,,,official-none,
income-tax-act,44DA,"Special provision for computing income by way of royal ties, etc., in case of non-residents",income-tax-act-2025,59,Computation of royalty and fee for technical services in hands of non- residents,official,
income-tax-act,44DB,Special provision for computing deductions in the case of business reorganization of co-operative banks,income-tax-act-2025,64,Special provision for computing deductions in case of business reorganisation of co-operative banks,official,
income-tax-act,45,Capital gains,income-tax-act-2025,67,Capital gains,official,
income-tax-act,46,Capital gains on distribution of assets by companies in liquidation,income-tax-act-2025,68,Capital gains on distribution of assets by companies in liquidation,official,
income-tax-act,46A,Capital gains on purchase by company of its own shares or other specified securities,income-tax-act-2025,69,Capital gains on purchase by company of its own shares or other specified securities,official,
income-tax-act,47,Transactions not regarded as transfer,income-tax-act-2025,70,Transactions not regarded as transfer,official,
income-tax-act,47A,Withdrawal of exemption in certain cases,income-tax-act-2025,71,Withdrawal of exemption in certain cases,official,
income-tax-act,48,Mode of computation,income-tax-act-2025,72,Mode of computation of capital gains,official,
income-tax-act,49,Cost with reference to certain modes of acquisition,income-tax-act-2025,73,Cost with reference to certain modes of acquisition,official,
income-tax-act,50,Special provision for computation of capital gains in case of depreciable assets,income-tax-act-2025,74,Special provision for computation of capital gains in case of depreciable assets,official,
income-tax-act,50A,Special provision for cost of acquisition in case of depreciable asset,income-tax-act-2025,75,Special provision for cost of acquisition in case of depreciable asset,official,
income-tax-act,50B,Special provision for computation of capital gains in case of slump sale,income-tax-act-2025,77,Special provision for computation of capital gains in case of slump sale,official,
income-tax-act,50C,Special provision for full value of consideration in certain cases,income-tax-act-2025,78,Special provision for full value of consideration in certain cases,official,
income-tax-act,50CA,Special provision for full value of consideration for transfer of share other than quoted share,income-tax-act-2025,79,Special provision for full value of consideration for transfer of share other than quoted share,official,
income-tax-act,50D,Fair market value deemed to be full value of consideration in certain cases,income-tax-act-2025,80,Fair market value deemed to be full value of consideration in certain cases,official,
income-tax-act,51,Advance money received,income-tax-act-2025,81,Advance money received,official,
income-tax-act,54,Profit on sale of property used for residence,income-tax-act-2025,82,Profit on sale of property used for residence,official,
income-tax-act,54B,Capital gain on transfer of land used for agricultural purposes not to be charged in certain cases,income-tax-act-2025,83,Capital gains on transfer of land used for agricultural purposes not to be charged in certain cases,official,
income-tax-act,54D,Capital gain on compulsory acquisition of lands and buildings not to be charged in certain cases,income-tax-act-2025,84,Capital gains on compulsory acquisition of lands and buildings not to be charged in certain cases,official,
income-tax-act,54E,Capital gain on transfer of capital assets not to be charged in certain cases,income-tax-act-2025,,,official-none,
income-tax-act,54EA,Capital gain on transfer of long-term capital assets not to be charged in the case of investment in specified securities,income-tax-act-2025,,,official-none,
income-tax-act,54EB,Capital gain on transfer of long-term capital assets not to be charged in certain cases,income-tax-act-2025,,,official-none,
income-tax-act,54EC,Capital gain not to be charged on investment in certain bonds,income-tax-act-2025,85,Capital gains not to be charged on investment in certain bonds,official,
income-tax-act,54ED,Capital gain on transfer of certain listed securities or unit not to be charged in certain cases,income-tax-act-2025,,,official-none,
income-tax-act,54EE,Capital gain not to be charged on investment in units of a specified fund,income-tax-act-2025,,,official-none,
income-tax-act,54F,Capital gain on transfer of certain capital assets not to be charged in case of investment in residential house,income-tax-act-2025,86,Capital gains on transfer of certain capital assets not to be charged in case of investment in residential house,official,
income-tax-act,54G,Exemption of capital gains on transfer of assets in cases of shifting of industrial undertaking from urban area,income-tax-act-2025,87,Exemption of capital gains on transfer of assets in cases of shifting of industrial undertaking from urban area,official,
income-tax-act,54GA,Exemption of capital gains on transfer of assets in cases of shifting of industrial undertaking from urban area to any Special Economic Zone,income-tax-act-2025,88,Exemption of capital gains on transfer of assets in cases of shifting of industrial undertaking from urban area to any Special Economic Zone,official,
income-tax-act,54GB,Capital gain on transfer of residential property not to be charged in certain cases,income-tax-act-2025,,,official-none,
income-tax-act,54H,Extension of time for acquiring new asset or depositing or investing amount of capital gain,income-tax-act-2025,89,Extension of time for acquiring new asset or depositing or investing amount of capital gains,official,
income-tax-act,55,"Meaning of ""adjusted"", ""cost of improvement"" and ""cost of acquisition""",income-tax-act-2025,90,"Meaning of ""adjusted"", ""cost of improvement"" and ""cost of acquisition""",official,
income-tax-act,55A,Reference to Valuation Officer,income-tax-act-2025,91,Reference to Valuation Officer,official,
income-tax-act,56,Income from other sources,income-tax-act-2025,92,Income from other sources,official,
income-tax-act,57,Deductions,income-tax-act-2025,93,Deductions,official,
income-tax-act,58,Amounts not deductible,income-tax-act-2025,94,,official,
income-tax-act,59,Profits chargeable to tax,income-tax-act-2025,95,,official,
income-tax-act,60,Transfer of income where there is no transfer of assets,income-tax-act-2025,96,Transfer of income without transfer of assets,official,
income-tax-act,61,Revocable transfer of assets,income-tax-act-2025,97,Chargeability of income in transfer of assets,official,
income-tax-act,62,Transfer irrevocable for a specified period,income-tax-act-2025,97,Chargeability of income in transfer of assets,official,
income-tax-act,63,"""Transfer"" and ""revocable transfer"" defined",income-tax-act-2025,98,"""Transfer"" and ""revocable transfer"" defined",official,
income-tax-act,64,"Income of individual to include income of spouse, minor child, etc",income-tax-act-2025,99,"Income of individual to include income of spouse, minor child, etc",official,
income-tax-act,65,Liability of person in respect of income included in the income of another person,income-tax-act-2025,100,Liability of person in respect of income included in income of another person,official,
income-tax-act,66,Total income,income-tax-act-2025,101,Total income,official,
income-tax-act,67A,Method of computing a member's share in income of association of persons or body of individuals,income-tax-act-2025,309,Method of computing a member's share in income of association of persons or body of individuals,official,
income-tax-act,68,Cash credits,income-tax-act-2025,102,Unexplained credits,official,
income-tax-act,69,Unexplained investments,income-tax-act-2025,103,Unexplained investment,official,
income-tax-act,69A,"Unexplained money, etc",income-tax-act-2025,104,Unexplained asset,official,
income-tax-act,69B,"Amount of investments, etc., not fully disclosed in books of account",income-tax-act-2025,103,Unexplained investment,official,
income-tax-act,69C,"Unexplained expenditure, etc",income-tax-act-2025,105,Unexplained expenditure,official,
income-tax-act,69D,Amount borrowed or repaid on hundi,income-tax-act-2025,106,"Amount borrowed or repaid through negotiable instrument, hundi, etc",official,
income-tax-act,70,Set off of loss from one source against income from another source under the same head of income,income-tax-act-2025,108,Set off of losses under same head of income,official,
income-tax-act,71,Set off of loss from one head against income from another,income-tax-act-2025,109,Set off of losses under any other head of income,official,
income-tax-act,71A,"Transitional provisions for set off of loss under the head ""Income from house property""",income-tax-act-2025,,,official-none,
income-tax-act,71B,Carry forward and set off of loss from house property,income-tax-act-2025,110,Carry forward and set off of loss from house property,official,
income-tax-act,72,Carry forward and set off of business losses,income-tax-act-2025,112,Carry forward and set off of business loss,official,
income-tax-act,72A,"Provisions relating to carry forward and set off of accumulated loss and unabsorbed depreciation allowance in amalgamation or demerger, etc",income-tax-act-2025,116,"Treatment of accumulated losses and unabsorbed depreciation in amalgamation or demerger, etc",official,
income-tax-act,72AA,Carry forward and set off of accumulated loss and unabsorbed depreciation allowance in scheme of amalgamation in certain cases,income-tax-act-2025,117,Treatment of accumulated losses and unabsorbed depreciation in scheme of amalgamation in certain cases,official,
income-tax-act,72AB,Provisions relating to carry forward and set-off of accumulated loss and unabsorbed depreciation allowance in business reorganisation of co- operative banks,income-tax-act-2025,118,Carry forward and set off of losses and unabsorbed depreciation in business reorganization of co-operative banks,official,
income-tax-act,73,Losses in speculation business,income-tax-act-2025,113,Set off and carry forward of losses computed in respect of speculation business,official,
income-tax-act,73A,Carry forward and set off of losses by specified business,income-tax-act-2025,114,Set off and carry forward of losses computed in respect of specified business,official,
income-tax-act,74,"Losses under the head ""Capital gains""",income-tax-act-2025,111,Carry forward and set off of loss from Capital gains,official,
income-tax-act,74A,"Losses from certain specified sources falling under the head ""Income from other sources""",income-tax-act-2025,115,Set off and carry forward of losses from specified activity,official,
income-tax-act,75,Losses of firms,income-tax-act-2025,,,official-none,
income-tax-act,78,Carry forward and set off of losses in case of change in constitution of firm or on succession,income-tax-act-2025,119,Carry forward and set off of losses not permissible in certain cases,official,
income-tax-act,79,Carry forward and set off of losses in case of certain companies,income-tax-act-2025,119,Carry forward and set off of losses not permissible in certain cases,official,
income-tax-act,79A,"No set off of losses consequent to search, requisition and survey",income-tax-act-2025,120,"No set off of losses against undisclosed income consequent to search, requisition and survey",official,
income-tax-act,80,Submission of return for losses,income-tax-act-2025,121,Submission of return for losses,official,
income-tax-act,80A,Deductions to be made in computing total income,income-tax-act-2025,122,Deductions to be made in computing total income,official,
income-tax-act,80AB,Deductions to be made with reference to the income included in the gross total income,income-tax-act-2025,122,Deductions to be made in computing total income,official,
income-tax-act,80AC,Deduction not to be allowed unless return furnished,income-tax-act-2025,122,Deductions to be made in computing total income,official,
income-tax-act,80B,Definitions,income-tax-act-2025,122,Deductions to be made in computing total income,official,
income-tax-act,80C,"Deduction in respect of life insurance premia, deferred annuity, contributions to provident fund, subscription to certain equity shares or debentures, etc",income-tax-act-2025,123,"Deduction for life insurance premia, deferred annuity, contributions to provident fund, etc",official,
income-tax-act,80CCA,Deduction in respect of deposits under National Savings Scheme or payment to a deferred annuity plan,income-tax-act-2025,,,official-none,
income-tax-act,80CCB,Deduction in respect of investment made under Equity Linked Savings Scheme,income-tax-act-2025,,,official-none,
income-tax-act,80CCC,Deduction in respect of contribution to certain pension funds,income-tax-act-2025,123,"Deduction for life insurance premia, deferred annuity, contributions to provident fund, etc",official,
income-tax-act,80CCD,Deduction in respect of contribution to pension scheme of Central Government,income-tax-act-2025,124,Deduction in respect of employer and assessee contribution to pension scheme of Central Government,official,
income-tax-act,80CCE,"Limit on deductions under sections 80C, 80CCC and 80CCD",income-tax-act-2025,123,"Deduction for life insurance premia, deferred annuity, contributions to provident fund, etc",official,
income-tax-act,80CCF,Deduction in respect of subscription to long-term infrastructure bonds,income-tax-act-2025,,,official-none,
income-tax-act,80CCG,Deduction in respect of investment made under an equity savings scheme,income-tax-act-2025,,,official-none,
income-tax-act,80CCH,Deduction in respect of contribution to Agnipath Scheme,income-tax-act-2025,125,Deduction in respect of contribution to Agnipath Scheme,official,
income-tax-act,80D,Deduction in respect of health insurance premia,income-tax-act-2025,126,Deduction in respect of health insurance premia,official,
income-tax-act,80DD,Deduction in respect of maintenance including medical treatment of a dependant who is a person with disability,income-tax-act-2025,127,Deduction in respect of maintenance including medical treatment of a dependant who is a person with disability,official,
income-tax-act,80DDB,"Deduction in respect of medical treatment, etc",income-tax-act-2025,128,"Deduction in respect of medical treatment, etc",official,
income-tax-act,80E,Deduction in respect of interest on loan taken for higher education,income-tax-act-2025,129,Deduction in respect of interest on loan taken for higher education,official,
income-tax-act,80EE,Deduction in respect of interest on loan taken for residential house property,income-tax-act-2025,130,Deduction in respect of interest on loan taken for residential house property,official,
income-tax-act,80EEA,Deduction in respect of interest on loan taken for certain house property,income-tax-act-2025,131,Deduction in respect of interest on loan taken for certain house property,official,
income-tax-act,80EEB,Deduction in respect of purchase of electric vehicle,income-tax-act-2025,132,Deduction in respect of purchase of electric vehicle,official,
income-tax-act,80G,"Deduction in respect of donations to certain funds, charitable institutions, etc",income-tax-act-2025,133,"Deduction in respect of donations to certain funds, charitable institutions, etc",official,
income-tax-act,80GG,Deductions in respect of rents paid,income-tax-act-2025,134,Deductions in respect of rents paid,official,
income-tax-act,80GGA,Deduction in respect of certain donations for scientific research or rural development,income-tax-act-2025,135,Deduction in respect of certain donations for scientific research or rural development,official,
income-tax-act,80GGB,Deduction in respect of contributions given by companies to political parties,income-tax-act-2025,136,Deduction in respect of contributions given by companies to political parties,official,
income-tax-act,80GGC,Deduction in respect of contributions given by any person to political parties,income-tax-act-2025,137,Deduction in respect of contributions given by any person to political parties,official,
income-tax-act,80HH,Deduction in respect of profits and gains from newly established industrial undertakings or hotel business in backward areas,income-tax-act-2025,,,official-none,
income-tax-act,80HHA,Deduction in respect of profits and gains from newly established small-scale industrial undertakings in certain areas,income-tax-act-2025,,,official-none,
income-tax-act,80HHB,Deduction in respect of profits and gains from projects outside India,income-tax-act-2025,,,official-none,
income-tax-act,80HHC,Deduction in respect of profits retained for export business,income-tax-act-2025,,,official-none,
income-tax-act,80HHD,Deduction in respect of earnings in convertible foreign exchange,income-tax-act-2025,,,official-none,
income-tax-act,80HHE,"Deduction in respect of profits from export of computer software, etc",income-tax-act-2025,,,official-none,
income-tax-act,80HHF,"Deduction in respect of profits and gains from export or transfer of film software, etc",income-tax-act-2025,,,official-none,
income-tax-act,80JJA,Deduction in respect of profits and gains from business of collecting and processing of bio-degradable waste,income-tax-act-2025,145,Deduction for businesses engaged in collecting and processing of bio-degradable waste,official,
income-tax-act,80LA,Deductions in respect of certain incomes of Offshore Banking Units and International Financial Services Centre,income-tax-act-2025,147,Deductions for income of Offshore Banking Units and Units of International Financial Services Centre,official,
income-tax-act,80M,Deduction in respect of certain inter-corporate dividends,income-tax-act-2025,148,Deduction in respect of certain inter-corporate dividends,official,
income-tax-act,80P,Deduction in respect of income of co-operative societies,income-tax-act-2025,149,Deduction in respect of income of co-operative societies,official,
income-tax-act,80PA,Deduction in respect of certain income of Producer Companies,income-tax-act-2025,,,official-none,
income-tax-act,80Q,Deduction in respect of profits and gains from the business of publication of books,income-tax-act-2025,,,official-none,
income-tax-act,80QQA,Deduction in respect of professional income of authors of text books in Indian languages,income-tax-act-2025,,,official-none,
income-tax-act,80QQB,"Deduction in respect of royalty income, etc., of authors of certain books other than text-books",income-tax-act-2025,151,"Deduction in respect of royalty income, etc., of authors of certain books other than text-books",official,
income-tax-act,80R,"Deduction in respect of remuneration from certain foreign sources in the case of professors, teachers, etc",income-tax-act-2025,,,official-none,
income-tax-act,80RR,Deduction in respect of professional income from foreign sources in certain cases,income-tax-act-2025,,,official-none,
income-tax-act,80RRA,Deduction in respect of remuneration received for services rendered outside India,income-tax-act-2025,,,official-none,
income-tax-act,80RRB,Deduction in respect of royalty on patents,income-tax-act-2025,152,Deduction in respect of royalty on patents,official,
income-tax-act,80TTA,Deduction in respect of interest on deposits in savings account,income-tax-act-2025,153,Deduction for interest on deposits,official,
income-tax-act,80TTB,Deduction in respect of interest on deposits in case of senior citizens,income-tax-act-2025,153,Deduction for interest on deposits,official,
income-tax-act,80U,Deduction in case of a person with disability,income-tax-act-2025,154,Deduction in case of a person with disability,official,
income-tax-act,86,Share of member of an association of persons or body of individuals in the income of the association or body,income-tax-act-2025,310,Share of member of association of persons or body of individuals in income of association or body,official,
income-tax-act,87,Rebate to be allowed in computing income-tax,income-tax-act-2025,155,Rebate to be allowed in computing income-tax,official,
income-tax-act,87A,Rebate of income-tax in case of certain individuals,income-tax-act-2025,156,Rebate of income-tax in case of certain individuals,official,
income-tax-act,88E,Rebate in respect of securities transaction tax,income-tax-act-2025,,,official-none,
income-tax-act,89,"Relief when salary, etc., is paid in arrears or in advance",income-tax-act-2025,157,"Relief when salary, etc., is paid in arrears or in advance",official,
income-tax-act,89A,Relief from taxation in income from retirement benefit account maintained in a notified country,income-tax-act-2025,158,Relief from taxation in income from retirement benefit account maintained in a notified country,official,
income-tax-act,90,Agreement with foreign countries or specified territories,income-tax-act-2025,159,Agreement with foreign countries or specified territories and adoption by Central Government of agreement between specified associations for double taxation relief,official,
income-tax-act,90A,Adoption by Central Government of agreement between specified associations for double taxation relief,income-tax-act-2025,159,Agreement with foreign countries or specified territories and adoption by Central Government of agreement between specified associations for double taxation relief,official,
income-tax-act,91,Countries with which no agreement exists,income-tax-act-2025,160,Countries with which no agreement exists,official,
income-tax-act,92,Computation of income from international transaction having regard to arm's length price,income-tax-act-2025,161,Computation of income from international transaction and specified domestic transaction having regard to arm's length price,official,
income-tax-act,92A,Meaning of associated enterprise,income-tax-act-2025,162,Meaning of associated enterprise,official,
income-tax-act,92B,Meaning of international transaction,income-tax-act-2025,163,Meaning of international transaction,official,
income-tax-act,92BA,Meaning of specified domestic transaction,income-tax-act-2025,164,Meaning of specified domestic transaction,official,
income-tax-act,92C,Computation of arm's length price,income-tax-act-2025,165,Determination of arm's length price,official,
income-tax-act,92CA,Reference to Transfer Pricing Officer,income-tax-act-2025,166,Reference to Transfer Pricing Officer,official,
income-tax-act,92CB,Power of Board to make safe harbour rules,income-tax-act-2025,167,Power of Board to make safe harbour rules,official,
income-tax-act,92CC,Advance pricing agreement,income-tax-act-2025,168,Advance pricing agreement,official,
income-tax-act,92CD,Effect to advance pricing agreement,income-tax-act-2025,169,,official,
income-tax-act,92CE,Secondary adjustment in certain cases,income-tax-act-2025,170,Secondary adjustment in certain cases,official,
income-tax-act,92D,"Maintenance, keeping and furnishing of information and document by certain persons",income-tax-act-2025,171,"Maintenance, keeping and furnishing of information and document by certain persons",official,
income-tax-act,92E,Report from an accountant to be furnished by persons entering into international transaction or specified domestic transaction,income-tax-act-2025,172,Report from an accountant to be furnished by persons entering into inter-national transaction or specified domestic transaction,official,
income-tax-act,92F,"Definitions of certain terms relevant to computation of arm's length price, etc",income-tax-act-2025,173,"Definitions of certain terms relevant to determination of arm's length price, etc",official,
income-tax-act,93,Avoidance of income-tax by transactions resulting in transfer of income to non-residents,income-tax-act-2025,174,Avoidance of income-tax by transactions resulting in transfer of income to non-residents,official,
income-tax-act,94,Avoidance of tax by certain transactions in securities,income-tax-act-2025,175,Avoidance of tax by certain transactions in securities,official,
income-tax-act,94A,Special measures in respect of transactions with persons located in notified jurisdictional area,income-tax-act-2025,176,Special measures in respect of transactions with persons located in notified jurisdictional area,official,
income-tax-act,94B,Limitation on interest deduction in certain cases,income-tax-act-2025,177,Limitation on interest deduction in certain cases,official,
income-tax-act,95,Applicability of General Anti-Avoidance Rule,income-tax-act-2025,178,Applicability of General Anti-Avoidance Rule,official,
income-tax-act,96,Impermissible avoidance arrangement,income-tax-act-2025,179,Impermissible avoidance arrangement,official,
income-tax-act,97,Arrangement to lack commercial substance,income-tax-act-2025,180,Arrangement to lack commercial substance,official,
income-tax-act,98,Consequences of impermissible avoidance arrangement,income-tax-act-2025,181,Consequences of impermissible avoidance arrangement,official,
income-tax-act,99,Treatment of connected person and accommodating party,income-tax-act-2025,182,Treatment of connected person and accommodating party,official,
income-tax-act,100,Application of this Chapter,income-tax-act-2025,183,Application of this Chapter,official,
income-tax-act,101,Framing of guidelines,income-tax-act-2025,183,Application of this Chapter,official,
income-tax-act,102,Definitions,income-tax-act-2025,184,Interpretation,official,
income-tax-act,110,Determination of tax where total income includes income on which no tax is payable,income-tax-act-2025,190,Determination of tax where total income includes income on which no tax is payable,official,
income-tax-act,111,Tax on accumulated balance of recognised provident fund,income-tax-act-2025,191,Tax on accumulated balance of recognised provident fund,official,
income-tax-act,111A,Tax on short-term capital gains in certain cases,income-tax-act-2025,196,Tax on short-term capital gains in certain cases,official,
income-tax-act,112,Tax on long-term capital gains,income-tax-act-2025,197,Tax on long-term capital gains,official,
income-tax-act,112A,Tax on long-term capital gains in certain cases,income-tax-act-2025,198,Tax on long-term capital gains in certain cases,official,
income-tax-act,113,Tax in the case of block assessment of search cases,income-tax-act-2025,192,Tax in case of block assessment of search cases,official,
income-tax-act,115A,"Tax on dividends, royalty and technical service fees in the case of foreign companies",income-tax-act-2025,207,"Tax on dividends, royalty and fees for technical service in case of foreign companies",official,
income-tax-act,115AB,Tax on income from units purchased in foreign currency or capital gains arising from their transfer,income-tax-act-2025,208,Tax on income from units purchased in foreign currency or capital gains arising from their transfer,official,
income-tax-act,115AC,Tax on income from bonds or Global Depository Receipts purchased in foreign currency or capital gains arising from their transfer,income-tax-act-2025,209,Tax on income from bonds or Global Depository Receipts purchased in foreign currency or capital gains arising from their transfer,official,
income-tax-act,115ACA,Tax on income from Global Depository Receipts purchased in foreign currency or capital gains arising from their transfer,income-tax-act-2025,193,Tax on income from Global Depository Receipts purchased in foreign currency or capital gains arising from their transfer,official,
income-tax-act,115AD,Tax on income of Foreign Institutional Investors from securities or capital gains arising from their transfer,income-tax-act-2025,210,Tax on income of Foreign Institutional Investors from securities or capital gains arising from their transfer,official,
income-tax-act,115B,Tax on profits and gains of life insurance business,income-tax-act-2025,194,Tax on certain incomes,official,
income-tax-act,115BA,Tax on income of certain manufacturing] domestic companies,income-tax-act-2025,199,Tax on income of certain manufacturing domestic companies,official,
income-tax-act,115BAA,Tax on income of certain domestic companies,income-tax-act-2025,200,Tax on income of certain domestic companies,official,
income-tax-act,115BAB,Tax on income of new manufacturing domestic companies,income-tax-act-2025,201,Tax on income of new manufacturing domestic companies,official,
income-tax-act,115BAC,"Tax on income of individuals, Hindu undivided family and others",income-tax-act-2025,202,"New tax regime for individuals, Hindu undivided family and others",official,
income-tax-act,115BAD,Tax on income of certain resident co-operative societies,income-tax-act-2025,203,Tax on income of certain resident co-operative societies,official,
income-tax-act,115BAE,Tax on income of certain new manufacturing co-operative societies,income-tax-act-2025,204,Tax on income of certain new manufacturing co-operative societies,official,
income-tax-act,115BB,"Tax on winnings from lotteries, crossword puzzles, races including horse races, card games and other games of any sort or gambling or betting of any form or nature whatsoever",income-tax-act-2025,194,Tax on certain incomes,official,
income-tax-act,115BBA,Tax on non-resident sportsmen or sports associations,income-tax-act-2025,211,Tax on non-resident sportsmen or sports associations,official,
income-tax-act,115BBB,Tax on income from units of an open-ended equity oriented fund of the Unit Trust of India or of Mutual Funds,income-tax-act-2025,,,official-none,
income-tax-act,115BBC,Anonymous donations to be taxed in certain cases,income-tax-act-2025,334,Tax on income of registered non-profit organisation,official,
income-tax-act,115BBD,Tax on certain dividends received from foreign companies,income-tax-act-2025,,,official-none,
income-tax-act,115BBE,Tax on income referred to in section 68 or section 69 or section 69A or section 69B or section 69C or section 69D,income-tax-act-2025,195,Tax on income referred to in sections 102 to 106,official,
income-tax-act,115BBF,Tax on income from patent,income-tax-act-2025,194,Tax on certain incomes,official,
income-tax-act,115BBG,Tax on income from transfer of carbon credits,income-tax-act-2025,194,Tax on certain incomes,official,
income-tax-act,115BBH,Tax on income from virtual digital asset,income-tax-act-2025,194,Tax on certain incomes,official,
income-tax-act,115BBI,Specified income of certain institutions,income-tax-act-2025,334,Tax on income of registered non-profit organisation,official,
income-tax-act,115BBJ,Tax on winnings from online games,income-tax-act-2025,194,Tax on certain incomes,official,
income-tax-act,115C,Definitions,income-tax-act-2025,212,Interpretation,official,
income-tax-act,115D,Special provision for computation of total income of non-residents,income-tax-act-2025,213,Special provision for computation of total income of non-residents,official,
income-tax-act,115E,Tax on investment income and long-term capital gains,income-tax-act-2025,214,Tax on investment income and long-term capital gains,official,
income-tax-act,115F,Capital gains on transfer of foreign exchange assets not to be charged in certain cases,income-tax-act-2025,215,Capital gains on transfer of foreign exchange assets not to be charged in certain cases,official,
income-tax-act,115G,Return of income not to be filed in certain cases,income-tax-act-2025,216,Return of income not to be furnished in certain cases,official,
income-tax-act,115H,Benefit under Chapter to be available in certain cases even after the assessee becomes resident,income-tax-act-2025,217,Application of benefits under sections 212 to 216,official,
income-tax-act,115J,Special provisions relating to certain companies,income-tax-act-2025,,,official-none,
income-tax-act,115JA,Deemed income relating to certain companies,income-tax-act-2025,,,official-none,
income-tax-act,115JAA,Tax credit in respect of tax paid on deemed income relating to certain companies,income-tax-act-2025,206,Special provision for minimum alternate tax and alternate minimum tax,official,
income-tax-act,115JB,Special provision for payment of tax by certain companies,income-tax-act-2025,206,Special provision for minimum alternate tax and alternate minimum tax,official,
income-tax-act,115JC,Special provisions for payment of tax by certain persons other than a company,income-tax-act-2025,206,Special provision for minimum alternate tax and alternate minimum tax,official,
income-tax-act,115JD,Tax credit for alternate minimum tax,income-tax-act-2025,206,Special provision for minimum alternate tax and alternate minimum tax,official,
income-tax-act,115JE,Application of other provisions of this Act,income-tax-act-2025,206,Special provision for minimum alternate tax and alternate minimum tax,official,
income-tax-act,115JEE,Application of this Chapter to certain persons,income-tax-act-2025,206,Special provision for minimum alternate tax and alternate minimum tax,official,
income-tax-act,115JF,Interpretation in this Chapter,income-tax-act-2025,206,Special provision for minimum alternate tax and alternate minimum tax,official,
income-tax-act,115JG,Conversion of an Indian branch of foreign company into subsidiary Indian company,income-tax-act-2025,219,Conversion of an Indian branch of foreign company into subsidiary Indian company,official,
income-tax-act,115JH,Foreign company said to be resident in India,income-tax-act-2025,220,Foreign company said to be resident in India,official,
income-tax-act,115P,Interest payable for non-payment of tax by domestic companies,income-tax-act-2025,,,official-none,
income-tax-act,115Q,When company is deemed to be in default,income-tax-act-2025,,,official-none,
income-tax-act,115QA,Tax on distributed income to shareholders,income-tax-act-2025,,,official-none,
income-tax-act,115QB,Interest payable for non-payment of tax by company,income-tax-act-2025,,,official-none,
income-tax-act,115QC,When company is deemed to be assessee in default,income-tax-act-2025,,,official-none,
income-tax-act,115R,Tax on distributed income to unit holders,income-tax-act-2025,,,official-none,
income-tax-act,115S,Interest payable for non-payment of tax,income-tax-act-2025,,,official-none,
income-tax-act,115T,Unit Trust of India or Mutual Fund to be an assessee in default,income-tax-act-2025,,,official-none,
income-tax-act,115TA,Tax on distributed income to investors,income-tax-act-2025,,,official-none,
income-tax-act,115TB,Interest payable for non-payment of tax,income-tax-act-2025,,,official-none,
income-tax-act,115TC,Securitisation trust to be assessee in default,income-tax-act-2025,,,official-none,
income-tax-act,115TCA,Tax on income from securitisation trusts,income-tax-act-2025,221,Tax on income from securitisation trusts,official,
income-tax-act,115TD,Tax on accreted income,income-tax-act-2025,352,Tax on accreted income,official,
income-tax-act,115TE,Interest payable for non-payment of tax by specified person,income-tax-act-2025,352,Tax on accreted income,official,
income-tax-act,115TF,When specified person is deemed to be assessee in default,income-tax-act-2025,352,Tax on accreted income,official,
income-tax-act,115U,Tax on income in certain cases,income-tax-act-2025,222,Tax on income in case of venture capital undertakings,official,
income-tax-act,115UA,Tax on income of unit holder and business trust,income-tax-act-2025,223,Tax on income of unit holder and business trust,official,
income-tax-act,115UB,Tax on income of investment fund and its unit holders,income-tax-act-2025,224,Tax on income of investment fund and its unit holders,official,
income-tax-act,115V,Definitions,income-tax-act-2025,235,Interpretation,official,
income-tax-act,115VA,Computation of profits and gains from the business of operating qualifying ships,income-tax-act-2025,225,Income from business of operating qualifying ships,official,
income-tax-act,115VB,Operating ships,income-tax-act-2025,226,Tonnage tax scheme,official,
income-tax-act,115VC,Qualifying company,income-tax-act-2025,235,Interpretation,official,
income-tax-act,115VD,Qualifying ship,income-tax-act-2025,235,Interpretation,official,
income-tax-act,115VE,Manner of computation of income under tonnage tax scheme,income-tax-act-2025,226,Tonnage tax scheme,official,
income-tax-act,115VF,Tonnage income,income-tax-act-2025,226,Tonnage tax scheme,official,
income-tax-act,115VG,Computation of tonnage income,income-tax-act-2025,227,Computation of tonnage income,official,
income-tax-act,115VH,"Calculation in case of joint operation, etc",income-tax-act-2025,227,Computation of tonnage income,official,
income-tax-act,115VJ,Treatment of common costs,income-tax-act-2025,228,Relevant shipping income and exclusion from book profit,official,
income-tax-act,115VK,Depreciation,income-tax-act-2025,229,Depreciation and gains relating to tonnage tax assets,official,
income-tax-act,115VL,"General exclusion of deduction and set off, etc",income-tax-act-2025,230,"Exclusion of deduction, loss, set off, etc",official,
income-tax-act,115VM,Exclusion of loss,income-tax-act-2025,230,"Exclusion of deduction, loss, set off, etc",official,
income-tax-act,115VN,Chargeable gains from transfer of tonnage tax assets,income-tax-act-2025,229,Depreciation and gains relating to tonnage tax assets,official,
income-tax-act,115VP,Method and time of opting for tonnage tax scheme,income-tax-act-2025,231,Method of opting of tonnage tax scheme and validity,official,
income-tax-act,115VQ,Period for which tonnage tax option to remain in force,income-tax-act-2025,231,Method of opting of tonnage tax scheme and validity,official,
income-tax-act,115VR,Renewal of tonnage tax scheme,income-tax-act-2025,231,Method of opting of tonnage tax scheme and validity,official,
income-tax-act,115VS,Prohibition to opt for tonnage tax scheme in certain cases,income-tax-act-2025,231,Method of opting of tonnage tax scheme and validity,official,
income-tax-act,115VT,Transfer of profits to Tonnage Tax Reserve Account,income-tax-act-2025,232,Certain conditions for applicability of tonnage tax scheme,official,
income-tax-act,115VU,Minimum training requirement for tonnage tax company,income-tax-act-2025,232,Certain conditions for applicability of tonnage tax scheme,official,
income-tax-act,115VV,Limit for charter in of tonnage,income-tax-act-2025,232,Certain conditions for applicability of tonnage tax scheme,official,
income-tax-act,115VW,Maintenance and audit of accounts,income-tax-act-2025,232,Certain conditions for applicability of tonnage tax scheme,official,
income-tax-act,115VX,Determination of tonnage,income-tax-act-2025,227,Computation of tonnage income,official,
income-tax-act,115VY,Amalgamation,income-tax-act-2025,233,Amalgamation and demerger,official,
income-tax-act,115VZ,Demerger,income-tax-act-2025,233,Amalgamation and demerger,official,
income-tax-act,115VZA,Effect of temporarily ceasing to operate qualifying ships,income-tax-act-2025,232,Certain conditions for applicability of tonnage tax scheme,official,
income-tax-act,115VZB,Avoidance of tax,income-tax-act-2025,234,Avoidance of tax and exclusion from tonnage tax scheme,official,
income-tax-act,115VZC,Exclusion from tonnage tax scheme,income-tax-act-2025,234,Avoidance of tax and exclusion from tonnage tax scheme,official,
income-tax-act,115W,Definitions,income-tax-act-2025,,,official-none,
income-tax-act,115WA,Charge of fringe benefit tax,income-tax-act-2025,,,official-none,
income-tax-act,115WB,Fringe benefits,income-tax-act-2025,,,official-none,
income-tax-act,115WC,Value of fringe benefits,income-tax-act-2025,,,official-none,
income-tax-act,115WD,Return of fringe benefits,income-tax-act-2025,,,official-none,
income-tax-act,115WE,Assessment,income-tax-act-2025,,,official-none,
income-tax-act,115WF,Best judgment assessment,income-tax-act-2025,,,official-none,
income-tax-act,115WG,Fringe benefits escaping assessment,income-tax-act-2025,,,official-none,
income-tax-act,115WH,Issue of notice where fringe benefits have escaped assessment,income-tax-act-2025,,,official-none,
income-tax-act,115WI,Payment of fringe benefit tax,income-tax-act-2025,,,official-none,
income-tax-act,115WJ,Advance tax in respect of fringe benefits,income-tax-act-2025,,,official-none,
income-tax-act,115WK,Interest for default in furnishing return of fringe benefits,income-tax-act-2025,,,official-none,
income-tax-act,115WKA,Recovery of fringe benefit tax by the employer from the employee,income-tax-act-2025,,,official-none,
income-tax-act,115WKB,Deemed payment of tax by employee,income-tax-act-2025,,,official-none,
income-tax-act,115WL,Application of other provisions of this Act,income-tax-act-2025,,,official-none,
income-tax-act,115WM,Chapter XII-H not to apply after a certain date,income-tax-act-2025,,,official-none,
income-tax-act,116,Income-tax authorities,income-tax-act-2025,236,Income-tax authorities,official,
income-tax-act,117,Appointment of income-tax authorities,income-tax-act-2025,237,Appointment of income-tax authorities,official,
income-tax-act,118,Control of income-tax authorities,income-tax-act-2025,238,Control of income-tax authorities,official,
income-tax-act,119,Instructions to subordinate authorities,income-tax-act-2025,239,Instructions to subordinate authorities,official,
income-tax-act,119A,Taxpayer's Charter,income-tax-act-2025,240,Taxpayer's Charter,official,
income-tax-act,120,Jurisdiction of income-tax authorities,income-tax-act-2025,241,Jurisdiction of income-tax authorities,official,
income-tax-act,124,Jurisdiction of Assessing Officers,income-tax-act-2025,242,Jurisdiction of Assessing Officers,official,
income-tax-act,127,Power to transfer cases,income-tax-act-2025,243,Power to transfer cases,official,
income-tax-act,129,Change of incumbent of an office,income-tax-act-2025,244,Change of incumbent of an office,official,
income-tax-act,130,Faceless jurisdiction of income-tax authorities,income-tax-act-2025,245,Faceless jurisdiction of income-tax authorities,official,
income-tax-act,131,"Power regarding discovery, production of evidence, etc",income-tax-act-2025,246,"Power regarding discovery, production of evidence, etc",official,
income-tax-act,132,Search and seizure,income-tax-act-2025,247,Search and seizure,official,
income-tax-act,132A,"Powers to requisition books of account, etc",income-tax-act-2025,248,Powers to requisition,official,
income-tax-act,132B,Application of seized or requisitioned assets,income-tax-act-2025,250,Application of seized or requisitioned assets,official,
income-tax-act,133,Power to call for information,income-tax-act-2025,252,Power to call for information,official,
income-tax-act,133A,Power of survey,income-tax-act-2025,253,Powers of survey,official,
income-tax-act,133B,Power to collect certain information,income-tax-act-2025,254,Power to collect certain information,official,
income-tax-act,133C,Power to call for information by prescribed income-tax authority,income-tax-act-2025,259,Power to call for information by prescribed income-tax authority,official,
income-tax-act,134,Power to inspect registers of companies,income-tax-act-2025,255,Power to inspect registers of companies,official,
income-tax-act,135,"Power of Principal Director General or Director General or Principal Director or Director, Principal Chief Commissioner or Chief Commissioner or Principal Commissioner or Commissioner and Joint Commissioner",income-tax-act-2025,256,Power of certain income-tax authorities,official,
income-tax-act,135A,Faceless collection of information,income-tax-act-2025,260,Faceless collection of information,official,
income-tax-act,136,Proceedings before income-tax authorities to be judicial proceedings,income-tax-act-2025,257,Proceedings before income-tax authorities to be judicial proceedings,official,
income-tax-act,138,Disclosure of information respecting assessees,income-tax-act-2025,258,Disclosure of information relating to assessees,official,
income-tax-act,139,Return of income,income-tax-act-2025,263,Return of income,official,
income-tax-act,139A,Permanent account number,income-tax-act-2025,262,Permanent Account Number,official,
income-tax-act,139AA,Quoting of Aadhaar number,income-tax-act-2025,262,Permanent Account Number,official,
income-tax-act,139B,Scheme for submission of returns through Tax Return Preparers,income-tax-act-2025,264,Scheme for submission of returns through tax return preparers,official,
income-tax-act,139C,"Power of Board to dispense with furnishing documents, etc., with return",income-tax-act-2025,,,official-none,
income-tax-act,139D,Filing of return in electronic form,income-tax-act-2025,263,Return of income,official,
income-tax-act,140,Return by whom to be verified,income-tax-act-2025,265,Return by whom to be verified,official,
income-tax-act,140A,Self-assessment,income-tax-act-2025,266,Self-assessment,official,
income-tax-act,140B,Tax on updated return,income-tax-act-2025,267,Tax on updated return,official,
income-tax-act,142,Inquiry before assessment,income-tax-act-2025,268,Inquiry before assessment,official,
income-tax-act,142A,Estimation of value of assets by Valuation Officer,income-tax-act-2025,269,Estimation of value of assets by Valuation Officer,official,
income-tax-act,142B,Faceless inquiry or Valuation,income-tax-act-2025,532,Power to frame schemes,official,
income-tax-act,143,Assessment,income-tax-act-2025,270,Assessment,official,
income-tax-act,144,Best judgment assessment,income-tax-act-2025,271,Best judgment assessment,official,
income-tax-act,144A,Power of Joint Commissioner to issue directions in certain cases,income-tax-act-2025,272,Power of Joint Commissioner to issue directions in certain cases,official,
income-tax-act,144B,Faceless Assessment,income-tax-act-2025,273,Faceless Assessment,official,
income-tax-act,144BA,Reference to Principal Commissioner or Commissioner in certain cases,income-tax-act-2025,274,Reference to Principal Commissioner or Commissioner in certain cases,official,
income-tax-act,144C,Reference to dispute resolution panel,income-tax-act-2025,275,Reference to Dispute Resolution Panel,official,
income-tax-act,145,Method of accounting,income-tax-act-2025,276,Method of accounting,official,
income-tax-act,145A,Method of accounting in certain cases,income-tax-act-2025,277,Method of accounting in certain cases,official,
income-tax-act,145B,Taxability of certain income,income-tax-act-2025,278,Taxability of certain income,official,
income-tax-act,147,Income escaping assessment,income-tax-act-2025,279,Income escaping assessment,official,
income-tax-act,148,Issue of notice where income has escaped assessment,income-tax-act-2025,280,Issue of notice where income has escaped assessment,official,
income-tax-act,148A,Procedure before issuance of notice under section 148,income-tax-act-2025,281,Procedure before issuance of notice under section 280,official,
income-tax-act,148B,"Prior approval for assessment, reassessment or recomputation in certain cases",income-tax-act-2025,,,official-none,
income-tax-act,149,Time limit for notices under sections 148 and 148A,income-tax-act-2025,282,Time limit for notices under sections 280 and 281,official,
income-tax-act,151,Sanction for issue of notice,income-tax-act-2025,284,Sanction for issue of notice,official,
income-tax-act,151A,Faceless assessment of income escaping assessment,income-tax-act-2025,532,Power to frame schemes,official,
income-tax-act,152,Other provisions,income-tax-act-2025,285,Other provisions,official,
income-tax-act,153,"Time limit for completion of assessment, reassessment and recomputation",income-tax-act-2025,286,"Time limit for completion of assessment, reassessment and recomputation",official,
income-tax-act,153A,Assessment in case of search or requisition,income-tax-act-2025,,,official-none,
income-tax-act,153B,Time limit for completion of assessment under section 153A,income-tax-act-2025,,,official-none,
income-tax-act,153C,Assessment of income of any other person,income-tax-act-2025,,,official-none,
income-tax-act,153D,Prior approval necessary for assessment in cases of search or requisition,income-tax-act-2025,,,official-none,
income-tax-act,154,Rectification of mistake,income-tax-act-2025,287,Rectification of mistake,official,
income-tax-act,155,Other amendments,income-tax-act-2025,288,Other amendments,official,
income-tax-act,156,Notice of demand,income-tax-act-2025,289,Notice of demand,official,
income-tax-act,156A,Modification and revision of notice in certain cases,income-tax-act-2025,290,Modification and revision of notice in certain cases,official,
income-tax-act,157,Intimation of loss,income-tax-act-2025,291,Intimation of loss,official,
income-tax-act,157A,"Faceless rectification, amendments and issuance of notice or intimation",income-tax-act-2025,532,Power to frame schemes,official,
income-tax-act,158,Intimation of assessment of firm,income-tax-act-2025,,,official-none,
income-tax-act,158A,Procedure when assessee claims identical question of law is pending before High Court or Supreme Court,income-tax-act-2025,375,Procedure when assessee claims identical question of law is pending before High Court or Supreme Court,official,
income-tax-act,158AA,Procedure when in an appeal by revenue an identical question of law is pending before Supreme Court,income-tax-act-2025,,,official-none,
income-tax-act,158AB,Procedure where an identical question of law is pending before High Courts or Supreme Court,income-tax-act-2025,376,Procedure where an identical question of law is pending before High Courts or Supreme Court,official,
income-tax-act,158B,Definitions,income-tax-act-2025,301,Interpretation,official,
income-tax-act,158BA,total undisclosed income] as a result of search,income-tax-act-2025,292,Assessment of total undisclosed income as a result of search,official,
income-tax-act,158BC,Procedure for block assessment,income-tax-act-2025,294,Procedure for block assessment,official,
income-tax-act,158BD,Undisclosed income of any other person,income-tax-act-2025,295,Undisclosed income of any other person,official,
income-tax-act,158BE,Time-limit for completion of block assessment,income-tax-act-2025,296,,official,
income-tax-act,158BF,Certain interests and penalties not to be levied or imposed,income-tax-act-2025,297,Certain interests and penalties not to be levied or imposed,official,
income-tax-act,158BFA,Levy of interest and penalty in certain cases,income-tax-act-2025,298,Levy of interest and penalty in certain cases,official,
income-tax-act,158BG,Authority competent to make assessment of block period,income-tax-act-2025,299,Authority competent to make assessment of block period,official,
income-tax-act,158BH,Application of other provisions of this Act,income-tax-act-2025,300,Application of other provisions of Act,official,
income-tax-act,159,Legal representatives,income-tax-act-2025,302,Legal representative,official,
income-tax-act,160,Representative assessee,income-tax-act-2025,303,Representative assessee,official,
income-tax-act,161,Liability of representative assessee,income-tax-act-2025,304,Liability of representative assessee,official,
income-tax-act,162,Right of representative assessee to recover tax paid,income-tax-act-2025,305,Right of representative assessee to recover tax paid,official,
income-tax-act,163,Who may be regarded as agent,income-tax-act-2025,306,Who may be regarded as agent,official,
income-tax-act,164,Charge of tax where share of beneficiaries unknown,income-tax-act-2025,307,Charge of tax where share of beneficiaries unknown,official,
income-tax-act,164A,Charge of tax in case of oral trust,income-tax-act-2025,308,Charge of tax in case of oral trust,official,
income-tax-act,165,Case where part of trust income is chargeable,income-tax-act-2025,304,Liability of representative assessee,official,
income-tax-act,166,Direct assessment or recovery not barred,income-tax-act-2025,304,Liability of representative assessee,official,
income-tax-act,167,Remedies against property in cases of representative assessees,income-tax-act-2025,304,Liability of representative assessee,official,
income-tax-act,167A,Charge of tax in the case of a firm,income-tax-act-2025,324,Charge of tax in case of a firm,official,
income-tax-act,167B,"Charge of tax where shares of members in association of persons or body of individuals unknown, etc",income-tax-act-2025,311,"Charge of tax where shares of members in association of persons or body of individuals unknown, etc",official,
income-tax-act,167C,Liability of partners of limited liability partnership in liquidation,income-tax-act-2025,331,Liability of partners of limited liability partnership in liquidation,official,
income-tax-act,168,Executors,income-tax-act-2025,312,Executor,official,
income-tax-act,169,Right of executor to recover tax paid,income-tax-act-2025,312,Executor,official,
income-tax-act,170,Succession to business otherwise than on death,income-tax-act-2025,313,Succession to business or profession otherwise than on death,official,
income-tax-act,170A,Effect of order of tribunal or court in respect of business reorganisation,income-tax-act-2025,314,Effect of order of tribunal or court in respect of business reorganisation,official,
income-tax-act,171,Assessment after partition of a Hindu undivided family,income-tax-act-2025,315,Assessment after partition of Hindu undivided family,official,
income-tax-act,172,Shipping business of non-residents,income-tax-act-2025,316,Shipping business of non-residents,official,
income-tax-act,173,Recovery of tax in respect of non-resident from his assets,income-tax-act-2025,422,Recovery of tax arrear in respect of non-resident from his assets,official,
income-tax-act,174,Assessment of persons leaving India,income-tax-act-2025,317,Assessment of persons leaving India,official,
income-tax-act,174A,Assessment of association of persons or body of individuals or artificial juridical person formed for a particular event or purpose,income-tax-act-2025,318,Assessment of association of persons or body of individuals or artificial juridical person formed for a particular event or purpose,official,
income-tax-act,175,Assessment of persons likely to transfer property to avoid tax,income-tax-act-2025,319,Assessment of persons likely to transfer property to avoid tax,official,
income-tax-act,176,Discontinued business,income-tax-act-2025,320,Discontinued business,official,
income-tax-act,177,Association dissolved or business discontinued,income-tax-act-2025,321,Association dissolved or business discontinued,official,
income-tax-act,178,Company in liquidation,income-tax-act-2025,322,Company in liquidation,official,
income-tax-act,179,Liability of directors of private company,income-tax-act-2025,323,Liability of directors of private company,official,
income-tax-act,180,Royalties or copyright fees for literary or artistic work,income-tax-act-2025,,,official-none,
income-tax-act,180A,Consideration for know-how,income-tax-act-2025,,,official-none,
income-tax-act,184,Assessment as a firm,income-tax-act-2025,325,Assessment as a firm,official,
income-tax-act,185,Assessment when section 184 not complied with,income-tax-act-2025,326,Assessment when section 325 not complied with,official,
income-tax-act,187,Change in constitution of a firm,income-tax-act-2025,327,Change in constitution of a firm,official,
income-tax-act,188,Succession of one firm by another firm,income-tax-act-2025,328,Succession of one firm by another firm,official,
income-tax-act,188A,Joint and several liability of partners for tax payable by firm,income-tax-act-2025,329,Joint and several liability of partners for tax payable by firm,official,
income-tax-act,189,Firm dissolved or business discontinued,income-tax-act-2025,330,Firm dissolved or business discontinued,official,
income-tax-act,189A,Provisions applicable to past assessments of firms,income-tax-act-2025,,,official-none,
income-tax-act,190,Deduction at source and advance payment,income-tax-act-2025,390,Deduction or collection at source and advance payment,official,
income-tax-act,191,Direct payment,income-tax-act-2025,391,Direct payment,official,
income-tax-act,192,Salary,income-tax-act-2025,392,Salary and accumulated balance due to an employee,official,
income-tax-act,192A,Payment of accumulated balance due to an employee,income-tax-act-2025,392,Salary and accumulated balance due to an employee,official,
income-tax-act,193,Interest on securities,income-tax-act-2025,393,Tax to be deducted at source,official,
income-tax-act,194,Dividends,income-tax-act-2025,393,Tax to be deducted at source,official,
income-tax-act,194A,"Interest other than ""Interest on securities""",income-tax-act-2025,393,Tax to be deducted at source,official,
income-tax-act,194B,"Winnings from lottery or crossword puzzle, etc",income-tax-act-2025,393,Tax to be deducted at source,official,
income-tax-act,194BA,Winnings from online games,income-tax-act-2025,393,Tax to be deducted at source,official,
income-tax-act,194BB,Winnings from horse race,income-tax-act-2025,393,Tax to be deducted at source,official,
income-tax-act,194C,Payments to contractors,income-tax-act-2025,393,Tax to be deducted at source,official,
income-tax-act,194D,Insurance commission,income-tax-act-2025,393,Tax to be deducted at source,official,
income-tax-act,194DA,Payment in respect of life insurance policy,income-tax-act-2025,393,Tax to be deducted at source,official,
income-tax-act,194E,Payments to non-resident sportsmen or sports associations,income-tax-act-2025,393,Tax to be deducted at source,official,
income-tax-act,194EE,"Payments in respect of deposits under National Savings Scheme, etc",income-tax-act-2025,393,Tax to be deducted at source,official,
income-tax-act,194G,"Commission, etc., on sale of lottery tickets",income-tax-act-2025,393,Tax to be deducted at source,official,
income-tax-act,194H,Commission or brokerage,income-tax-act-2025,393,Tax to be deducted at source,official,
income-tax-act,194J,Fees for professional or technical services,income-tax-act-2025,393,Tax to be deducted at source,official,
income-tax-act,194K,Income in respect of units,income-tax-act-2025,393,Tax to be deducted at source,official,
income-tax-act,194LA,Payment of compensation on acquisition of certain immovable property,income-tax-act-2025,393,Tax to be deducted at source,official,
income-tax-act,194LB,Income by way of interest from infrastructure debt fund,income-tax-act-2025,393,Tax to be deducted at source,official,
income-tax-act,194LBA,Certain income from units of a business trust,income-tax-act-2025,393,Tax to be deducted at source,official,
income-tax-act,194LBB,Income in respect of units of investment fund,income-tax-act-2025,393,Tax to be deducted at source,official,
income-tax-act,194LBC,Income in respect of investment in securitization trust,income-tax-act-2025,393,Tax to be deducted at source,official,
income-tax-act,194LC,Income by way of interest from Indian company,income-tax-act-2025,393,Tax to be deducted at source,official,
income-tax-act,194LD,Income by way of interest on certain bonds and Government securities,income-tax-act-2025,,,official-none,
income-tax-act,194M,Payment of certain sums by certain individuals or Hindu undivided family,income-tax-act-2025,393,Tax to be deducted at source,official,
income-tax-act,194N,Payment of certain amounts in cash,income-tax-act-2025,393,Tax to be deducted at source,official,
income-tax-act,194P,Deduction of tax in case of specified senior citizen,income-tax-act-2025,263,Return of income,official,
income-tax-act,194Q,Deduction of tax at source on payment of certain sum for purchase of goods,income-tax-act-2025,393,Tax to be deducted at source,official,
income-tax-act,194R,Deduction of tax on benefit or perquisite in respect of business or profession,income-tax-act-2025,393,Tax to be deducted at source,official,
income-tax-act,194S,Payment on transfer of virtual digital asset,income-tax-act-2025,393,Tax to be deducted at source,official,
income-tax-act,194T,Payments to partners of firms,income-tax-act-2025,393,Tax to be deducted at source,official,
income-tax-act,195,Other sums,income-tax-act-2025,393,Tax to be deducted at source,official,
income-tax-act,195A,"Income payable ""net of tax""",income-tax-act-2025,393,Tax to be deducted at source,official,
income-tax-act,196,"Interest or dividend or other sums payable to Government, Reserve Bank or certain corporations",income-tax-act-2025,393,Tax to be deducted at source,official,
income-tax-act,196A,Income in respect of units of non-residents,income-tax-act-2025,393,Tax to be deducted at source,official,
income-tax-act,196B,Income from units,income-tax-act-2025,393,Tax to be deducted at source,official,
income-tax-act,196C,Income from foreign currency bonds or shares of Indian company,income-tax-act-2025,393,Tax to be deducted at source,official,
income-tax-act,196D,Income of Foreign Institutional Investors from securities,income-tax-act-2025,393,Tax to be deducted at source,official,
income-tax-act,197,Certificate for deduction at lower rate,income-tax-act-2025,395,Certificates,official,
income-tax-act,197A,No deduction to be made in certain cases,income-tax-act-2025,393,Tax to be deducted at source,official,
income-tax-act,197B,Lower deduction in certain cases for a limited period,income-tax-act-2025,,,official-none,
income-tax-act,198,Tax deducted is income received,income-tax-act-2025,396,Tax deducted is income received,official,
income-tax-act,199,Credit for tax deducted,income-tax-act-2025,390,Deduction or collection at source and advance payment,official,
income-tax-act,200,Duty of person deducting tax,income-tax-act-2025,397,Compliance and reporting,official,
income-tax-act,200A,and other statements,income-tax-act-2025,399,Processing,official,
income-tax-act,201,Consequences of failure to deduct or pay,income-tax-act-2025,398,"Consequences of failure to deduct or pay or, collect or pay",official,
income-tax-act,202,Deduction only one mode of recovery,income-tax-act-2025,390,Deduction or collection at source and advance payment,official,
income-tax-act,203,Certificate for tax deducted,income-tax-act-2025,395,Certificates,official,
income-tax-act,203A,Tax deduction and collection account number,income-tax-act-2025,397,Compliance and reporting,official,
income-tax-act,204,"Meaning of ""person responsible for paying""",income-tax-act-2025,402,Interpretation,official,
income-tax-act,205,Bar against direct demand on assessee,income-tax-act-2025,401,Bar against direct demand on assessee,official,
income-tax-act,206,Persons deducting tax to furnish prescribed returns,income-tax-act-2025,,,official-none,
income-tax-act,206A,Furnishing of statement in respect of payment of any income to residents without deduction of tax,income-tax-act-2025,397,Compliance and reporting,official,
income-tax-act,206AA,Requirement to furnish Permanent Account Number,income-tax-act-2025,397,Compliance and reporting,official,
income-tax-act,206C,"Profits and gains from the business of trading in alcoholic liquor, forest produce, scrap, etc",income-tax-act-2025,390,Deduction or collection at source and advance payment,official,
income-tax-act,206CA,Tax collection account number,income-tax-act-2025,,,official-none,
income-tax-act,206CB,Processing of statements of tax collected at source,income-tax-act-2025,399,Processing,official,
income-tax-act,206CC,Requirement to furnish Permanent Account number by collectee,income-tax-act-2025,397,Compliance and reporting,official,
income-tax-act,207,Liability for payment of advance tax,income-tax-act-2025,403,Liability for payment of advance tax,official,
income-tax-act,208,Conditions of liability to pay advance tax,income-tax-act-2025,404,Conditions of liability to pay advance tax,official,
income-tax-act,209,Computation of advance tax,income-tax-act-2025,405,Computation of advance tax,official,
income-tax-act,210,Payment of advance tax by the assessee of his own accord or in pursuance of order of Assessing Officer,income-tax-act-2025,406,Payment of advance tax by assessee on his own accord,official,
income-tax-act,211,Instalments of advance tax and due dates,income-tax-act-2025,407,Payment of advance tax by assessee in pursuance of order of Assessing Officer,official,
income-tax-act,214,Interest payable by Government,income-tax-act-2025,,,official-none,
income-tax-act,215,Interest payable by assessee,income-tax-act-2025,,,official-none,
income-tax-act,216,"Interest payable by assessee in case of under-estimate, etc",income-tax-act-2025,,,official-none,
income-tax-act,217,Interest payable by assessee when no estimate made,income-tax-act-2025,,,official-none,
income-tax-act,218,When assessee deemed to be in default,income-tax-act-2025,409,When assessee is deemed to be in default,official,
income-tax-act,219,Credit for advance tax,income-tax-act-2025,410,Credit for advance tax,official,
income-tax-act,220,When tax payable and when assessee deemed in default,income-tax-act-2025,411,When tax payable and when assessee deemed in default,official,
income-tax-act,221,Penalty payable when tax in default,income-tax-act-2025,412,Penalty payable when tax in default,official,
income-tax-act,222,Certificate to Tax Recovery Officer,income-tax-act-2025,413,Certificate by Tax Recovery Officer and validity thereof,official,
income-tax-act,223,Tax Recovery Officer by whom recovery is to be effected,income-tax-act-2025,414,Tax Recovery Officer by whom recovery is to be effected,official,
income-tax-act,224,Validity of certificate and cancellation or amendment thereof,income-tax-act-2025,413,Certificate by Tax Recovery Officer and validity thereof,official,
income-tax-act,225,Stay of proceedings in pursuance of certificate and amendment or cancellation thereof,income-tax-act-2025,415,Stay of proceedings in pursuance of certificate and amendment or cancellation thereof,official,
income-tax-act,226,Other modes of recovery,income-tax-act-2025,416,Other modes of recovery,official,
income-tax-act,227,Recovery through State Government,income-tax-act-2025,417,Recovery through State Government,official,
income-tax-act,228A,Recovery of tax in pursuance of agreements with foreign countries,income-tax-act-2025,418,Recovery of tax in pursuance of agreements with foreign countries,official,
income-tax-act,229,"Recovery of penalties, fine, interest and other sums",income-tax-act-2025,419,"Recovery of penalties, fine, interest and other sums",official,
income-tax-act,230,Tax clearance certificate,income-tax-act-2025,420,Tax clearance certificate,official,
income-tax-act,231,Faceless collection and recovery of tax,income-tax-act-2025,532,Power to frame schemes,official,
income-tax-act,232,Recovery by suit or under other law not affected,income-tax-act-2025,421,Recovery by suit or under other law not affected,official,
income-tax-act,234A,Interest for defaults in furnishing return of income,income-tax-act-2025,423,Interest for defaults in furnishing return of income,official,
income-tax-act,234B,Interest for defaults in payment of advance tax,income-tax-act-2025,424,Interest for defaults in payment of advance tax,official,
income-tax-act,234C,Interest for deferment of advance tax,income-tax-act-2025,425,Interest for deferment of advance tax,official,
income-tax-act,234D,Interest on excess refund,income-tax-act-2025,426,Interest on excess refund,official,
income-tax-act,234E,Fee for default in furnishing statements,income-tax-act-2025,427,,official,
income-tax-act,234F,Fee for default in furnishing return of income,income-tax-act-2025,428,Fee for default in furnishing return of income,official,
income-tax-act,234G,Fee for default relating to statement or certificate,income-tax-act-2025,429,Fee for default relating to statement or certificate,official,
income-tax-act,234H,Fee for default relating to intimation of Aadhaar number,income-tax-act-2025,430,Fee for default relating to intimation of Aadhaar number,official,
income-tax-act,236,Relief to company in respect of dividend paid out of past taxed profits,income-tax-act-2025,,,official-none,
income-tax-act,236A,Relief to certain charitable institutions or funds in respect of certain dividends,income-tax-act-2025,,,official-none,
income-tax-act,237,Refunds,income-tax-act-2025,431,Refunds,official,
income-tax-act,238,Person entitled to claim refund in certain special cases,income-tax-act-2025,432,Person entitled to claim refund in certain special cases,official,
income-tax-act,239,Form of claim for refund and limitation,income-tax-act-2025,433,Form of claim for refund and limitation,official,
income-tax-act,239A,Refund for denying liability to deduct tax in certain cases,income-tax-act-2025,434,Refund for denying liability to deduct tax in certain cases,official,
income-tax-act,240,"Refund on appeal, etc",income-tax-act-2025,435,"Refund on appeal, etc",official,
income-tax-act,241A,Withholding of refund in certain cases,income-tax-act-2025,,,official-none,
income-tax-act,242,Correctness of assessment not to be questioned,income-tax-act-2025,436,Correctness of assessment not to be questioned,official,
income-tax-act,243,Interest on delayed refunds,income-tax-act-2025,,,official-none,
income-tax-act,244,Interest on refund where no claim is needed,income-tax-act-2025,,,official-none,
income-tax-act,244A,Interest on refunds,income-tax-act-2025,437,Interest on refunds,official,
income-tax-act,245,Set off and withholding of refunds in certain cases,income-tax-act-2025,438,Set off and withholding of refunds in certain cases,official,
income-tax-act,245A,Definitions,income-tax-act-2025,,,official-none,
income-tax-act,245AA,Interim Boards for Settlement,income-tax-act-2025,,,official-none,
income-tax-act,245B,Income-tax Settlement Commission,income-tax-act-2025,,,official-none,
income-tax-act,245BA,Jurisdiction and powers of Settlement Commission,income-tax-act-2025,,,official-none,
income-tax-act,245BB,Vice-Chairman to act as Chairman or to discharge his functions in certain circumstances,income-tax-act-2025,,,official-none,
income-tax-act,245BC,Power of Chairman to transfer cases from one Bench to another,income-tax-act-2025,,,official-none,
income-tax-act,245BD,Decision to be by majority,income-tax-act-2025,,,official-none,
income-tax-act,245C,Application for settlement of cases,income-tax-act-2025,,,official-none,
income-tax-act,245D,Procedure on receipt of an application under section 245C,income-tax-act-2025,,,official-none,
income-tax-act,245DD,Power of Settlement Commission to order provisional attachment to protect revenue,income-tax-act-2025,,,official-none,
income-tax-act,245E,Power of Settlement Commission to reopen completed proceedings,income-tax-act-2025,,,official-none,
income-tax-act,245F,Powers and procedure of Settlement Commission,income-tax-act-2025,,,official-none,
income-tax-act,245G,"Inspection, etc., of reports",income-tax-act-2025,,,official-none,
income-tax-act,245H,Power of Settlement Commission to grant immunity from prosecution and penalty,income-tax-act-2025,,,official-none,
income-tax-act,245HA,Abatement of proceeding before Settlement Commission,income-tax-act-2025,,,official-none,
income-tax-act,245HAA,Credit for tax paid in case of abatement of proceedings,income-tax-act-2025,,,official-none,
income-tax-act,245J,Recovery of sums due under order of settlement,income-tax-act-2025,,,official-none,
income-tax-act,245K,Bar on subsequent application for settlement,income-tax-act-2025,,,official-none,
income-tax-act,245L,Proceedings before Settlement Commission to be judicial proceedings,income-tax-act-2025,,,official-none,
income-tax-act,245M,Option to withdraw pending application,income-tax-act-2025,,,official-none,
income-tax-act,245MA,Dispute Resolution Committee,income-tax-act-2025,379,Dispute Resolution Committee,official,
income-tax-act,245N,Definitions,income-tax-act-2025,380,Interpretation,official,
income-tax-act,245P,"Vacancies, etc., not to invalidate proceedings",income-tax-act-2025,382,"Vacancies, etc., not to invalidate proceedings",official,
income-tax-act,245Q,Application for advance ruling,income-tax-act-2025,383,Application for advance ruling,official,
income-tax-act,245R,Procedure on receipt of application,income-tax-act-2025,384,Procedure on receipt of application,official,
income-tax-act,245RR,Appellate authority not to proceed in certain cases,income-tax-act-2025,385,Appellate authority not to proceed in certain cases,official,
income-tax-act,245S,Applicability of advance ruling,income-tax-act-2025,,,official-none,
income-tax-act,245T,Advance ruling to be void in certain circumstances,income-tax-act-2025,386,Advance ruling to be void in certain circumstances,official,
income-tax-act,245U,Powers of the Authority,income-tax-act-2025,387,Powers of the Board for Advance Rulings,official,
income-tax-act,245V,Procedure of Authority,income-tax-act-2025,388,Procedure of Board for Advance Rulings,official,
income-tax-act,245W,Appeal,income-tax-act-2025,389,Appeal,official,
income-tax-act,246,Appealable orders before Joint Commissioner (Appeals),income-tax-act-2025,356,Appealable orders before Joint Commissioner (Appeals),official,
income-tax-act,246A,Appealable orders before Commissioner (Appeals),income-tax-act-2025,357,Appealable orders before Commissioner (Appeals),official,
income-tax-act,248,Appeal by a person denying liability to deduct tax in certain cases,income-tax-act-2025,,,official-none,
income-tax-act,249,Form of appeal and limitation,income-tax-act-2025,358,Form of appeal and limitation,official,
income-tax-act,250,Procedure in appeal,income-tax-act-2025,359,Procedure in appeal,official,
income-tax-act,251,Powers of the Joint Commissioner (Appeals) or the Commissioner (Appeals),income-tax-act-2025,360,Powers of Joint Commissioner (Appeals) or Commissioner (Appeals),official,
income-tax-act,252,Appellate Tribunal,income-tax-act-2025,361,Appellate Tribunal,official,
income-tax-act,252A,"Qualifications, terms and conditions of service of President, Vice-President and Member",income-tax-act-2025,361,Appellate Tribunal,official,
income-tax-act,253,Appeals to the Appellate Tribunal,income-tax-act-2025,362,Appeals to Appellate Tribunal,official,
income-tax-act,254,Orders of Appellate Tribunal,income-tax-act-2025,363,Orders of Appellate Tribunal,official,
income-tax-act,255,Procedure of Appellate Tribunal,income-tax-act-2025,364,Procedure of Appellate Tribunal,official,
income-tax-act,256,Statement of case to the High Court,income-tax-act-2025,,,official-none,
income-tax-act,257,Statement of case to Supreme Court in certain cases,income-tax-act-2025,,,official-none,
income-tax-act,258,Power of High Court or Supreme Court to require statement to be amended,income-tax-act-2025,,,official-none,
income-tax-act,259,Case before High Court to be heard by not less than two judges,income-tax-act-2025,,,official-none,
income-tax-act,260,Decision of High Court or Supreme Court on the case stated,income-tax-act-2025,,,official-none,
income-tax-act,260A,Appeal to High Court,income-tax-act-2025,365,Appeal to High Court,official,
income-tax-act,260B,Case before High Court to be heard by not less than two Judges,income-tax-act-2025,366,Case before High Court to be heard by not less than two Judges,official,
income-tax-act,261,Appeal to Supreme Court,income-tax-act-2025,367,Appeal to Supreme Court,official,
income-tax-act,262,Hearing before Supreme Court,income-tax-act-2025,368,Hearing before Supreme Court,official,
income-tax-act,263,Revision of orders prejudicial to revenue,income-tax-act-2025,377,Revision of orders prejudicial to revenue,official,
income-tax-act,264,Revision of other orders,income-tax-act-2025,378,Revision of other orders,official,
income-tax-act,264A,Faceless revision of orders,income-tax-act-2025,532,Power to frame schemes,official,
income-tax-act,264B,Faceless effect of orders,income-tax-act-2025,532,Power to frame schemes,official,
income-tax-act,265,"Tax to be paid notwithstanding reference, etc",income-tax-act-2025,369,"Tax to be paid irrespective of appeal, etc",official,
income-tax-act,266,Execution for costs awarded by Supreme Court,income-tax-act-2025,370,Execution for costs awarded by Supreme Court,official,
income-tax-act,267,Amendment of assessment on appeal,income-tax-act-2025,371,Amendment of assessment on appeal,official,
income-tax-act,268,Exclusion of time taken for copy,income-tax-act-2025,372,Exclusion of time taken for copy,official,
income-tax-act,268A,Filing of appeal or application for reference by income-tax authority,income-tax-act-2025,373,Filing of appeal by income-tax authority,official,
income-tax-act,269,"Definition of ""High Court""",income-tax-act-2025,374,"Interpretation of ""High Court""",official,
income-tax-act,269A,Definitions,income-tax-act-2025,,,official-none,
income-tax-act,269AB,Registration of certain transactions,income-tax-act-2025,,,official-none,
income-tax-act,269B,Competent authority,income-tax-act-2025,,,official-none,
income-tax-act,269C,Immovable property in respect of which proceedings for acquisition may be taken,income-tax-act-2025,,,official-none,
income-tax-act,269E,Objections,income-tax-act-2025,,,official-none,
income-tax-act,269F,Hearing of objections,income-tax-act-2025,,,official-none,
income-tax-act,269G,Appeal against order for acquisition,income-tax-act-2025,,,official-none,
income-tax-act,269H,Appeal to High Court,income-tax-act-2025,,,official-none,
income-tax-act,269J,Compensation,income-tax-act-2025,,,official-none,
income-tax-act,269K,Payment or deposit of compensation,income-tax-act-2025,,,official-none,
income-tax-act,269L,Assistance by Valuation Officers,income-tax-act-2025,,,official-none,
income-tax-act,269M,Powers of competent authority,income-tax-act-2025,,,official-none,
income-tax-act,269N,Rectification of mistakes,income-tax-act-2025,,,official-none,
income-tax-act,269P,Statement to be furnished in respect of transfers of immovable property,income-tax-act-2025,,,official-none,
income-tax-act,269Q,Chapter not to apply to transfers to relatives,income-tax-act-2025,,,official-none,
income-tax-act,269R,Properties liable for acquisition under this Chapter not to be acquired under other laws,income-tax-act-2025,,,official-none,
income-tax-act,269RR,Chapter not to apply where transfer of immovable property made after a certain date,income-tax-act-2025,,,official-none,
income-tax-act,269SS,"Mode of taking or accepting certain loans, deposits and specified sum",income-tax-act-2025,185,"Mode of taking or accepting certain loans, deposits and specified sum",official,
income-tax-act,269ST,Mode of undertaking transactions,income-tax-act-2025,186,Mode of undertaking transactions,official,
income-tax-act,269SU,Acceptance of payment through prescribed electronic modes,income-tax-act-2025,187,Acceptance of payment through prescribed electronic modes,official,
income-tax-act,269T,Mode of repayment of certain loans or deposits,income-tax-act-2025,188,Mode of repayment of certain loans or deposits or specified advances,official,
income-tax-act,269TT,"Mode of repayment of Special Bearer Bonds, 1991",income-tax-act-2025,,,official-none,
income-tax-act,269U,Commencement of Chapter,income-tax-act-2025,,,official-none,
income-tax-act,269UA,Definitions,income-tax-act-2025,,,official-none,
income-tax-act,269UB,Appropriate authority,income-tax-act-2025,,,official-none,
income-tax-act,269UC,Restrictions on transfer of immovable property,income-tax-act-2025,,,official-none,
income-tax-act,269UD,Order by appropriate authority for purchase by Central Government of immovable property,income-tax-act-2025,,,official-none,
income-tax-act,269UE,Vesting of property in Central Government,income-tax-act-2025,,,official-none,
income-tax-act,269UF,Consideration for purchase of immovable property by Central Government,income-tax-act-2025,,,official-none,
income-tax-act,269UG,Payment or deposit of consideration,income-tax-act-2025,,,official-none,
income-tax-act,269UH,Re-vesting of property in the transferor on failure of payment or deposit of consideration,income-tax-act-2025,,,official-none,
income-tax-act,269UI,Powers of the appropriate authority,income-tax-act-2025,,,official-none,
income-tax-act,269UJ,Rectification of mistakes,income-tax-act-2025,,,official-none,
income-tax-act,269UK,Restrictions on revocation or alteration of certain agreements for the transfer of immovable property or on transfer of certain immovable property,income-tax-act-2025,,,official-none,
income-tax-act,269UL,"Restrictions on registration, etc., of documents in respect of transfer of immovable property",income-tax-act-2025,,,official-none,
income-tax-act,269UM,Immunity to transferor against claims of transferee for transfer,income-tax-act-2025,,,official-none,
income-tax-act,269UN,Order of appropriate authority to be final and conclusive,income-tax-act-2025,,,official-none,
income-tax-act,269UO,Chapter not to apply to certain transfers,income-tax-act-2025,,,official-none,
income-tax-act,269UP,Chapter not to apply where transfer of immovable property effected after certain date,income-tax-act-2025,,,official-none,
income-tax-act,270A,Penalty for under-reporting and misreporting of income,income-tax-act-2025,439,Penalty for under-reporting and misreporting of income,official,
income-tax-act,271,"Failure to furnish returns, comply with notices, concealment of income, etc",income-tax-act-2025,,,official-none,
income-tax-act,271A,"Failure to keep, maintain or retain books of account, documents, etc",income-tax-act-2025,441,"Failure to keep, maintain or retain books of account, documents, etc",official,
income-tax-act,271AA,"Penalty for failure to keep and maintain information and document, etc., in respect of certain transactions",income-tax-act-2025,442,"Penalty for failure to keep and maintain information and document, etc., in respect of certain transactions",official,
income-tax-act,271AAA,Penalty where search has been initiated,income-tax-act-2025,,,official-none,
income-tax-act,271AAB,Penalty where search has been initiated,income-tax-act-2025,,,official-none,
income-tax-act,271AAC,Penalty in respect of certain income,income-tax-act-2025,443,,official,
income-tax-act,271AAD,"Penalty for false entry, etc., in books of account",income-tax-act-2025,444,"Penalty for false entry, etc., in books of account",official,
income-tax-act,271AAE,Benefits to related persons,income-tax-act-2025,445,Benefits to related persons,official,
income-tax-act,271B,Failure to get accounts audited,income-tax-act-2025,446,Penalty for failure to furnish information or for furnishing inaccurate information on transaction of crypto-asset,official,
income-tax-act,271BA,Penalty for failure to furnish report under section 92E,income-tax-act-2025,447,,official,
income-tax-act,271C,Penalty for failure to deduct tax at source,income-tax-act-2025,448,Penalty for failure to deduct tax at source,official,
income-tax-act,271CA,Penalty for failure to collect tax at source,income-tax-act-2025,449,Penalty for failure to collect tax at source,official,
income-tax-act,271D,Penalty for failure to comply with the provisions of section 269SS,income-tax-act-2025,450,Penalty for failure to comply with provisions of section 185,official,
income-tax-act,271DA,Penalty for failure to comply with provisions of section 269ST,income-tax-act-2025,451,Penalty for failure to comply with provisions of section 186,official,
income-tax-act,271DB,Penalty for failure to comply with provisions of section 269SU,income-tax-act-2025,452,Penalty for failure to comply with provisions of section 187,official,
income-tax-act,271E,Penalty for failure to comply with the provisions of section 269T,income-tax-act-2025,453,Penalty for failure to comply with provisions of section 188,official,
income-tax-act,271F,Penalty for failure to furnish return of income,income-tax-act-2025,,,official-none,
income-tax-act,271FA,Penalty for failure to furnish statement of financial transaction or reportable account,income-tax-act-2025,454,,official,
income-tax-act,271FAB,Penalty for failure to furnish statement or information or document by an eligible investment fund,income-tax-act-2025,456,Penalty for failure to furnish statement or information or document by an eligible investment fund,official,
income-tax-act,271FB,Penalty for failure to furnish return of fringe benefits,income-tax-act-2025,,,official-none,
income-tax-act,271G,Penalty for failure to furnish information or document under section 92D,income-tax-act-2025,457,Penalty for failure to furnish information or document under section 171,official,
income-tax-act,271GA,Penalty for failure to furnish information or document under section 285A,income-tax-act-2025,458,Penalty for failure to furnish information or document under section 506,official,
income-tax-act,271GB,Penalty for failure to furnish report or for furnishing inaccurate report under section 286,income-tax-act-2025,459,Penalty for failure to furnish report or for furnishing inaccurate report under section 511,official,
income-tax-act,271GC,Penalty for failure to submit statement under section 285,income-tax-act-2025,460,Penalty for failure to submit statement under section 505,official,
income-tax-act,271H,"Penalty for failure to furnish statements, etc",income-tax-act-2025,461,"Penalty for failure to furnish statements, etc",official,
income-tax-act,271J,Penalty for furnishing incorrect information in reports or certificates,income-tax-act-2025,463,Penalty for furnishing incorrect information in reports or certificates,official,
income-tax-act,271K,"Penalty for failure to furnish statements, etc",income-tax-act-2025,464,"Penalty for failure to furnish statements, etc",official,
income-tax-act,272A,"Penalty for failure to answer questions, sign statements, furnish information, returns or statements, allow inspections, etc",income-tax-act-2025,465,"Penalty for failure to answer questions, sign statements, furnish information, returns or statements, allow inspections, etc",official,
income-tax-act,272AA,Penalty for failure to comply with the provisions of section 133B,income-tax-act-2025,466,Penalty for failure to comply with the provisions of section 254,official,
income-tax-act,272B,Penalty for failure to comply with the provisions of section 139A,income-tax-act-2025,467,sections 262 and 397,official,
income-tax-act,272BB,Penalty for failure to comply with the provisions of section 203A,income-tax-act-2025,468,Penalty for failure to comply with the provisions of section 397,official,
income-tax-act,272BBB,Penalty for failure to comply with the provisions of section 206CA,income-tax-act-2025,,,official-none,
income-tax-act,273,"False estimate of, or failure to pay, advance tax",income-tax-act-2025,,,official-none,
income-tax-act,273A,"Power to reduce or waive penalty, etc., in certain cases",income-tax-act-2025,469,"Power to reduce or waive penalty, etc., in certain cases",official,
income-tax-act,273AA,Power of Principal Commissioner orCommissioner to grant immunity from penalty,income-tax-act-2025,,,official-none,
income-tax-act,273B,Penalty not to be imposed in certain cases,income-tax-act-2025,470,Penalty not to be imposed in certain cases,official,
income-tax-act,274,Procedure,income-tax-act-2025,471,Procedure,official,
income-tax-act,275,Bar of limitation for imposing penalties,income-tax-act-2025,472,Bar of limitation for imposing penalties,official,
income-tax-act,275A,Contravention of order made during search action,income-tax-act-2025,473,,official,
income-tax-act,275B,Failure to afford facility for inspection of books of account during search,income-tax-act-2025,474,Failure to afford facility for inspection of books of account during search,official,
income-tax-act,276,"Removal, concealment, transfer or delivery of property to thwart tax recovery",income-tax-act-2025,475,"Removal, concealment, transfer or delivery of property to prevent tax recovery",official,
income-tax-act,276A,Failure to comply with the provisions of sub-sections (1) and (3) of section 178,income-tax-act-2025,,,official-none,
income-tax-act,276AB,"Failure to comply with the provisions of sections 269UC, 269UE and 269UL",income-tax-act-2025,,,official-none,
income-tax-act,276BB,Failure to pay tax collected at source,income-tax-act-2025,477,,official,
income-tax-act,276CCC,Failure to furnish return of income in search cases,income-tax-act-2025,480,,official,
income-tax-act,276D,Failure to comply with a direction of special audit or valuation,income-tax-act-2025,481,Failure to comply with a direction of special audit or valuation,official,
income-tax-act,277,"False statement in verification, etc",income-tax-act-2025,482,"False statement in verification, etc",official,
income-tax-act,277A,"Falsification of books of account or document, etc",income-tax-act-2025,483,"Falsification of books of account or document, etc",official,
income-tax-act,278,"Abetment of false return, etc",income-tax-act-2025,484,"Abetment of false return, etc",official,
income-tax-act,278A,Punishment for second and subsequent offences,income-tax-act-2025,485,Punishment for second and subsequent offences,official,
income-tax-act,278AA,Punishment not to be imposed in certain cases,income-tax-act-2025,486,Punishment not to be imposed in certain cases,official,
income-tax-act,278AB,Power of Principal Commissioner or Commissioner to grant immunity from prosecution,income-tax-act-2025,,,official-none,
income-tax-act,278B,Offences by companies,income-tax-act-2025,487,Offences by companies,official,
income-tax-act,278C,Offences by Hindu undivided families,income-tax-act-2025,488,Offences by Hindu undivided family,official,
income-tax-act,278D,"Presumption as to assets, books of account, etc., in certain cases",income-tax-act-2025,489,"Presumption as to assets, books of account, etc., in certain cases",official,
income-tax-act,278E,Presumption as to culpable mental state,income-tax-act-2025,490,Presumption as to culpable mental state,official,
income-tax-act,279,Prosecution to be at instance of Principal Chief Commissioner or Chief Commissioner or Principal Commissioner or Commissioner,income-tax-act-2025,491,Prosecution to be at instance of Principal Chief Commissioner or Chief Commissioner or Principal Commissioner or Commissioner,official,
income-tax-act,279A,Certain offences to be non-cognizable,income-tax-act-2025,492,Certain offences to be non-cognizable,official,
income-tax-act,279B,Proof of entries in records or documents,income-tax-act-2025,493,Proof of entries in records or documents,official,
income-tax-act,280,Disclosure of particulars by public servants,income-tax-act-2025,494,Disclosure of particulars by public servants,official,
income-tax-act,280A,Special Courts,income-tax-act-2025,495,Special Courts,official,
income-tax-act,280B,Offences triable by Special Court,income-tax-act-2025,496,Offences triable by Special Court,official,
income-tax-act,280C,Trial of offences as summons case,income-tax-act-2025,497,Trial of offences as summons case,official,
income-tax-act,280D,"Application of Code of Criminal Procedure, 1973 to proceedings before Special Court",income-tax-act-2025,498,"Application of Bharatiya Nagarik Suraksha Sanhita, 2023 to proceedings before Special Court",official,
income-tax-act,281,Certain transfers to be void,income-tax-act-2025,499,Certain transfers to be void,official,
income-tax-act,281B,Provisional attachment to protect revenue in certain cases,income-tax-act-2025,500,Provisional attachment to protect revenue in certain cases,official,
income-tax-act,282,Service of notice generally,income-tax-act-2025,501,"Service of notice, generally",official,
income-tax-act,282A,Authentication of notices and other documents,income-tax-act-2025,502,Authentication of notices and other documents,official,
income-tax-act,283,"Service of notice when family is disrupted or firm, etc., is dissolved",income-tax-act-2025,503,"Service of notice when family is disrupted or firm etc., is dissolved",official,
income-tax-act,284,Service of notice in the case of discontinued business,income-tax-act-2025,504,Service of notice in case of discontinued business,official,
income-tax-act,285,Submission of statement by a non-resident having liaison office,income-tax-act-2025,505,Submission of statement by a non-resident having liaison office,official,
income-tax-act,285A,Furnishing of information or documents by an Indian concern in certain cases,income-tax-act-2025,506,Furnishing of information or documents by an Indian concern in certain cases,official,
income-tax-act,285B,Submission of statements by producers of cinematograph films or persons engaged in specified activity,income-tax-act-2025,507,Submission of statements by producers of cinematograph films or persons engaged in specified activity,official,
income-tax-act,285BA,Obligation to furnish statement of financial transaction or reportable account,income-tax-act-2025,508,Obligation to furnish statement of financial transaction or reportable account,official,
income-tax-act,285BB,Annual information statement,income-tax-act-2025,510,Annual information statement,official,
income-tax-act,286,Furnishing of report in respect of international group,income-tax-act-2025,511,Furnishing of report in respect of international group,official,
income-tax-act,287,Publication of information respecting assessees in certain cases,income-tax-act-2025,512,Publication of information respecting assessees in certain cases,official,
income-tax-act,287A,Appearance by registered valuer in certain matters,income-tax-act-2025,513,Appearance by registered valuer in certain matters,official,
income-tax-act,288,Appearance by authorised representative,income-tax-act-2025,515,Appearance by authorised representative,official,
income-tax-act,288A,Rounding off of income,income-tax-act-2025,516,"Rounding off of amount of total income, or amount payable or refundable",official,
income-tax-act,288B,Rounding off amount payable and refund due,income-tax-act-2025,516,"Rounding off of amount of total income, or amount payable or refundable",official,
income-tax-act,289,Receipt to be given,income-tax-act-2025,517,Receipt to be given,official,
income-tax-act,290,Indemnity,income-tax-act-2025,518,Indemnity,official,
income-tax-act,291,Power to tender immunity from prosecution,income-tax-act-2025,519,Power to tender immunity from prosecution,official,
income-tax-act,292,Cognizance of offences,income-tax-act-2025,520,Cognizance of offences,official,
income-tax-act,292A,"Section 360 of the Code of Criminal Procedure, 1973, and the Probation of Offenders Act, 1958, not to apply",income-tax-act-2025,521,"Probation of Offenders Act, 1958 and section 401 of Bharatiya Nagarik Suraksha Sanhita, 2023, not to apply",official,
income-tax-act,292B,"Return of income, etc., not to be invalid on certain grounds",income-tax-act-2025,522,"Circumstances in which return of income, assessment, approvals, etc., not to be invalid",official,
income-tax-act,292BB,Notice deemed to be valid in certain circumstances,income-tax-act-2025,523,Notice deemed to be valid in certain circumstances,official,
income-tax-act,292C,"Presumption as to assets, books of account, etc",income-tax-act-2025,524,"Presumption as to assets, books of account, etc",official,
income-tax-act,292CC,Authorisation and assessment in case of search or requisition,income-tax-act-2025,525,Authorisation and assessment in case of search or requisition,official,
income-tax-act,293,Bar of suits in civil courts,income-tax-act-2025,526,Bar of suits in civil courts,official,
income-tax-act,293A,"Power to make exemption, etc., in relation to participation in the business of prospecting for, extraction, etc., of mineral oils",income-tax-act-2025,527,"Power to make exemption, etc., in relation to participation in business of prospecting for, extraction, etc., of mineral oils",official,
income-tax-act,293B,Power of Central Government or Board to condone delays in obtaining approval,income-tax-act-2025,528,Power of Central Government or Board to condone delays in obtaining approval,official,
income-tax-act,293C,Power to withdraw approval,income-tax-act-2025,529,Power to withdraw approval,official,
income-tax-act,293D,Faceless approval or registration,income-tax-act-2025,532,Power to frame schemes,official,
income-tax-act,294,Act to have effect pending legislative provision for charge of tax,income-tax-act-2025,530,Act to have effect pending legislative provision for charge of tax,official,
income-tax-act,294A,"Power to make exemption, etc., in relation to certain Union territories",income-tax-act-2025,531,"Power to rescind exemption in relation to certain Union territories already granted under section 294A of the Income-tax Act, 1961",official,
income-tax-act,295,Power to make rules,income-tax-act-2025,533,Power to make rules,official,
income-tax-act,296,Rules and certain notifications to be placed before Parliament,income-tax-act-2025,534,Laying before Parliament,official,
income-tax-act,297,Repeals and savings,income-tax-act-2025,536,Repeal and savings,official,
income-tax-act,298,Power to remove difficulties,income-tax-act-2025,535,Removal of difficulties,official,
ipc,1,Title and extent of operation of the Code,bns,,,none,0.2965
ipc,2,Punishment of offences committed within India,bns,1,"Short title, commencement and application",close,0.7
ipc,3,"Punishment of offences committed beyond, but which by law may be tried within, India",bns,1,"Short title, commencement and application",close,0.6544
ipc,4,Extension of Code to extra-territorial offences,bns,,,none,0.2551
ipc,5,Certain laws not to be affected by this Act,bns,1,"Short title, commencement and application",weak,0.5191
ipc,6,Definitions in the Code to be understood subject to exceptions,bns,3,General explanations,close,0.7
ipc,7,Sense of expression once explained,bns,3,General explanations,close,0.7
ipc,8,Gender,bns,2,Definitions,close,0.7
ipc,9,Number,bns,2,Definitions,close,0.7
ipc,10,"""Man"". ""Woman""",bns,2,Definitions,close,0.7
ipc,11,"""Person""",bns,2,Definitions,close,0.7
ipc,12,"""Public""",bns,,,none,0.4045
ipc,14,"""Servant of Government""",bns,,,none,0.3066
ipc,17,"""Government""",bns,2,Definitions,close,0.7
ipc,18,"""India""",bns,,,none,0.2736
ipc,19,"""Judge""",bns,2,Definitions,weak,0.5578
ipc,20,"""Court of Justice""",bns,,,none,0.4176
ipc,21,"""Public servant""",bns,2,Definitions,close,0.6208
ipc,22,"""Movable property""",bns,2,Definitions,close,0.6434
ipc,23,"""Wrongful gain""",bns,2,Definitions,close,0.7
ipc,24,"""Dishonestly""",bns,2,Definitions,close,0.6447
ipc,25,"""Fraudulently""",bns,2,Definitions,weak,0.5609
ipc,26,"""Reason to believe""",bns,2,Definitions,close,0.7
ipc,27,"Property in possession of wife, clerk or servant",bns,3,General explanations,close,0.6626
ipc,28,"""Counterfeit""",bns,2,Definitions,close,0.7
ipc,29,"""Document""",bns,2,Definitions,close,0.6945
ipc,30,"""Valuable security""",bns,2,Definitions,close,0.6591
ipc,31,"""A will""",bns,2,Definitions,weak,0.5302
ipc,32,Words referring to acts include illegal omissions,bns,3,General explanations,close,0.7
ipc,33,"""Act"". ""Omission""",bns,2,Definitions,close,0.7
ipc,34,Acts done by several persons in futherance of common intention,bns,3,General explanations,close,0.7
ipc,35,When such an act is criminal by reason of its being done with a criminal knowledge or intention,bns,3,General explanations,close,0.7
ipc,36,Effect caused partly by act and partly by omission,bns,3,General explanations,close,0.6701
ipc,37,Co-operation by doing one of several acts constituting an offence,bns,3,General explanations,close,0.6569
ipc,38,Persons concerned in criminal Act may be guilty of different offences,bns,3,General explanations,close,0.7
ipc,39,"""Voluntarily""",bns,2,Definitions,close,0.7
ipc,40,"""Offence""",bns,2,Definitions,close,0.6591
ipc,41,"""Special law""",bns,2,Definitions,close,0.7
ipc,42,"""Local law""",bns,2,Definitions,close,0.7
ipc,43,"""Legally bound to do""",bns,2,Definitions,close,0.7
ipc,44,"""Injury""",bns,2,Definitions,close,0.7
ipc,45,"""Life""",bns,2,Definitions,close,0.7
ipc,46,"""Death""",bns,2,Definitions,close,0.7
ipc,47,"""Animal""",bns,2,Definitions,close,0.7
ipc,48,"""Vessel""",bns,2,Definitions,close,0.7
ipc,49,"""Month""",bns,2,Definitions,close,0.628
ipc,50,"""Section""",bns,,,none,0.3517
ipc,51,"""Oath""",bns,2,Definitions,close,0.6586
ipc,52,"""Good faith""",bns,2,Definitions,close,0.7
ipc,52A,"""Harbour""",bns,2,Definitions,weak,0.5586
ipc,53,Punishments,bns,4,Punishments,close,0.7148
ipc,53A,Construction of reference to transportation,bns,,,none,0.3495
ipc,54,Commutation of sentence of death,bns,5,Commutation of sentence,close,0.6758
ipc,55,Commutation of sentence of imprisonment for life,bns,5,Commutation of sentence,weak,0.5033
ipc,55A,"Definition of ""appropriate Government""",bns,5,Commutation of sentence,close,0.6257
ipc,56,,bns,,,none,0.1898
ipc,57,Fractions of terms of punishment,bns,6,Fractions of terms of punishment,near-identical,0.95
ipc,58,,bns,,,none,0.1903
ipc,59,,bns,,,none,0.2067
ipc,60,Sentence may be (in certain cases of imprisonment) wholly or partly rigorous or simple,bns,7,Sentence may be (in certain cases of imprisonment) wholly or partly rigorous or simple,near-identical,1
ipc,61,,bns,,,none,0.3216
ipc,62,,bns,,,none,0.3419
ipc,63,Amount of fine,bns,8,"Amount of fine, liability in default of payment of fine, etc",close,0.8363
ipc,64,Sentence of imprisonment for non-payment of fine,bns,8,"Amount of fine, liability in default of payment of fine, etc",close,0.788
ipc,65,"Limit to imprisonment for non-payment of fine, when imprisonment and fine awardable",bns,8,"Amount of fine, liability in default of payment of fine, etc",close,0.7857
ipc,66,Description of imprisonment for non-payment of fine,bns,8,"Amount of fine, liability in default of payment of fine, etc",close,0.7852
ipc,67,"Imprisonment for non-payment of fine, when offence punishable with fine only",bns,8,"Amount of fine, liability in default of payment of fine, etc",close,0.6774
ipc,68,Imprisonment to terminate on payment of fine,bns,8,"Amount of fine, liability in default of payment of fine, etc",close,0.792
ipc,69,Termination of imprisonment on payment of proportional part of fine,bns,8,"Amount of fine, liability in default of payment of fine, etc",close,0.7461
ipc,70,"Fine leviable within six years, or during imprisonment. Death not to discharge property from liability",bns,8,"Amount of fine, liability in default of payment of fine, etc",close,0.7546
ipc,71,Limit of punishment of offence made up of several offences,bns,9,Limit of punishment of offence made up of several offences,near-identical,0.9997
ipc,72,"Punishment of person guilty of one of several offences, the judgment stating that it is doubtful of which",bns,10,"Punishment of person guilty of one of several offences, judgment stating that it is doubtful of which",near-identical,1
ipc,73,Solitary confinement,bns,11,Solitary confinement,near-identical,0.9811
ipc,74,Limit of solitary confinement,bns,12,Limit of solitary confinement,near-identical,1
ipc,75,Enhanced punishment for certain offence under Chapter XII or Chapter XVII after previous conviction,bns,13,Enhanced punishment for certain offences after previous conviction,close,0.7165
ipc,76,"Act done by a person bound, or by mistake of fact believing himself bound, by law.--",bns,14,"Act done by a person bound, or by mistake of fact believing himself bound, by law",near-identical,0.992
ipc,77,Act of Judge when acting judicially,bns,15,Act of Judge when acting judicially,near-identical,1
ipc,78,Act done pursuant to the judgment or order of Court,bns,16,Act done pursuant to judgment or order of Court,near-identical,0.9899
ipc,79,"Act done by a person justified, or by mistake of fact believing himself, justified, by law",bns,17,"Act done by a person justified, or by mistake of fact believing himself justified, by law",near-identical,1
ipc,80,Accident in doing a lawful act,bns,18,Accident in doing a lawful act,near-identical,1
ipc,81,"Act likely to cause harm, but done without criminal intent, and to prevent other harm",bns,19,"Act likely to cause harm, but done without criminal intent, and to prevent other harm",near-identical,0.9954
ipc,82,Act of a child under seven years of age,bns,20,Act of a child under seven years of age,near-identical,1
ipc,83,Act of a child above seven and under twelve of immature understanding,bns,21,Act of a child above seven and under twelve years of age of immature understanding,near-identical,0.9639
ipc,84,Act of a person of unsound mind,bns,22,Act of a person of unsound mind,near-identical,1
ipc,85,Act of a person incapable of judgment by reason of intoxication caused against his will,bns,23,Act of a person incapable of judgment by reason of intoxication caused against his will,near-identical,1
ipc,86,Offence requiring a particular intent or knowledge committed by one who is intoxicated,bns,24,Offence requiring a particular intent or knowledge committed by one who is intoxicated,near-identical,1
ipc,87,"Act not intended and not known to be likely to cause death or grievous hurt, done by consent",bns,25,"Act not intended and not known to be likely to cause death or grievous hurt, done by consent",near-identical,1
ipc,88,"Act not intended to cause death, done by consent in good faith for person's benefit",bns,26,"Act not intended to cause death, done by consent in good faith for person's benefit",near-identical,0.9801
ipc,89,"Act done in good faith for benefit of child or insane person, by or by consent of guardian",bns,27,"Act done in good faith for benefit of child or person of unsound mind, by, or by consent of guardian",near-identical,0.9125
ipc,90,Consent known to be given under fear or misconception,bns,28,Consent known to be given under fear or misconception,near-identical,0.95
ipc,91,Exclusion of acts which are offences independently of harm cause,bns,29,Exclusion of acts which are offences independently of harm caused,near-identical,0.942
ipc,92,Act done in good faith for benefit of a person without consent,bns,30,Act done in good faith for benefit of a person without consent,near-identical,0.9704
ipc,93,Communication made in good faith,bns,31,Communication made in good faith,near-identical,1
ipc,94,Act to which a person is compelled by threats,bns,32,Act to which a person is compelled by threats,near-identical,0.979
ipc,95,Act causing slight harm,bns,33,Act causing slight harm,near-identical,0.9531
ipc,96,Things done in private defence,bns,34,Things done in private defence,near-identical,1
ipc,97,Right of private defence of the body and of property,bns,35,Right of private defence of body and of property,near-identical,0.943
ipc,98,"Right of private defence against the act of a person of unsound mind, etc",bns,36,"Right of private defence against act of a person of unsound mind, etc",near-identical,0.9704
ipc,99,Acts against which there is no right of private defence,bns,37,Acts against which there is no right of private defence,near-identical,0.9748
ipc,100,When the right of private defence of the body extends to causing death,bns,38,When right of private defence of body extends to causing death,near-identical,0.881
ipc,101,When such right extends to causing any harm other than death,bns,42,When such right extends to causing any harm other than death,near-identical,0.95
ipc,102,body,bns,40,Commencement and continuance of right of private defence of body,close,0.8027
ipc,103,When the right of private defence of property extends to causing death,bns,41,When right of private defence of property extends to causing death,near-identical,0.9152
ipc,104,When such right to causing any harm other than death,bns,42,When such right extends to causing any harm other than death,near-identical,0.872
ipc,105,Commencement and continuance of the right of private defence of property,bns,43,Commencement and continuance of right of private defence of property,near-identical,0.9535
ipc,106,Right of private defence against deadly assault when there is risk of harm to innocent person,bns,44,Right of private defence against deadly assault when there is risk of harm to innocent person,near-identical,0.9778
ipc,107,Abetment of a thing,bns,45,Abetment of a thing,near-identical,0.9718
ipc,108,Abettor,bns,46,Abettor,near-identical,0.9948
ipc,108A,Abetment in India of offences outside India,bns,47,Abetment in India of offences outside India,near-identical,0.95
ipc,109,Punishment of abetment if the act abetted is committed in consequence and where no express provision is made for its punishment,bns,49,Punishment of abetment if act abetted is committed in consequence and where no express provision is made for its punishment,near-identical,0.9028
ipc,110,Punishment of abetment if person abetted does act with different intention from that of abettor,bns,50,Punishment of abetment if person abetted does act with different intention from that of abettor,near-identical,1
ipc,111,Liability of abettor when one act abetted and different act done,bns,51,Liability of abettor when one act abetted and different act done,near-identical,0.9792
ipc,112,Abettor when liable to cumulative punishment for act abetted and for act done,bns,52,Abettor when liable to cumulative punishment for act abetted and for act done,near-identical,0.9857
ipc,113,Liability of abettor for an effect caused by the act abetted different from that intended by the abettor,bns,53,Liability of abettor for an effect caused by act abetted different from that intended by abettor,near-identical,1
ipc,114,Abettor present when offence is committed,bns,54,Abettor present when offence is committed,near-identical,1
ipc,115,Abetment of offence punishable with death or imprisonment for life-if offence is not committed,bns,55,Abetment of offence punishable with death or imprisonment for life,near-identical,0.9452
ipc,116,Abetment of offence punishable with imprisonment--if offence be not committed,bns,56,Abetment of offence punishable with imprisonment,near-identical,0.9011
ipc,117,Abetting commission of offence by the public or by more than ten persons,bns,57,Abetting commission of offence by public or by more than ten persons,near-identical,0.9923
ipc,118,Concealing design to commit offence punishable with death or imprisonment for life,bns,58,Concealing design to commit offence punishable with death or imprisonment for life,near-identical,0.95
ipc,119,Public servant concealing design to commit offence which it is his duty to prevent,bns,59,Public servant concealing design to commit offence which it is his duty to prevent,near-identical,0.95
ipc,120,Concealing design to commit offence punishable with imprisonment,bns,60,Concealing design to commit offence punishable with imprisonment,near-identical,0.95
ipc,120A,Definition of criminal conspiracy,bns,61,Criminal conspiracy,close,0.8472
ipc,120B,Punishment of criminal conspiracy,bns,61,Criminal conspiracy,close,0.7699
ipc,121,"Waging, or attempting to wage war, or abetting waging of war, against the Government of India",bns,147,"Waging, or attempting to wage war, or abetting waging of war, against Government of India",near-identical,1
ipc,121A,Conspiracy to commit offences punishable by section 121,bns,148,Conspiracy to commit offences punishable by section 147,near-identical,0.9849
ipc,122,"Collecting arms, etc., with intention of waging war against the Government of India",bns,149,"Collecting arms, etc., with intention of waging war against Government of India",near-identical,1
ipc,123,Concealing with intent to facilitate design to wage war,bns,150,Concealing with intent to facilitate design to wage war,near-identical,1
ipc,124,"Assaulting President, Governor, etc., with intent to compel or restrain the exercise of any lawful power",bns,151,"Assaulting President, Governor, etc., with intent to compel or restrain exercise of any lawful power",close,0.7357
ipc,124A,Sedition,bns,,,none,0.4276
ipc,125,Waging war against any Asiatic Power in alliance with the Government of India,bns,153,Waging war against Government of any foreign State at peace with Government of India,close,0.7845
ipc,126,Committing depredation on territories of Power at peace with the Government of India,bns,154,Committing depredation on territories of foreign State at peace with Government of India,near-identical,0.8858
ipc,127,Receiving property taken by war or depredation mentioned in sections 125 and 126,bns,155,Receiving property taken by war or depredation mentioned in sections 153 and 154,near-identical,1
ipc,128,Public servant voluntarily allowing prisoner of state or war to escape,bns,156,Public servant voluntarily allowing prisoner of State or war to escape,near-identical,1
ipc,129,Public servant negligently suffering such prisoner to escape,bns,157,Public servant negligently suffering such prisoner to escape,near-identical,1
ipc,130,"Aiding escape of, rescuing or harbouring such prisoner",bns,158,"Aiding escape of, rescuing or harbouring such prisoner",near-identical,0.95
ipc,131,"Abetting mutiny, or attempting to seduce a soldier, sailor or airman from his duty",bns,159,"Abetting mutiny, or attempting to seduce a soldier, sailor or airman from his duty",near-identical,0.95
ipc,132,"Abetment of mutiny, if mutiny is committed in consequence thereof",bns,160,"Abetment of mutiny, if mutiny is committed in consequence thereof",near-identical,1
ipc,133,"Abetment of assault by soldier, sailor or airman on his superior officer, when in execution of his office",bns,161,"Abetment of assault by soldier, sailor or airman on his superior officer, when in execution of his office",near-identical,1
ipc,134,"Abetment of such assault, if the assault committed",bns,162,"Abetment of such assault, if assault committed",near-identical,1
ipc,135,"Abetment of desertion of soldier, sailor or airman",bns,163,"Abetment of desertion of soldier, sailor or airman",near-identical,1
ipc,136,Harbouring deserter,bns,164,Harbouring deserter,near-identical,0.9366
ipc,137,Deserter concealed on board merchant vessel through negligence of master,bns,165,Deserter concealed on board merchant vessel through negligence of master,near-identical,0.9836
ipc,138,"Abetment of act of insubordination by soldier, sailor or airman",bns,166,"Abetment of act of insubordination by soldier, sailor or airman",near-identical,0.9747
ipc,138A,Repealed,bns,,,none,0.1513
ipc,139,Persons subject to certain Acts,bns,167,Persons subject to certain Acts,near-identical,0.95
ipc,140,"Wearing garb or carrying token used by soldier, sailor or airman",bns,168,"Wearing garb or carrying token used by soldier, sailor or airman",near-identical,0.95
ipc,141,Unlawful assembly,bns,189,Unlawful assembly,close,0.8468
ipc,142,Being member of unlawful assembly,bns,189,Unlawful assembly,near-identical,0.8513
ipc,143,Punishment,bns,189,Unlawful assembly,close,0.7
ipc,144,Joining unlawful assembly armed with deadly weapon,bns,189,Unlawful assembly,close,0.8004
ipc,145,"Joining or continuing in unlawful assembly, knowing it has been commanded to disperse",bns,189,Unlawful assembly,close,0.7323
ipc,146,Rioting,bns,191,Rioting,near-identical,0.9
ipc,147,Punishment for rioting,bns,191,Rioting,near-identical,0.8733
ipc,148,"Rioting, armed with deadly weapon",bns,191,Rioting,close,0.7662
ipc,149,Every member of unlawful assembly guilty of offence committed in prosecution of common object,bns,190,Every member of unlawful assembly guilty of offence committed in prosecution of common object,near-identical,1
ipc,150,"Hiring, or conniving at hiring, of persons to join unlawful assembly",bns,189,Unlawful assembly,close,0.7465
ipc,151,Knowingly joining or continuing in assembly of five or more persons after it has been commanded to disperse,bns,189,Unlawful assembly,close,0.7176
ipc,152,"Assaulting or obstructing public servant when suppressing riot, etc",bns,195,"Assaulting or obstructing public servant when suppressing riot, etc",near-identical,0.9562
ipc,153,Want only giving provocation with intent to cause riot-if rioting be committed:if not committed,bns,192,Wantonly giving provocation with intent to cause riot-if rioting be committed; if not committed,near-identical,0.8789
ipc,153A,"Promoting enmity between different groups on ground of religion, race, place of birth, residence, language, etc., and doing acts prejudicial to maintenance of harmony",bns,196,"Promoting enmity between different groups on grounds of religion, race, place of birth, residence, language, etc., and doing acts prejudicial to maintenance of harmony",near-identical,0.9605
ipc,153B,"Imputations, assertions prejudicial to national integration",bns,197,"Imputations, assertions prejudicial to national integration",near-identical,0.9708
ipc,154,Owner or occupier of land on which an unlawful assembly is held,bns,193,"Liability of owner, occupier, etc., of land on which an unlawful assembly or riot takes place",close,0.8095
ipc,155,Liability of person for whose benefit riot is committed,bns,193,"Liability of owner, occupier, etc., of land on which an unlawful assembly or riot takes place",close,0.7634
ipc,156,Liability of agent of owner or occupier for whose benefit riot is committed,bns,193,"Liability of owner, occupier, etc., of land on which an unlawful assembly or riot takes place",close,0.8143
ipc,157,Harbouring persons hired for an unlawful assembly,bns,189,Unlawful assembly,close,0.8155
ipc,158,Being hired to take part in an unlawful assembly or riot;,bns,189,Unlawful assembly,close,0.7764
ipc,159,Affray,bns,194,Affray,near-identical,0.9
ipc,160,Punishment for committing affray,bns,,,none,0.4307
ipc,161,,bns,,,none,0.3053
ipc,162,,bns,,,none,0.3053
ipc,163,,bns,,,none,0.3053
ipc,164,,bns,,,none,0.3053
ipc,165,,bns,,,none,0.3053
ipc,165A,,bns,,,none,0.3053
ipc,166,"Public servant disobeying law, with intent to cause injury to any person",bns,198,"Public servant disobeying law, with intent to cause injury to any person",near-identical,0.9656
ipc,167,Public servant framing an incorrect document with intent to cause injury,bns,201,Public servant framing an incorrect document with intent to cause injury,near-identical,0.95
ipc,168,Public servant unlawfully engaging in trade,bns,202,Public servant unlawfully engaging in trade,near-identical,0.95
ipc,169,Public servant unlawfully buying or bidding for property,bns,203,Public servant unlawfully buying or bidding for property,near-identical,1
ipc,170,Personating a public servant,bns,204,Personating a public servant,near-identical,0.966
ipc,171,Wearing garb or carrying token used by public servant with fraudulent intent,bns,205,Wearing garb or carrying token used by public servant with fraudulent intent,near-identical,0.95
ipc,171A,"""Candidate"", ""Electoral right"" defined",bns,169,"Candidate, electoral right defined",near-identical,1
ipc,171B,Bribery,bns,170,Bribery,near-identical,1
ipc,171C,Undue influence at elections,bns,171,Undue influence at elections,near-identical,1
ipc,171D,Personation at elections,bns,172,Personation at elections,near-identical,0.9
ipc,171E,Punishment for bribery,bns,173,Punishment for bribery,near-identical,1
ipc,171F,Punishment for undue influence or personation at an election,bns,174,Punishment for undue influence or personation at an election,near-identical,1
ipc,171G,False statement in connection with an election,bns,175,False statement in connection with an election,near-identical,1
ipc,171H,Illegal payments in connection with an election,bns,176,Illegal payments in connection with an election,near-identical,0.95
ipc,172,Absconding to avoid service of summons or other proceeding,bns,206,Absconding to avoid service of summons or other proceeding,near-identical,0.9559
ipc,173,"Preventing service of summons or other proceeding, or preventing publication thereof",bns,207,"Preventing service of summons or other proceeding, or preventing publication thereof",near-identical,0.9774
ipc,174,Non-attendance in obedience to an order from public servant,bns,208,Non-attendance in obedience to an order from public servant,near-identical,0.9842
ipc,175,Omission to produce document to public servant by person legally bound to produce it,bns,210,Omission to produce document or electronic record to public servant by person legally bound to produce it,near-identical,0.8501
ipc,176,Omission to give notice or information to public servant by person legally bound to give it,bns,211,Omission to give notice or information to public servant by person legally bound to give it,near-identical,0.9754
ipc,177,Furnishing false information,bns,212,Furnishing false information,near-identical,0.9441
ipc,178,Refusing oath or affirmation when duly required by public servant to make it,bns,213,Refusing oath or affirmation when duly required by public servant to make it,near-identical,0.9901
ipc,179,Refusing to answer public servant authorized to question,bns,214,Refusing to answer public servant authorised to question,near-identical,0.9292
ipc,180,Refusing to sign statement,bns,215,Refusing to sign statement,near-identical,0.9706
ipc,181,False statement on oath or affirmation to public servant or person authorized to administer an oath or affirmation,bns,216,False statement on oath or affirmation to public servant or person authorised to administer an oath or affirmation,near-identical,0.9364
ipc,182,"False information, with intent to cause public servant to use his lawful power to the injury of another person",bns,217,"False information, with intent to cause public servant to use his lawful power to injury of another person",near-identical,0.9553
ipc,183,Resistance to the taking of property by the lawful authority of a public servant,bns,218,Resistance to taking of property by lawful authority of a public servant,near-identical,0.9801
ipc,184,Obstructing sale of property offered for sale by authority of public servant,bns,219,Obstructing sale of property offered for sale by authority of public servant,near-identical,0.9651
ipc,185,Illegal purchase or bid for property offered for sale by authority of public servant,bns,220,Illegal purchase or bid for property offered for sale by authority of public servant,near-identical,1
ipc,186,Obstructing public servant in discharge of public functions,bns,221,Obstructing public servant in discharge of public functions,near-identical,0.9694
ipc,187,Omission to assist public servant when bound by law to give assistance,bns,222,Omission to assist public servant when bound by law to give assistance,near-identical,0.9766
ipc,188,Disobedience to order duly promulgated by public servant,bns,223,Disobedience to order duly promulgated by public servant,near-identical,0.9834
ipc,189,Threat of injury to public servant,bns,224,Threat of injury to public servant,near-identical,1
ipc,190,Threat of injury to induce person to refrain from applying for protection to public servant,bns,225,Threat of injury to induce person to refrain from applying for protection to public servant,near-identical,0.95
ipc,191,Giving false evidence,bns,227,Giving false evidence,near-identical,1
ipc,192,Fabricating false evidence,bns,228,Fabricating false evidence,near-identical,0.9874
ipc,193,Punishment for false evidence,bns,229,Punishment for false evidence,near-identical,0.9537
ipc,194,Giving or fabricating false evidence with intent to procure conviction of capital offence,bns,230,Giving or fabricating false evidence with intent to procure conviction of capital offence,near-identical,0.95
ipc,195,Giving or fabricating false evidence with intent to procure conviction of offence punishable with imprisonment for life or imprisonment,bns,231,Giving or fabricating false evidence with intent to procure conviction of offence punishable with imprisonment for life or imprisonment,near-identical,0.9913
ipc,196,Using evidence known to be false,bns,233,Using evidence known to be false,near-identical,1
ipc,197,Issuing or signing false certificate,bns,234,Issuing or signing false certificate,near-identical,1
ipc,198,Using as true a certificate known to be false,bns,235,Using as true a certificate known to be false,near-identical,1
ipc,199,False statement made in declaration which is by law receivable as evidence,bns,236,False statement made in declaration which is by law receivable as evidence,near-identical,0.9589
ipc,200,Using as true such declaration knowing it to be false,bns,237,Using as true such declaration knowing it to be false,near-identical,0.95
ipc,201,"Causing disappearance of evidence of offence, or giving false information to screen offender",bns,238,"Causing disappearance of evidence of offence, or giving false information to screen offender",near-identical,0.9569
ipc,202,Intentional omission to give information of offence by person bound to inform,bns,239,Intentional omission to give information of offence by person bound to inform,near-identical,0.9615
ipc,203,Giving false information respecting an offence committed,bns,240,Giving false information respecting an offence committed,near-identical,0.95
ipc,204,Destruction of document to prevent its production as evidence,bns,241,Destruction of document or electronic record to prevent its production as evidence,near-identical,0.8532
ipc,205,False personation for purpose of act or proceeding in suit or prosecution,bns,242,False personation for purpose of act or proceeding in suit or prosecution,near-identical,1
ipc,206,Fraudulent removal or concealment of property to prevent its seizure as forfeited or in execution,bns,243,Fraudulent removal or concealment of property to prevent its seizure as forfeited or in execution,near-identical,0.9601
ipc,207,Fraudulent claim to property to prevent its seizure as forfeited or in execution,bns,244,Fraudulent claim to property to prevent its seizure as forfeited or in execution,near-identical,0.9547
ipc,208,Fraudulently suffering decree for sum not due,bns,245,Fraudulently suffering decree for sum not due,near-identical,1
ipc,209,Dishonestly making false claim in Court,bns,246,Dishonestly making false claim in Court,near-identical,0.95
ipc,210,Fraudulently obtaining decree for sum not due,bns,247,Fraudulently obtaining decree for sum not due,near-identical,1
ipc,211,False charge of offence made with intent to injure,bns,248,False charge of offence made with intent to injure,near-identical,0.9565
ipc,212,"Harbouring offender-if a capital offence, if punishable with imprisonment for life, or with imprisonment",bns,249,Harbouring offender,close,0.784
ipc,213,"Taking gift, etc., to screen an offender from punishment-if a capital offence; if punishable with imprisonment for life, or with imprisonment",bns,250,"Taking gift, etc., to screen an offender from punishment",close,0.8489
ipc,214,"Offering gift or restoration of property in consideration of screening offender-if a capital offence; if punishable with imprisonment for life, or with imprisonment",bns,251,Offering gift or restoration of property in consideration of screening offender,close,0.7899
ipc,215,"Taking gift to help to recover stolen property, etc",bns,252,"Taking gift to help to recover stolen property, etc",near-identical,1
ipc,216,"Harbouring offender who has escaped from custody or whose apprehension has been ordered-if a capital offence; if punishable with imprisonment for life, or with imprisonment",bns,253,Harbouring offender who has escaped from custody or whose apprehension has been ordered,near-identical,0.8863
ipc,216A,Penalty for harbouring robbers or dacoits,bns,254,Penalty for harbouring robbers or dacoits,near-identical,0.95
ipc,216B,Repealed,bns,,,none,0.3539
ipc,217,Public servant disobeying direction of law with intent to save person from punishment or property from forfeiture,bns,255,Public servant disobeying direction of law with intent to save person from punishment or property from forfeiture,near-identical,1
ipc,218,Public servant framing incorrect record or writing with intent to save person from punishment or property from forfeiture,bns,256,Public servant framing incorrect record or writing with intent to save person from punishment or property from forfeiture,near-identical,1
ipc,219,"Public servant in judicial proceeding corruptly making report, etc., contrary to law",bns,257,"Public servant in judicial proceeding corruptly making report, etc., contrary to law",near-identical,1
ipc,220,Commitment for trial or confinement by person having authority who knows that he is acting contrary to law,bns,258,Commitment for trial or confinement by person having authority who knows that he is acting contrary to law,near-identical,1
ipc,221,Intentional omission to apprehend on the part of public servant bound to apprehend,bns,259,Intentional omission to apprehend on part of public servant bound to apprehend,near-identical,0.9684
ipc,222,Intentional omission to apprehend on the part of public servant bound to apprehend person under sentence or lawfully committed,bns,260,Intentional omission to apprehend on part of public servant bound to apprehend person under sentence or lawfully committed,near-identical,0.965
ipc,223,Escape from confinement or custody negligently suffered by public servant,bns,261,Escape from confinement or custody negligently suffered by public servant,near-identical,1
ipc,224,Resistance or obstruction by a person to his lawful apprehension,bns,262,Resistance or obstruction by a person to his lawful apprehension,near-identical,1
ipc,225,Resistance or obstruction to lawful apprehension of another person,bns,263,Resistance or obstruction to lawful apprehension of another person,near-identical,0.996
ipc,225A,"Omission to apprehend, or sufferance of escape, on part of public servant, in cases not otherwise, provided for",bns,264,"Omission to apprehend, or sufferance of escape, on part of public servant, in cases not otherwise provided for",near-identical,1
ipc,225B,"Resistance or obstruction to lawful apprehension, or escape or rescue in cases not otherwise provided for",bns,265,Resistance or obstruction to lawful apprehension or escape or rescue in cases not otherwise provided for,near-identical,0.95
ipc,226,Repealed,bns,,,none,0.1915
ipc,227,Violation of condition of remission of punishment,bns,266,Violation of condition of remission of punishment,near-identical,1
ipc,228,Intentional insult or interruption to public servant sitting in judicial proceeding,bns,267,Intentional insult or interruption to public servant sitting in judicial proceeding,near-identical,0.9843
ipc,228A,"Disclosure of identity of the victim of certain offences, etc",bns,72,"Disclosure of identity of victim of certain offences, etc",close,0.7651
ipc,229,Personation of a juror or assessor,bns,268,Personation of assessor,close,0.7869
ipc,230,"""Coin"" defined",bns,,,none,0.3437
ipc,231,Counterfeiting coin,bns,178,"Counterfeiting coin, Government stamps, currency-notes or bank-notes",close,0.7671
ipc,232,Counterfeiting Indian coin,bns,178,"Counterfeiting coin, Government stamps, currency-notes or bank-notes",close,0.7024
ipc,233,Making or selling instrument for counterfeiting coin,bns,181,"Making or possessing instruments or materials for forging or counterfeiting coin, Government stamp, currency-notes or bank-notes",close,0.706
ipc,234,Making or selling instrument for counterfeiting Indian coin,bns,181,"Making or possessing instruments or materials for forging or counterfeiting coin, Government stamp, currency-notes or bank-notes",close,0.7024
ipc,235,Possession of instrument or material for the purpose of using the same for counterfeiting coin,bns,181,"Making or possessing instruments or materials for forging or counterfeiting coin, Government stamp, currency-notes or bank-notes",weak,0.5434
ipc,236,Abetting in India the counterfeiting out of India of coin,bns,,,none,0.4154
ipc,237,Import or export of counterfeit coin,bns,179,"Using as genuine, forged or counterfeit coin, Government stamp, currency-notes or bank-notes",weak,0.5776
ipc,238,Import or export of counterfeits of the Indian coin,bns,179,"Using as genuine, forged or counterfeit coin, Government stamp, currency-notes or bank-notes",weak,0.5324
ipc,239,Delivery of coin possessed with knowledge that it is counterfeit,bns,,,none,0.3337
ipc,240,"Delivery of Indian coin, possessed with knowledge that it is counterfeit",bns,,,none,0.3623
ipc,241,"Delivery of coin as genuine, which, when first possessed, the deliverer did not know to be counterfeit",bns,,,none,0.3019
ipc,242,Possession of counterfeit coin by person who knew it to be counterfeit when he became possessed thereof,bns,,,none,0.3741
ipc,243,Possession of Indian coin by person who knew it to be counterfeit when he became possessed thereof,bns,,,none,0.3674
ipc,244,Person employed in mint causing coin to be of different weight or composition from that fixed by law,bns,187,Person employed in mint causing coin to be of different weight or composition from that fixed by law,near-identical,1
ipc,245,Unlawfully taking coining instrument from mint,bns,188,Unlawfully taking coining instrument from mint,near-identical,0.95
ipc,246,Fraudulently or dishonestly diminishing weight or altering composition of coin,bns,,,none,0.3677
ipc,247,Fraudulently or dishonestly diminishing weight or altering composition of Indian coin,bns,,,none,0.4377
ipc,248,Altering appearance of coin with intent that it shall pass as coin of different description,bns,178,"Counterfeiting coin, Government stamps, currency-notes or bank-notes",weak,0.4688
ipc,249,Altering appearance of Indian coin with intent that it shall pass as coin of different description,bns,,,none,0.437
ipc,250,Delivery of coin possessed with knowledge that it is altered,bns,,,none,0.3354
ipc,251,"Delivery of Indian coin, possessed with knowledge that it is altered",bns,,,none,0.3343
ipc,252,Possession of coin by person who knew it to be altered when he became possessed thereof,bns,,,none,0.3416
ipc,253,Possession of Indian coin by person who knew it to be altered when he became possessed thereof,bns,,,none,0.3424
ipc,254,"Delivery of coin as genuine which, when first possessed, the deliverer did not know to be altered",bns,,,none,0.2526
ipc,255,Counterfeiting Government stamp,bns,178,"Counterfeiting coin, Government stamps, currency-notes or bank-notes",close,0.7334
ipc,256,Having possession of instrument or material for counterfeiting Government stamp,bns,181,"Making or possessing instruments or materials for forging or counterfeiting coin, Government stamp, currency-notes or bank-notes",close,0.7256
ipc,257,Making or selling instrument for counterfeiting Government stamp,bns,181,"Making or possessing instruments or materials for forging or counterfeiting coin, Government stamp, currency-notes or bank-notes",close,0.7534
ipc,258,Sale of counterfeit Government stamp,bns,181,"Making or possessing instruments or materials for forging or counterfeiting coin, Government stamp, currency-notes or bank-notes",weak,0.5622
ipc,259,Having possession of counterfeit Government stamp,bns,180,"Possession of forged or counterfeit coin, Government stamp, currency-notes or bank-notes",weak,0.5497
ipc,260,Using as genuine a Government stamp known to be counterfeit,bns,184,Using Government stamp known to have been before used,close,0.6307
ipc,261,"Effacing writing from substance bearing Government stamp, or removing from document a stamp used for it, with intent to cause loss to Government",bns,183,"Effacing writing from substance bearing Government stamp, or removing from document a stamp used for it, with intent to cause loss to Government",near-identical,1
ipc,262,Using Government stamp known to have been before used,bns,184,Using Government stamp known to have been before used,near-identical,1
ipc,263,Erasure of mark denoting that stamp has been used,bns,185,Erasure of mark denoting that stamp has been used,near-identical,1
ipc,263A,Prohibition of fictitious stamps,bns,186,Prohibition of fictitious stamps,near-identical,0.95
ipc,264,Fraudulent use of false instrument for weighing,bns,217,"False information, with intent to cause public servant to use his lawful power to injury of another person",weak,0.4517
ipc,265,Fraudulent use of false weight or measure,bns,,,none,0.2735
ipc,266,Being in possession of false weight or measure,bns,,,none,0.3
ipc,267,Making or selling false weight or measure,bns,,,none,0.3161
ipc,268,Public nuisance,bns,270,Public nuisance,near-identical,1
ipc,269,Negligent act likely to spread infection of disease dangerous to life,bns,271,Negligent act likely to spread infection of disease dangerous to life,near-identical,1
ipc,270,Malignant act likely to spread infection of disease dangerous to life,bns,272,Malignant act likely to spread infection of disease dangerous to life,near-identical,1
ipc,271,Disobedience to quarantine rule,bns,273,Disobedience to quarantine rule,near-identical,0.95
ipc,272,Adulteration of food or drink intended for sale,bns,274,Adulteration of food or drink intended for sale,near-identical,0.9916
ipc,273,Sale of noxious food or drink,bns,275,Sale of noxious food or drink,near-identical,0.9913
ipc,274,Adulteration of drugs,bns,276,Adulteration of drugs,near-identical,0.9807
ipc,275,Sale of adulterated drugs,bns,277,Sale of adulterated drugs,near-identical,0.993
ipc,276,Sale of drug as a different drug or preparation,bns,278,Sale of drug as a different drug or preparation,near-identical,0.9891
ipc,277,Fouling water of public spring or reservoir,bns,279,Fouling water of public spring or reservoir,near-identical,0.961
ipc,278,Making atmosphere noxious to health,bns,280,Making atmosphere noxious to health,near-identical,0.9668
ipc,279,Rash driving or riding on a public way,bns,281,Rash driving or riding on a public way,near-identical,1
ipc,280,Rash navigation of vessel,bns,282,Rash navigation of vessel,near-identical,0.9833
ipc,281,"Exhibition of false light, mark or buoy",bns,283,"Exhibition of false light, mark or buoy",near-identical,0.9555
ipc,282,Conveying person by water for hire in unsafe or overloaded vessel,bns,284,Conveying person by water for hire in unsafe or overloaded vessel,near-identical,0.9848
ipc,283,Danger or obstruction in public way or line of navigation,bns,285,Danger or obstruction in public way or line of navigation,near-identical,0.953
ipc,284,Negligent conduct with respect to poisonous substance,bns,286,Negligent conduct with respect to poisonous substance,near-identical,0.9921
ipc,285,Negligent conduct with respect to fire or combustible matter,bns,287,Negligent conduct with respect to fire or combustible matter,near-identical,0.9939
ipc,286,Negligent conduct with respect to explosive substance,bns,288,Negligent conduct with respect to explosive substance,near-identical,0.9908
ipc,287,Negligent conduct with respect to machinery.--,bns,289,Negligent conduct with respect to machinery,near-identical,0.9912
ipc,288,Negligent conduct with respect to pulling down or repairing buildings,bns,290,"Negligent conduct with respect to pulling down, repairing or constructing buildings, etc",near-identical,0.9046
ipc,289,Negligent conduct with respect to animal,bns,291,Negligent conduct with respect to animal,near-identical,0.9511
ipc,290,Punishment for public nuisance in cases not otherwise provided for,bns,292,Punishment for public nuisance in cases not otherwise provided for,near-identical,0.95
ipc,291,Continuance of nuisance after injunction to discontinue,bns,293,Continuance of nuisance after injunction to discontinue,near-identical,0.9804
ipc,292,"Sale, etc., of obscene books, etc",bns,294,"Sale, etc., of obscene books, etc",near-identical,0.9851
ipc,293,"Sale, etc., of obscene objects to young person",bns,295,"Sale, etc., of obscene objects to child",near-identical,0.876
ipc,294,Obscene acts and songs,bns,296,Obscene acts and songs,near-identical,0.9824
ipc,294A,Keeping lottery office,bns,297,Keeping lottery office,near-identical,0.9264
ipc,295,"Injuring or defiling place of worship, with intent to insult the religion of any class",bns,298,Injuring or defiling place of worship with intent to insult religion of any class,near-identical,0.9174
ipc,295A,Deliberate and malicious acts intended to outrage religious feelings of any class by insulting its religion or religious beliefs,bns,299,"Deliberate and malicious acts, intended to outrage religious feelings of any class by insulting its religion or religious beliefs",near-identical,0.9721
ipc,296,Disturbing religious assembly,bns,300,Disturbing religious assembly,near-identical,1
ipc,297,"Trespassing on burial places, etc",bns,301,"Trespassing on burial places, etc",near-identical,0.9696
ipc,298,"Uttering words, etc., with deliberate intent to wound religious feelings",bns,302,"Uttering words, etc., with deliberate intent to wound religious feelings of any person",close,0.7817
ipc,299,Culpable homicide,bns,100,Culpable homicide,near-identical,1
ipc,300,Murder,bns,101,Murder,near-identical,0.9823
ipc,301,Culpable homicide by causing death of person other than person whose death was intended,bns,102,Culpable homicide by causing death of person other than person whose death was intended,near-identical,1
ipc,302,Punishment for murder,bns,103,Punishment for murder,near-identical,0.9
ipc,303,Punishment for murder by life-convict,bns,104,Punishment for murder by life-convict,near-identical,0.95
ipc,304,Punishment for culpable homicide not amounting to murder,bns,105,Punishment for culpable homicide not amounting to murder,near-identical,0.9824
ipc,304A,Causing death by negligence,bns,106,Causing death by negligence,near-identical,0.95
ipc,304B,Dowry death,bns,80,Dowry death,near-identical,1
ipc,305,Abetment of suicide of child or insane person,bns,107,Abetment of suicide of child or person of unsound mind,close,0.7045
ipc,306,Abetment of suicide,bns,108,Abetment of suicide,near-identical,1
ipc,307,Attempt to murder,bns,109,Attempt to murder,near-identical,0.9464
ipc,308,Attempt to commit culpable homicide,bns,110,Attempt to commit culpable homicide,near-identical,0.986
ipc,309,Attempt to commit suicide,bns,226,Attempt to commit suicide to compel or restrain exercise of lawful power,weak,0.5717
ipc,310,Thug,bns,,,none,0.2345
ipc,311,Punishment,bns,,,none,0.2677
ipc,312,Causing miscarriage,bns,88,Causing miscarriage,near-identical,0.9644
ipc,313,Causing miscarriage without woman's consent,bns,89,Causing miscarriage without woman's consent,near-identical,0.95
ipc,314,Death caused by act done with intent to cause miscarriage,bns,90,Death caused by act done with intent to cause miscarriage,near-identical,0.95
ipc,315,Act done with intent to prevent child being born alive or to cause it to die after birth,bns,91,Act done with intent to prevent child being born alive or to cause to die after birth,near-identical,1
ipc,316,Causing death of quick unborn child by act amounting to culpable homicide,bns,92,Causing death of quick unborn child by act amounting to culpable homicide,near-identical,1
ipc,317,"Exposure and abandonment of child under twelve years, by parent or person having care of it",bns,93,"Exposure and abandonment of child under twelve years of age, by parent or person having care of it",near-identical,0.9867
ipc,318,Concealment of birth by secret disposal of dead body,bns,94,Concealment of birth by secret disposal of dead body,near-identical,0.95
ipc,319,Hurt,bns,114,Hurt,near-identical,1
ipc,320,Grievous hurt,bns,116,Grievous hurt,near-identical,0.9303
ipc,321,Voluntarily causing hurt,bns,115,Voluntarily causing hurt,near-identical,0.9
ipc,322,Voluntarily causing grievous hurt,bns,117,Voluntarily causing grievous hurt,near-identical,0.95
ipc,323,Punishment for voluntarily causing hurt,bns,115,Voluntarily causing hurt,near-identical,0.8804
ipc,324,Voluntarily causing hurt by dangerous weapons or means,bns,118,Voluntarily causing hurt or grievous hurt by dangerous weapons or means,near-identical,0.9105
ipc,325,Punishment for voluntarily causing grievous hurt,bns,117,Voluntarily causing grievous hurt,near-identical,0.8855
ipc,326,Voluntarily causing grievous hurt by dangerous weapons or means,bns,118,Voluntarily causing hurt or grievous hurt by dangerous weapons or means,near-identical,0.9314
ipc,327,"Voluntarily causing hurt to extort property, or to constrain to an illegal to an act",bns,119,"Voluntarily causing hurt or grievous hurt to extort property, or to constrain to an illegal act",near-identical,0.931
ipc,328,"Causing hurt by means of poison, etc., with intent to commit and offence",bns,123,"Causing hurt by means of poison, etc., with intent to commit an offence",near-identical,1
ipc,329,"Voluntarily causing grievous hurt to extort property, or to constrain to an illegal act",bns,119,"Voluntarily causing hurt or grievous hurt to extort property, or to constrain to an illegal act",near-identical,0.9558
ipc,330,Voluntarily causing hurt to extort confession or to compel restoration of property,bns,120,"Voluntarily causing hurt or grievous hurt to extort confession, or to compel restoration of property",near-identical,0.9254
ipc,331,"Voluntarily causing grievous hurt to extort confession, or to compel restoration of property",bns,120,"Voluntarily causing hurt or grievous hurt to extort confession, or to compel restoration of property",near-identical,0.8972
ipc,332,Voluntarily causing hurt to deter public servant from his duty,bns,121,Voluntarily causing hurt or grievous hurt to deter public servant from his duty,near-identical,0.9481
ipc,333,Voluntarily causing grievous hurt to deter public servant from his duty,bns,121,Voluntarily causing hurt or grievous hurt to deter public servant from his duty,near-identical,0.974
ipc,334,Voluntarily causing hurt on provocation,bns,122,Voluntarily causing hurt or grievous hurt on provocation,near-identical,0.8869
ipc,335,Voluntarily causing grievous hurt on provocation,bns,122,Voluntarily causing hurt or grievous hurt on provocation,near-identical,0.8585
ipc,336,Act endangering life or personal safety of others,bns,125,Act endangering life or personal safety of others,near-identical,0.95
ipc,337,Causing hurt by act endangering life or personal safety of others,bns,125,Act endangering life or personal safety of others,close,0.8149
ipc,338,Causing grievous hurt by act endangering life or personal safety of others,bns,125,Act endangering life or personal safety of others,close,0.6905
ipc,339,Wrongful restraint,bns,126,Wrongful restraint,near-identical,0.9709
ipc,340,Wrongful confinement,bns,127,Wrongful confinement,near-identical,0.9
ipc,341,Punishment for wrongful restraint,bns,126,Wrongful restraint,close,0.8158
ipc,342,Punishment for wrongful confinement,bns,127,Wrongful confinement,close,0.8189
ipc,343,Wrongful confinement for three or more days,bns,127,Wrongful confinement,close,0.8024
ipc,344,Wrongful confinement for ten or more days,bns,127,Wrongful confinement,close,0.8079
ipc,345,Wrongful confinement of person for whose liberation writ has been issued,bns,127,Wrongful confinement,close,0.7828
ipc,346,Wrongful confinement in secret,bns,127,Wrongful confinement,close,0.8459
ipc,347,"Wrongful confinement to extort property, or constrain to illegal act",bns,127,Wrongful confinement,close,0.8045
ipc,348,"Wrongful confinement to extort confession, or compel restoration of property",bns,127,Wrongful confinement,close,0.7536
ipc,349,Force,bns,128,Force,near-identical,0.9707
ipc,350,Criminal force,bns,129,Criminal force,near-identical,1
ipc,351,Assault,bns,130,Assault,near-identical,1
ipc,352,Punishment for assault or criminal force otherwise than on grave provocation,bns,131,Punishment for assault or criminal force otherwise than on grave provocation,near-identical,0.9875
ipc,353,Assault or criminal force to deter public servant from discharge of his duty,bns,132,Assault or criminal force to deter public servant from discharge of his duty,near-identical,1
ipc,354,Assault or criminal force to woman with intent to outrage her modesty,bns,74,Assault or use of criminal force to woman with intent to outrage her modesty,near-identical,0.8757
ipc,355,"Assault or criminal force with intent to dishonour person, otherwise than on grave provocation",bns,133,"Assault or criminal force with intent to dishonour person, otherwise than on grave provocation",near-identical,1
ipc,356,Assault or criminal force in attempt to commit theft of property carried by a person,bns,134,Assault or criminal force in attempt to commit theft of property carried by a person,near-identical,1
ipc,357,Assault or criminal force in attempt wrongfully to confine a person,bns,135,Assault or criminal force in attempt to wrongfully confine a person,near-identical,0.9785
ipc,358,Assault or criminal force on grave provocation,bns,136,Assault or criminal force on grave provocation,near-identical,0.95
ipc,359,Kidnapping,bns,137,Kidnapping,near-identical,0.9
ipc,360,Kidnapping from India,bns,137,Kidnapping,close,0.7833
ipc,361,Kidnapping from lawful guardianship,bns,137,Kidnapping,close,0.6685
ipc,362,Abduction,bns,138,Abduction,near-identical,1
ipc,363,Punishment for kidnapping,bns,137,Kidnapping,near-identical,0.8661
ipc,363A,Kidnapping or maiming a minor for purposes of begging,bns,139,Kidnapping or maiming a child for purposes of begging,close,0.8224
ipc,364,Kidnapping or abducting in order to murder,bns,140,"Kidnapping or abducting in order to murder or for ransom, etc",close,0.8288
ipc,364A,"Kidnappin for ransom, etc",bns,140,"Kidnapping or abducting in order to murder or for ransom, etc",close,0.7415
ipc,365,Kidnapping or abducting with intent secretly and wrongfully to confine person,bns,140,"Kidnapping or abducting in order to murder or for ransom, etc",close,0.7614
ipc,366,"Kidnapping, abducting or inducing woman to compel her marriage, etc",bns,87,"Kidnapping, abducting or inducing woman to compel her marriage, etc",near-identical,1
ipc,366A,Procuration of minor girl,bns,96,Procuration of child,close,0.6394
ipc,366B,Importation of girl from foreign country,bns,141,Importation of girl or boy from foreign country,close,0.7744
ipc,367,"Kidnapping or abducting in order to subject person to grievous hurt, slavery, etc",bns,140,"Kidnapping or abducting in order to murder or for ransom, etc",close,0.7959
ipc,368,"Wrongfully concealing or keeping in confinement, kidnapped or abducted person",bns,142,"Wrongfully concealing or keeping in confinement, kidnapped or abducted person",near-identical,1
ipc,369,Kidnapping or abducting child under ten years with intent to steal from its person,bns,97,Kidnapping or abducting child under ten years of age with intent to steal from its person,near-identical,0.981
ipc,370,Buying or disposing of any person as a slave,bns,,,none,0.3593
ipc,371,Habitual dealing in slaves,bns,145,Habitual dealing in slaves,near-identical,1
ipc,372,"Selling minor for purposes of prostitution, etc",bns,98,"Selling child for purposes of prostitution, etc",near-identical,0.9374
ipc,373,"Buying minor for purposes of prostitution, etc",bns,99,"Buying child for purposes of prostitution, etc",near-identical,0.9181
ipc,374,Unlawful compulsory labour,bns,146,Unlawful compulsory labour,near-identical,0.9276
ipc,375,Rape,bns,63,Rape,close,0.7636
ipc,376,Punishment for rape,bns,64,Punishment for rape,close,0.7536
ipc,376A,Intercourse by a man with his wife during separation,bns,67,Sexual intercourse by husband upon his wife during separation,close,0.7215
ipc,376B,Intercourse by public servant with woman in his custody,bns,68,Sexual intercourse by a person in authority,weak,0.5529
ipc,376C,"Intercourse by superintendent of jail, remand home, etc",bns,68,Sexual intercourse by a person in authority,close,0.6324
ipc,376D,Intercourse by any member of the management or staff of a hospital with any woman in that hospital,bns,68,Sexual intercourse by a person in authority,weak,0.5709
ipc,377,Unnatural offences,bns,,,none,0.3695
ipc,378,Theft,bns,303,Theft,near-identical,0.9504
ipc,379,Punishment for theft,bns,303,Theft,near-identical,0.8674
ipc,380,"Theft in dwelling house, etc",bns,305,"Theft in a dwelling house, or means of transportation or place of worship, etc",close,0.8275
ipc,381,Theft by clerk or servant of property in possession of master,bns,306,Theft by clerk or servant of property in possession of master,near-identical,1
ipc,382,"Theft after preparation made for causing death, hurt or restraint in order to the committing of the theft",bns,307,"Theft after preparation made for causing death, hurt or restraint in order to committing of theft",near-identical,0.9944
ipc,383,Extortion,bns,308,Extortion,near-identical,0.8701
ipc,384,Punishment for extortion,bns,308,Extortion,close,0.7937
ipc,385,Putting person in fear of injury in order to commit extortion,bns,308,Extortion,close,0.7838
ipc,386,Extortion by putting a person in fear of death or grievous hurt,bns,308,Extortion,close,0.7869
ipc,387,"Putting person in fear of death or of grievous hurt, in order to commit extortion",bns,308,Extortion,close,0.778
ipc,388,"Extortion by threat of accusation of an offence punishable with death or imprisonment for life, etc",bns,308,Extortion,close,0.7398
ipc,389,"Putting person in fear or accusation of offence, in order to commit extortion",bns,308,Extortion,close,0.7015
ipc,390,Robbery,bns,309,Robbery,near-identical,0.9534
ipc,391,Dacoity,bns,310,Dacoity,near-identical,0.9
ipc,392,Punishment for robbery,bns,309,Robbery,near-identical,0.8704
ipc,393,Attempt to commit robbery,bns,309,Robbery,close,0.8288
ipc,394,Voluntarily causing hurt in committing robbery,bns,309,Robbery,close,0.8042
ipc,395,Punishment for dacoity,bns,310,Dacoity,near-identical,0.8688
ipc,396,Dacoity with murder,bns,310,Dacoity,close,0.8435
ipc,397,"Robbery or dacoity, with attempt to cause death or grievous hurt",bns,311,"Robbery, or dacoity, with attempt to cause death or grievous hurt",near-identical,1
ipc,398,Attempt to commit robbery or dacoity when armed with deadly weapon,bns,312,Attempt to commit robbery or dacoity when armed with deadly weapon,near-identical,1
ipc,399,Making preparation to commit dacoity,bns,310,Dacoity,close,0.8088
ipc,400,Punishment for belonging to gang of dacoits,bns,313,"Punishment for belonging to gang of robbers, etc",weak,0.6013
ipc,401,Punishment for belonging to gang of thieves,bns,313,"Punishment for belonging to gang of robbers, etc",close,0.7021
ipc,402,Assembling for purpose of committing dacoity,bns,310,Dacoity,weak,0.5422
ipc,403,Dishonest misappropriation of property,bns,314,Dishonest misappropriation of property,near-identical,0.9939
ipc,404,Dishonest misappropriation of property possessed by deceased person at the time of his death,bns,315,Dishonest misappropriation of property possessed by deceased person at the time of his death,near-identical,0.9783
ipc,405,Criminal breach of trust,bns,316,Criminal breach of trust,near-identical,0.9614
ipc,406,Punishment for criminal breach of trust,bns,316,Criminal breach of trust,close,0.8287
ipc,407,"Criminal breach of trust by carrier, etc",bns,316,Criminal breach of trust,close,0.8494
ipc,408,Criminal breach of trust by clerk or servant,bns,316,Criminal breach of trust,near-identical,0.8571
ipc,409,"Criminal breach of trust by public servant, or by banker, merchant or agent",bns,316,Criminal breach of trust,close,0.7555
ipc,410,Stolen property,bns,317,Stolen property,near-identical,0.9
ipc,411,Dishonestly receiving stolen property,bns,317,Stolen property,close,0.8264
ipc,412,Dishonestly receiving property stolen in the commission of a dacoity,bns,317,Stolen property,close,0.7989
ipc,413,Habitually dealing in stolen property,bns,317,Stolen property,close,0.8137
ipc,414,Assisting in concealment of stolen property,bns,317,Stolen property,close,0.8191
ipc,415,Cheating,bns,318,Cheating,near-identical,0.9565
ipc,416,Cheating by personation,bns,319,Cheating by personation,near-identical,0.9898
ipc,417,Punishment for cheating,bns,319,Cheating by personation,close,0.7226
ipc,418,Cheating with knowledge that wrongful loss may ensue to person whose interest offender is bound to protect,bns,318,Cheating,close,0.757
ipc,419,Punishment for cheating by personation,bns,319,Cheating by personation,close,0.8143
ipc,420,Cheating and dishonestly inducing delivery of property,bns,318,Cheating,close,0.6931
ipc,421,Dishonest or fraudulent removal or concealment of property to prevent distribution among creditors,bns,320,Dishonest or fraudulent removal or concealment of property to prevent distribution among creditors,near-identical,0.9813
ipc,422,Dishonestly or fraudulently preventing debt being available for creditors,bns,321,Dishonestly or fraudulently preventing debt being available for creditors,near-identical,1
ipc,423,Dishonest or fraudulent execution of deed of transfer containing false statement of consideration,bns,322,Dishonest or fraudulent execution of deed of transfer containing false statement of consideration,near-identical,0.9929
ipc,424,Dishonest or fraudulent removal or concealment of property,bns,323,Dishonest or fraudulent removal or concealment of property,near-identical,0.9715
ipc,425,Mischief,bns,324,Mischief,near-identical,0.9416
ipc,426,Punishment for mischief,bns,324,Mischief,close,0.7872
ipc,427,Mischief causing damage to the amount of fifty rupees,bns,324,Mischief,close,0.7016
ipc,428,Mischief by killing or maiming animal of the value of ten rupees,bns,325,Mischief by killing or maiming animal,close,0.799
ipc,429,"Mischief by killing or maiming cattle, etc., of any value or any animal of the value of fifty rupees",bns,325,Mischief by killing or maiming animal,weak,0.5481
ipc,430,water,bns,326,"Mischief by injury, inundation, fire or explosive substance, etc",weak,0.587
ipc,431,"Mischief by injury to public road, bridge, river or channel",bns,326,"Mischief by injury, inundation, fire or explosive substance, etc",close,0.7413
ipc,432,Mischief by causing inundation or obstruction to public drainage attended with damage,bns,326,"Mischief by injury, inundation, fire or explosive substance, etc",close,0.7584
ipc,433,"Mischief by destroying, moving or rendering less useful a light-house or sea-mark",bns,326,"Mischief by injury, inundation, fire or explosive substance, etc",weak,0.495
ipc,434,"Mischief by destroying or moving, etc., a land-mark fixed by public authority",bns,326,"Mischief by injury, inundation, fire or explosive substance, etc",close,0.731
ipc,435,Mischief by fire or explosive substance with intent to cause damage to amount of one hundred or (in case of agricultural produce) ten rupees,bns,326,"Mischief by injury, inundation, fire or explosive substance, etc",weak,0.6161
ipc,436,"Mischief by fire or explosive substance with intent to destroy house, etc",bns,326,"Mischief by injury, inundation, fire or explosive substance, etc",close,0.6812
ipc,437,Mischief with intent to destroy or make unsafe a decked vessel or one of twenty tons burden,bns,327,"Mischief with intent to destroy or make unsafe a rail, aircraft, decked vessel or one of twenty tons burden",close,0.7736
ipc,438,Punishment for the mischief described in section 437 committed by fire or explosive substance,bns,327,"Mischief with intent to destroy or make unsafe a rail, aircraft, decked vessel or one of twenty tons burden",weak,0.6064
ipc,439,"Punishment for intentionally running vessel aground or ashore with intent to commit theft, etc",bns,328,"Punishment for intentionally running vessel aground or ashore with intent to commit theft, etc",near-identical,1
ipc,440,Mischief committed after preparation made for causing death or hurt,bns,324,Mischief,close,0.7095
ipc,441,Criminal trespass,bns,329,Criminal trespass and house-trespass,near-identical,0.8732
ipc,442,House-trespass,bns,329,Criminal trespass and house-trespass,near-identical,0.8763
ipc,443,Lurking house-trespass,bns,330,House-trespass and hous-ebreaking,close,0.7826
ipc,444,Lurking house-trespass by night,bns,331,Punishment for house-trespass or house-breaking,close,0.6548
ipc,445,House-breaking,bns,330,House-trespass and hous-ebreaking,close,0.7768
ipc,446,House-breaking by night,bns,331,Punishment for house-trespass or house-breaking,close,0.6575
ipc,447,Punishment for criminal trespass,bns,329,Criminal trespass and house-trespass,close,0.7809
ipc,448,Punishment for house-trespass,bns,329,Criminal trespass and house-trespass,near-identical,0.8561
ipc,449,House-trespass in order to commit offence punishable with death,bns,332,House-trespass in order to commit offence,near-identical,0.8707
ipc,450,House-trespass in order to commit offence punishable with imprisonment for life,bns,332,House-trespass in order to commit offence,near-identical,0.8576
ipc,451,House-trespass in order to commit offence punishable with imprisonment,bns,332,House-trespass in order to commit offence,near-identical,0.8691
ipc,452,"House-trespass alter preparation for hurt, assault or wrongful restraint",bns,333,"House-trespass after preparation for hurt, assault or wrongful restraint",near-identical,0.9518
ipc,453,Punishment for lurking house-trespass or house-breaking,bns,331,Punishment for house-trespass or house-breaking,near-identical,0.8789
ipc,454,Lurking house-trespass or house-breaking in order to commit offence punishable with imprisonment,bns,331,Punishment for house-trespass or house-breaking,close,0.8294
ipc,455,"Lurking house-trespass or house-breaking after preparation for hurt, assault or wrongful restraint",bns,333,"House-trespass after preparation for hurt, assault or wrongful restraint",near-identical,0.9065
ipc,456,Punishment for lurking house-trespass or house-breaking by night,bns,331,Punishment for house-trespass or house-breaking,close,0.7415
ipc,457,Lurking house-trespass or house-breaking by night in order to commit offence punishable with imprisonment,bns,331,Punishment for house-trespass or house-breaking,close,0.7516
ipc,458,"Lurking house-trespass or house-breaking by night after preparation for hurt, assault, or wrongful restraint",bns,333,"House-trespass after preparation for hurt, assault or wrongful restraint",close,0.8299
ipc,459,Grievous hurt caused whilst committing lurking house-trespass or house-breaking,bns,331,Punishment for house-trespass or house-breaking,close,0.7906
ipc,460,All persons jointly concerned in lurking house-trespass or house- breaking by night punishable where death or grievous hurt caused by one of them,bns,331,Punishment for house-trespass or house-breaking,close,0.6474
ipc,461,Dishonestly breaking open receptacle containing property,bns,334,Dishonestly breaking open receptacle containing property,near-identical,0.9701
ipc,462,Punishment for same offence when committed by person entrusted with custody,bns,334,Dishonestly breaking open receptacle containing property,weak,0.5264
ipc,463,Forgery,bns,336,Forgery,near-identical,0.9
ipc,464,Making a false document,bns,335,Making a false document,near-identical,0.9587
ipc,465,Punishment for forgery,bns,336,Forgery,near-identical,0.8681
ipc,466,"Forgery of record of Court or of public register, etc",bns,337,"Forgery of record of Court or of public register, etc",near-identical,0.95
ipc,467,"Forgery of valuable security, will, etc",bns,338,"Forgery of valuable security, will, etc",near-identical,1
ipc,468,Forgery for purpose of cheating,bns,336,Forgery,close,0.8092
ipc,469,Forgery for purpose of harming reputation,bns,336,Forgery,close,0.7821
ipc,470,Forged document,bns,340,Forged document or electronic record and using it as genuine,close,0.8097
ipc,471,Using as genuine a forged document,bns,340,Forged document or electronic record and using it as genuine,near-identical,0.8544
ipc,472,"Making or possessing counterfeit seal, etc., with intent to commit forgery punishable under section 467",bns,341,"Making or possessing counterfeit seal, etc., with intent to commit forgery punishable under section 338",near-identical,0.95
ipc,473,"Making or possessing counterfeit seal, etc., with intent to commit forgery punishable otherwise",bns,341,"Making or possessing counterfeit seal, etc., with intent to commit forgery punishable under section 338",near-identical,0.9197
ipc,474,"Having possession of document described in section 466 or 467, knowing it to be forged and intending to use it genuine",bns,339,"Having possession of document described in section 337 or section 338, knowing it to be forged and intending to use it as genuine",near-identical,0.9052
ipc,475,"Counterfeiting device or mark used for authenticating documents described in section 467, or possessing counterfeit marked material",bns,342,"Counterfeiting device or mark used for authenticating documents described in section 338, or possessing counterfeit marked material",near-identical,0.9744
ipc,476,"Counterfeiting device or mark used for authenticating documents other than those described in section 467, or possessing counterfeit marked material",bns,342,"Counterfeiting device or mark used for authenticating documents described in section 338, or possessing counterfeit marked material",near-identical,0.972
ipc,477,"Fraudulent cancellation, destruction, etc., of will, authority to adopt, or valuable security",bns,343,"Fraudulent cancellation, destruction, etc., of will, authority to adopt, or valuable security",near-identical,1
ipc,477A,Falsification of accounts,bns,344,Falsification of accounts,near-identical,0.9291
ipc,478,Repealed,bns,,,none,0.2795
ipc,479,Property mark,bns,345,Property mark,near-identical,0.9
ipc,480,Repealed,bns,,,none,0.2608
ipc,481,Using a false property mark,bns,345,Property mark,close,0.8439
ipc,482,Punishment for using a false property mark,bns,345,Property mark,close,0.8266
ipc,483,Counterfeiting a property mark used by another,bns,347,Counterfeiting a property mark,close,0.8376
ipc,484,Counterfeiting a mark used by a public servant,bns,347,Counterfeiting a property mark,near-identical,0.8846
ipc,485,Making or possession of any instrument for counterfeiting a property mark,bns,348,Making or possession of any instrument for counterfeiting a property mark,near-identical,0.9702
ipc,486,Selling goods marked with a counterfeit property mark,bns,349,Selling goods marked with a counterfeit property mark,near-identical,1
ipc,487,Making a false mark upon any receptacle containing goods,bns,350,Making a false mark upon any receptacle containing goods,near-identical,0.9504
ipc,488,Punishment for making use of any such false mark,bns,350,Making a false mark upon any receptacle containing goods,close,0.6575
ipc,489,Tampering with property mark with intent to cause injury,bns,346,Tampering with property mark with intent to cause injury,near-identical,0.95
ipc,489A,Counterfeiting currency-notes or bank-notes,bns,178,"Counterfeiting coin, Government stamps, currency-notes or bank-notes",close,0.8486
ipc,489B,"Using as genuine, forged or counterfeit currency-notes or bank-notes",bns,179,"Using as genuine, forged or counterfeit coin, Government stamp, currency-notes or bank-notes",close,0.7894
ipc,489C,Possession of forged or counterfeit currency-notes or bank-note,bns,180,"Possession of forged or counterfeit coin, Government stamp, currency-notes or bank-notes",close,0.7842
ipc,489D,Making or possessing instruments or materials for forging or counterfeiting currency notes or bank-notes,bns,181,"Making or possessing instruments or materials for forging or counterfeiting coin, Government stamp, currency-notes or bank-notes",near-identical,0.8836
ipc,489E,Making or using documents resembling currency-notes or bank-notes,bns,182,Making or using documents resembling currency-notes or bank-notes,near-identical,0.95
ipc,490,,bns,,,none,0.2193
ipc,491,Breach of contract to attend on and supply wants of helpless person,bns,357,Breach of contract to attend on and supply wants of helpless person,near-identical,0.979
ipc,492,,bns,,,none,0.2458
ipc,493,Cohabitation caused by a man deceitfully inducing a belief of lawful marriage,bns,81,Cohabitation caused by man deceitfully inducing belief of lawful marriage,near-identical,1
ipc,494,Marrying again during lifetime of husband or wife,bns,82,Marrying again during lifetime of husband or wife,near-identical,0.9729
ipc,495,Same offence with concealment of former marriage from person with whom subsequent marriage is contracted,bns,82,Marrying again during lifetime of husband or wife,weak,0.5843
ipc,496,Marriage ceremony fraudulently gone through without lawful marriage,bns,83,Marriage ceremony fraudulently gone through without lawful marriage,near-identical,1
ipc,497,Adultery,bns,,,none,0.3816
ipc,498,Enticing or taking away or detaining with criminal intent a married woman,bns,84,Enticing or taking away or detaining with criminal intent a married woman,near-identical,0.95
ipc,498A,Husband or relative of husband of a woman subjecting her to cruelty,bns,85,Husband or relative of husband of a woman subjecting her to cruelty,near-identical,0.95
ipc,499,Defamation,bns,356,Defamation,near-identical,0.944
ipc,500,Punishment for defamation,bns,356,Defamation,near-identical,0.877
ipc,501,Printing or engraving matter known to be defamatory,bns,356,Defamation,close,0.7
ipc,502,Sale of printed or engraved substance containing defamatory matter,bns,,,none,0.445
ipc,503,Criminal intimidation,bns,351,Criminal intimidation,near-identical,0.9
ipc,504,Intentional insult with intent to provoke breach of the peace,bns,352,Intentional insult with intent to provoke breach of peace,near-identical,0.9873
ipc,505,Statements conducing public mischief,bns,353,Statements conducing to public mischief,near-identical,0.9309
ipc,506,Punishment for criminal intimidation,bns,351,Criminal intimidation,close,0.83
ipc,507,Criminal intimidation by an anonymous communication,bns,351,Criminal intimidation,close,0.7578
ipc,508,Act caused by inducing person to believe that he will be rendered an object of the Divine displeasure,bns,354,Act caused by inducing person to believe that he will be rendered an object of Divine displeasure,near-identical,0.9795
ipc,509,"Word, gesture or act intended to insult the modesty of a woman",bns,79,"Word, gesture or act intended to insult modesty of a woman",near-identical,0.9557
ipc,510,Misconduct in public by a drunken person,bns,355,Misconduct in public by a drunken person,near-identical,0.95
ipc,511,Punishment for attempting to commit offences punishable with imprisonment for life or other imprisonment,bns,62,Punishment for attempting to commit offences punishable with imprisonment for life or other imprisonment,near-identical,1
